{"type":"FeatureCollection", "features": [
{"type":"Feature","geometry":{"type":"MultiPolygon","coordinates":[[[[124.450531,-9.18019],[124.310066,-9.488722],[124.03004,-9.341974],[123.688813,-9.611423],[123.515391,-10.335545],[123.826345,-10.363946],[124.122406,-10.17254],[124.418468,-10.163832],[124.970714,-9.662367],[125.061615,-9.485772],[124.919507,-8.962016],[124.450531,-9.18019]]],[[[117.567149,4.159654],[117.164662,4.333147],[116.494109,4.324853],[115.878849,4.352139],[115.646925,4.169101],[115.464094,3.030824],[115.242092,3.041624],[115.066909,2.828201],[115.126543,2.47923],[114.778761,2.247202],[114.831988,1.902521],[114.500638,1.436037],[113.909667,1.442471],[113.649528,1.233259],[113.089045,1.431335],[113.023416,1.537013],[112.470478,1.567657],[112.180057,1.449034],[112.100061,1.154918],[111.823076,1.008467],[111.351787,1.013893],[111.197584,1.075233],[110.852696,0.997201],[110.553903,0.85137],[110.256556,1.039059],[109.677264,1.572851],[109.528436,1.889989],[109.645274,2.083238],[109.340994,1.935533],[109.34783,1.809556],[109.095958,1.560614],[108.855479,0.832221],[108.920909,0.340277],[109.166759,0.112291],[109.123302,-0.499688],[109.273204,-0.853611],[109.734141,-0.954034],[110.068533,-1.43255],[109.921641,-1.769627],[110.075043,-1.922459],[110.095551,-2.197361],[110.221039,-2.53281],[110.263194,-3.002862],[110.508067,-2.874607],[110.906505,-3.083266],[111.296153,-2.936456],[111.83253,-3.061619],[111.822032,-3.545099],[112.302745,-3.313897],[112.618012,-3.423761],[113.182628,-3.077081],[113.345225,-3.246515],[113.620372,-3.185317],[113.713145,-3.472589],[114.108246,-3.347345],[114.412446,-3.485284],[114.611095,-3.683852],[114.712901,-4.170831],[115.060313,-3.985772],[115.967947,-3.608819],[116.163341,-3.172947],[116.111339,-2.930271],[116.334239,-2.925551],[116.390391,-2.589044],[116.54005,-2.512872],[116.603282,-2.224216],[116.392833,-2.191095],[116.466563,-1.907485],[116.32488,-1.703871],[116.819835,-1.261407],[117.023692,-1.202895],[117.301117,-0.816013],[117.451915,-0.866469],[117.595958,-0.422621],[117.43393,-0.263849],[117.530284,-0.032322],[117.517263,0.290961],[117.81129,0.811754],[118.187836,0.87523],[118.798188,0.804918],[119.00294,0.96247],[118.425059,1.485745],[117.924083,1.819159],[117.859874,2.038275],[118.091482,2.26203],[118.063487,2.366929],[117.633311,2.812242],[117.617198,3.085883],[117.352712,3.182807],[117.219493,3.647366],[117.748546,3.636949],[117.777192,3.79914],[117.520274,4.049302],[117.567149,4.159654]]],[[[140.974457,-2.600518],[140.730805,-2.491469],[140.104747,-2.320082],[139.864757,-2.372003],[138.803233,-1.920831],[138.665212,-1.789158],[138.07488,-1.610284],[137.794444,-1.484145],[137.142833,-1.787042],[137.226329,-2.074395],[136.758637,-2.248712],[136.403819,-2.219659],[136.266368,-2.560317],[135.96461,-2.775811],[135.909923,-2.985772],[135.47047,-3.363051],[134.984711,-3.329685],[134.701345,-2.958673],[134.658051,-2.562758],[134.474376,-2.580743],[134.19337,-2.379083],[134.087087,-1.682794],[134.281993,-1.350193],[134.036143,-0.957778],[133.977224,-0.72324],[133.391612,-0.72324],[133.154796,-0.531996],[132.709158,-0.36004],[132.437185,-0.347101],[132.09962,-0.469903],[131.884288,-0.681899],[131.243012,-0.819431],[131.181651,-1.217218],[131.003591,-1.456231],[131.20574,-1.523614],[131.57309,-1.480157],[131.927257,-1.706231],[132.073416,-2.105157],[132.347911,-2.270115],[132.560395,-2.185642],[132.698741,-2.305352],[133.296153,-2.204197],[133.863048,-2.21795],[133.920909,-2.387628],[133.735037,-2.516778],[133.033539,-2.479425],[132.736583,-2.809991],[132.585704,-2.717462],[132.201915,-2.676446],[131.996918,-2.914809],[132.325694,-2.946547],[132.553071,-3.107029],[132.831879,-3.461033],[132.756114,-3.627537],[132.791759,-3.927179],[132.907725,-4.088149],[133.269379,-4.052016],[133.455577,-3.846938],[133.586192,-3.566583],[133.843598,-3.63836],[133.958995,-3.837579],[134.173106,-3.787856],[134.430431,-3.90781],[134.823497,-4.259373],[135.185557,-4.448907],[135.429535,-4.430434],[135.97047,-4.519627],[136.822113,-4.928318],[137.2671,-4.999444],[137.706309,-5.221938],[138.059825,-5.575291],[138.071056,-5.728611],[138.270844,-5.886977],[138.466075,-6.402114],[138.822439,-6.806085],[138.572032,-6.942478],[138.688243,-7.192641],[139.093028,-7.559991],[138.993988,-7.865492],[138.910981,-7.92254],[138.905772,-8.043634],[138.921235,-8.079522],[138.858653,-8.101332],[138.838552,-8.13836],[138.914399,-8.292087],[139.201182,-8.095636],[139.3567,-8.199395],[139.932384,-8.108575],[140.031912,-8.246352],[140.507498,-8.638116],[140.856944,-9.049086],[140.97698,-9.106134],[140.977162,-6.896632],[140.849211,-6.702846],[140.976904,-6.335116],[140.975767,-4.595946],[140.974457,-2.600518]]],[[[109.906016,-7.83766],[110.476736,-8.111912],[111.171235,-8.282647],[111.442068,-8.276056],[111.67335,-8.367852],[111.792003,-8.256524],[112.366222,-8.341974],[112.672699,-8.447035],[113.197927,-8.277276],[113.723888,-8.528253],[114.197032,-8.645603],[114.461192,-8.618341],[114.358653,-8.409112],[114.467296,-7.830987],[114.016124,-7.618097],[113.803884,-7.721775],[113.528575,-7.700372],[113.299327,-7.788507],[112.761485,-7.531183],[112.582774,-6.989923],[112.363536,-6.870538],[112.067882,-6.89365],[111.493419,-6.623468],[111.156912,-6.692071],[111.051768,-6.45672],[110.730479,-6.456964],[110.571544,-6.836196],[110.355724,-6.972914],[110.198009,-6.890883],[109.896332,-6.918227],[109.531993,-6.835138],[108.923025,-6.844659],[108.605479,-6.761651],[108.539561,-6.486912],[108.216364,-6.237965],[108.093683,-6.326847],[107.810836,-6.189347],[107.470268,-6.145432],[107.354136,-5.975995],[106.9935,-6.078546],[106.495372,-6.034845],[106.052745,-5.881036],[105.887869,-6.070571],[105.824091,-6.434646],[105.453624,-6.80877],[105.959573,-6.817628],[106.283376,-6.983331],[106.537149,-6.982962],[106.375365,-7.310194],[106.522662,-7.410957],[107.411388,-7.495864],[107.686549,-7.662075],[108.326829,-7.817471],[108.539561,-7.692315],[109.368826,-7.713474],[109.906016,-7.83766]]],[[[119.846528,-0.874607],[119.735199,-0.641046],[119.537364,-0.85003],[119.32838,-1.214451],[119.308442,-1.69492],[119.354015,-1.934747],[119.134044,-2.203546],[119.141449,-2.44199],[118.757335,-2.775811],[118.880626,-2.861017],[118.764171,-3.090916],[118.926768,-3.566095],[119.297618,-3.427911],[119.497569,-3.495294],[119.456716,-3.714532],[119.585216,-3.97031],[119.626801,-4.314548],[119.525157,-4.883071],[119.352794,-5.355645],[119.64796,-5.678806],[119.914887,-5.568943],[120.323253,-5.509535],[120.381114,-5.337335],[120.264334,-5.149998],[120.40211,-4.574477],[120.353526,-3.930841],[120.446544,-3.728692],[120.395274,-3.382257],[120.231619,-2.950372],[120.776052,-2.614923],[121.066905,-2.752211],[121.066742,-3.19378],[120.893809,-3.539158],[121.354259,-3.968438],[121.627696,-4.087091],[121.536306,-4.230564],[121.48463,-4.656427],[121.704356,-4.835219],[121.99171,-4.855727],[122.107758,-4.519952],[122.599132,-4.396742],[122.768809,-4.478448],[122.907074,-4.195977],[122.675059,-4.122735],[122.441417,-3.731052],[122.200531,-3.556573],[122.385916,-3.132013],[122.312511,-2.926853],[122.015636,-2.693536],[121.822927,-2.287286],[121.326996,-1.919041],[121.692149,-1.908136],[121.798595,-1.71795],[122.18393,-1.61419],[122.368826,-1.492771],[122.811697,-0.924086],[123.060802,-0.880548],[123.383311,-1.003676],[123.454356,-0.758233],[123.239513,-0.570489],[122.823009,-0.612237],[122.912446,-0.762872],[122.207693,-0.764744],[122.105317,-0.926202],[121.714203,-0.935479],[121.500662,-0.859308],[121.073253,-1.421319],[120.675955,-1.394708],[120.582367,-1.105239],[120.412446,-0.904962],[120.243907,-0.887628],[120.089203,-0.657322],[119.995616,-0.209242],[120.128429,0.181098],[120.375255,0.477688],[120.679535,0.530585],[120.892426,0.423326],[121.690115,0.52383],[121.800466,0.426459],[122.324392,0.497056],[122.977875,0.482815],[123.23878,0.32453],[123.745779,0.310858],[124.321788,0.398871],[124.503429,0.534003],[124.663829,0.805609],[124.898692,0.973049],[125.144298,1.421332],[125.179942,1.667426],[124.972911,1.722968],[124.850434,1.489691],[124.54835,1.359849],[124.314952,1.037746],[123.947927,0.838935],[122.968028,0.962592],[122.848888,0.81802],[122.454112,1.020657],[121.926117,1.0987],[121.63087,1.061957],[121.430024,1.232978],[120.967296,1.346177],[120.820811,1.310004],[120.803233,1.068427],[120.568126,0.782131],[120.340343,0.872382],[120.062836,0.742865],[119.793956,0.196601],[119.757823,-0.469903],[119.846528,-0.874607]]],[[[100.947276,1.825385],[100.855724,1.999213],[100.561046,2.156806],[100.381684,2.355048],[100.20338,2.709866],[100.018565,2.731676],[99.979503,2.948472],[99.750743,3.180487],[98.95753,3.671332],[98.67662,3.914547],[98.305675,4.080308],[98.275564,4.42536],[98.053966,4.553168],[97.90919,4.889594],[97.496837,5.251899],[97.268368,5.155068],[96.973399,5.273424],[96.650564,5.216254],[96.126231,5.281806],[95.887543,5.512152],[95.412852,5.649563],[95.197276,5.546373],[95.42628,4.827338],[96.01002,4.225653],[96.190929,4.125963],[96.430349,3.825263],[96.760509,3.748684],[97.270763,3.214423],[97.42213,2.928371],[97.602712,2.866197],[97.658214,2.411566],[97.744395,2.281073],[97.983572,2.244371],[98.535167,1.936469],[98.818858,1.619696],[98.730235,1.51439],[98.917328,1.117174],[99.089854,0.622016],[99.139334,0.273749],[99.61085,0.098578],[99.747244,-0.02984],[99.813813,-0.29461],[100.301443,-0.816339],[100.412852,-1.039158],[100.406016,-1.264418],[100.570567,-1.44256],[100.887218,-2.037205],[100.831554,-2.14129],[101.104828,-2.587091],[101.326996,-2.73919],[101.637462,-3.250665],[102.222179,-3.642836],[102.312511,-3.991469],[102.701182,-4.27044],[102.920421,-4.492608],[103.172862,-4.617934],[103.414561,-4.869317],[103.705414,-4.955011],[104.297699,-5.643324],[104.622813,-5.490655],[105.118419,-5.782159],[105.31072,-5.465997],[105.602061,-5.809828],[105.782563,-5.828546],[105.906261,-4.469334],[105.812755,-4.238702],[105.952485,-3.833754],[105.819591,-3.67254],[105.929047,-3.365411],[106.063162,-3.266697],[106.015636,-2.969496],[105.791759,-2.862074],[105.62379,-2.401788],[104.883311,-2.284926],[104.874278,-2.080011],[104.663829,-2.031345],[104.454356,-1.53102],[104.377208,-1.031671],[103.839122,-1.03281],[103.375987,-0.726821],[103.494395,-0.118422],[103.791515,-0.012546],[103.711192,0.311469],[103.362153,0.536282],[103.074718,0.442328],[102.877126,0.726386],[102.551931,0.738105],[102.240082,0.982082],[102.118175,1.386542],[101.778575,1.644273],[101.377615,1.773261],[101.299978,2.046617],[100.907888,2.299506],[100.803233,2.161811],[100.947276,1.825385]]],[[[120.792491,-9.96087],[120.43629,-9.63128],[120.070974,-9.441013],[119.629242,-9.341892],[119.168712,-9.385512],[119.037364,-9.675877],[119.477306,-9.74863],[119.976329,-9.992446],[120.15561,-10.220961],[120.391612,-10.263116],[120.711192,-10.20672],[120.792491,-9.96087]]],[[[116.633311,-8.275079],[116.376231,-8.201837],[116.027937,-8.445008],[116.002126,-8.898858],[116.500438,-8.802688],[116.743175,-8.391778],[116.633311,-8.275079]]],[[[119.203624,-8.610935],[119.075694,-8.651951],[118.988292,-8.309015],[118.443614,-8.257908],[118.243907,-8.328709],[118.115245,-8.113865],[117.895274,-8.09002],[117.706309,-8.229669],[118.003184,-8.473728],[118.068126,-8.655938],[117.805186,-8.719985],[117.558116,-8.40545],[117.195079,-8.357599],[116.790091,-8.583704],[116.763031,-9.015558],[117.009736,-9.107293],[117.334132,-9.059354],[117.737804,-8.909763],[117.890473,-8.936782],[118.299327,-8.757908],[118.465017,-8.865004],[119.203624,-8.610935]]],[[[123.026378,-8.288751],[122.795665,-8.11004],[122.758149,-8.361017],[122.288422,-8.633884],[121.834727,-8.473728],[121.509532,-8.602146],[120.976085,-8.337498],[120.654552,-8.261651],[120.277029,-8.26922],[119.919444,-8.461196],[119.823985,-8.780369],[120.243907,-8.823175],[120.593923,-8.795831],[120.922862,-8.926202],[121.340587,-8.918064],[121.396007,-8.794122],[121.793712,-8.883966],[122.114513,-8.732354],[122.407888,-8.741469],[122.807384,-8.610935],[123.026378,-8.288751]]],[[[115.619151,-8.288751],[115.215505,-8.059503],[115.022634,-8.172621],[114.691417,-8.135024],[114.639008,-8.398614],[114.927013,-8.467462],[115.253917,-8.714614],[115.604828,-8.501072],[115.619151,-8.288751]]],[[[116.303722,-3.718032],[116.263031,-3.405532],[116.126231,-3.318617],[116.013031,-3.650486],[116.115571,-4.036716],[116.307953,-3.878595],[116.303722,-3.718032]]],[[[109.759776,-1.103936],[109.452322,-1.004002],[109.478689,-1.298517],[109.759776,-1.103936]]],[[[99.274425,-1.634942],[98.882823,-0.913181],[98.658214,-0.963474],[98.593761,-1.198419],[98.884776,-1.679376],[99.100597,-1.799412],[99.274425,-1.634942]]],[[[103.048676,0.797024],[102.556407,1.125678],[102.50172,0.972886],[102.406505,0.873236],[102.557872,0.78026],[103.048676,0.797024]]],[[[104.654552,1.096381],[104.399669,1.202623],[104.483409,0.858954],[104.654552,1.096381]]],[[[102.473399,1.242011],[102.290863,1.404527],[102.232921,1.099514],[102.333751,0.96369],[102.464854,0.963446],[102.473399,1.242011]]],[[[101.721202,2.058092],[101.440929,2.064927],[101.460134,1.76553],[101.715099,1.778225],[101.721202,2.058092]]],[[[96.479503,2.414984],[95.884044,2.919013],[95.698009,2.778754],[96.065684,2.579413],[96.307628,2.374091],[96.479503,2.414984]]],[[[108.396169,3.874823],[108.170258,4.179429],[107.98463,4.01203],[108.062348,3.855943],[108.317638,3.683783],[108.396169,3.874823]]],[[[123.927989,-8.227309],[123.798188,-8.179946],[123.357595,-8.41131],[123.399425,-8.586033],[123.927989,-8.227309]]],[[[125.134044,-8.217055],[125.09254,-8.161554],[124.450694,-8.149021],[124.418224,-8.464614],[125.123302,-8.352309],[125.134044,-8.217055]]],[[[126.836762,-7.726332],[126.631358,-7.565362],[126.32838,-7.695733],[125.947927,-7.678318],[125.80836,-7.86419],[126.421886,-7.93255],[126.836762,-7.726332]]],[[[138.938975,-7.542087],[138.804535,-7.3742],[138.244151,-7.456476],[138.028087,-7.61004],[137.759044,-8.073419],[137.636974,-8.389418],[138.444184,-8.379083],[138.660899,-8.169041],[138.818207,-8.093194],[138.904145,-8.07586],[138.8838,-7.93255],[138.982677,-7.829848],[139.046397,-7.561944],[138.938975,-7.542087]]],[[[131.698578,-7.226739],[131.528819,-7.170099],[131.254731,-7.472263],[131.11964,-7.733819],[131.116222,-8.000746],[131.36085,-7.947361],[131.643321,-7.599054],[131.698578,-7.226739]]],[[[114.045665,-6.914646],[113.923676,-6.864841],[112.915294,-6.891697],[112.742524,-7.161391],[113.12794,-7.231052],[113.548984,-7.233778],[113.832533,-7.13202],[114.045665,-6.914646]]],[[[134.484386,-6.575616],[134.449962,-6.441339],[134.12379,-6.171563],[134.073416,-6.826755],[134.31072,-6.85947],[134.484386,-6.575616]]],[[[134.758067,-6.157892],[134.696544,-5.534112],[134.491222,-5.448175],[134.351817,-5.714451],[134.27589,-6.083591],[134.333507,-6.221449],[134.607758,-6.369561],[134.758067,-6.157892]]],[[[122.78004,-4.916599],[122.735525,-4.643731],[122.404959,-4.737888],[122.402599,-5.061782],[122.275157,-5.327569],[122.543468,-5.428806],[122.655447,-5.322524],[122.643403,-5.07879],[122.78004,-4.916599]]],[[[123.149913,-5.22503],[122.983572,-5.087823],[123.046397,-4.752862],[123.204438,-4.611749],[123.019542,-4.390232],[122.908946,-4.474542],[122.763438,-5.20794],[122.567149,-5.506931],[122.827647,-5.676202],[123.149913,-5.22503]]],[[[128.330821,-3.511895],[128.034516,-3.589044],[128.127126,-3.749444],[128.330821,-3.511895]]],[[[127.240896,-3.470961],[127.093516,-3.200779],[126.720225,-3.060154],[126.421397,-3.070489],[125.991742,-3.248191],[126.173561,-3.602527],[126.742185,-3.859378],[127.243419,-3.606052],[127.240896,-3.470961]]],[[[130.87322,-3.573989],[130.666677,-3.403578],[130.578461,-3.122817],[130.344981,-2.977634],[130.046641,-2.99212],[129.443533,-2.784926],[129.121837,-2.957696],[128.865245,-2.862074],[128.175466,-2.857029],[127.875255,-3.208754],[128.282074,-3.22088],[128.484141,-3.462498],[128.877452,-3.202569],[129.113536,-3.34881],[129.485606,-3.463474],[129.544932,-3.297784],[129.890473,-3.333103],[129.983165,-3.459731],[130.418793,-3.636895],[130.817882,-3.868829],[130.87322,-3.573989]]],[[[108.293712,-2.848403],[108.06658,-2.594496],[107.670258,-2.561456],[107.581065,-3.010675],[107.75315,-3.198455],[108.187673,-3.136895],[108.293712,-2.848403]]],[[[130.386485,-1.888279],[130.351817,-1.741388],[130.011974,-1.750177],[129.745291,-1.863458],[130.126475,-2.06699],[130.386485,-1.888279]]],[[[125.314789,-1.778985],[124.632823,-1.631117],[124.384939,-1.667901],[124.406016,-2.004083],[124.853282,-1.896905],[125.01352,-1.944268],[125.314789,-1.778985]]],[[[136.848481,-1.765313],[136.39031,-1.725763],[136.191254,-1.653904],[135.718028,-1.703302],[136.273204,-1.909356],[136.644867,-1.876397],[136.848481,-1.765313]]],[[[106.769054,-2.560317],[106.354015,-2.462986],[106.264171,-2.351332],[106.174571,-1.879083],[105.875743,-1.48919],[105.459646,-1.562921],[105.375662,-1.821873],[105.154307,-1.935968],[105.306407,-2.135024],[105.795746,-2.171808],[105.986501,-2.821222],[106.447032,-2.981134],[106.613048,-2.94256],[106.769054,-2.560317]]],[[[128.145193,-1.594008],[127.624522,-1.329522],[127.403575,-1.491632],[127.532725,-1.731378],[128.051524,-1.714532],[128.145193,-1.594008]]],[[[123.503103,-1.264418],[123.20102,-1.155206],[122.898692,-1.18434],[123.184825,-1.48561],[123.528575,-1.433038],[123.503103,-1.264418]]],[[[131.057384,-1.000665],[130.912934,-0.89422],[130.680675,-0.956638],[130.749685,-1.223403],[130.982595,-1.348565],[131.057384,-1.000665]]],[[[136.375662,-1.093683],[136.1963,-1.066583],[135.847423,-0.695896],[135.369884,-0.653497],[135.828298,-1.107843],[136.142833,-1.223403],[136.375662,-1.093683]]],[[[127.888927,-0.764744],[127.606456,-0.629083],[127.683116,-0.460056],[127.532237,-0.304946],[127.302989,-0.510919],[127.4699,-0.818455],[127.888927,-0.764744]]],[[[131.297618,-0.237237],[131.153656,-0.085707],[130.824718,-0.003839],[130.368663,-0.12184],[130.316254,-0.259942],[130.951671,-0.346449],[131.297618,-0.237237]]],[[[97.928477,0.99608],[97.693614,1.186021],[97.486339,1.476549],[97.349783,1.545396],[97.233084,1.277289],[97.388845,0.952094],[97.61378,0.823554],[97.704112,0.57274],[97.882986,0.642971],[97.928477,0.99608]]],[[[127.666026,-0.209242],[128.042735,-0.415297],[127.892426,-0.017185],[127.88087,0.301744],[127.960216,0.482815],[128.703868,0.332017],[128.684337,0.541693],[128.313487,0.668158],[128.31544,0.901557],[128.701182,1.070868],[128.719493,1.570624],[128.459727,1.544989],[128.186778,1.374172],[128.196056,1.196438],[127.936371,1.00731],[127.795665,0.799058],[127.637543,1.000718],[127.894298,1.156643],[128.03533,1.537991],[127.851736,1.825385],[127.580903,1.751776],[127.540782,1.475653],[127.405935,1.229885],[127.491954,1.054918],[127.572276,0.422349],[127.713715,0.27733],[127.666026,-0.209242]]],[[[128.686371,2.483954],[128.466563,2.594306],[128.197113,2.266181],[128.344981,2.039944],[128.566661,2.109931],[128.686371,2.483954]]]]},"properties":{"name":"Indonesia","ISO3166-1-Alpha-3":"IDN","ISO3166-1-Alpha-2":"ID"}},
{"type":"Feature","geometry":{"type":"MultiPolygon","coordinates":[[[[102.07309,6.257514],[102.060002,6.094797],[101.800483,5.739909],[101.53466,5.906023],[101.248993,5.786986],[101.105435,5.637642],[101.081664,6.246467],[100.822145,6.259877],[100.805609,6.414803],[100.387391,6.522084],[100.127289,6.442288],[100.349132,6.012681],[100.344005,5.669257],[100.430024,5.302883],[100.364513,5.084296],[100.577403,4.854315],[100.632579,4.532904],[100.56544,4.319159],[100.776052,4.086493],[100.720714,3.868069],[101.040538,3.621975],[101.297618,3.274604],[101.372813,3.002346],[101.283051,2.9112],[101.542328,2.661282],[101.783051,2.575873],[102.187999,2.216376],[102.489024,2.092922],[102.804454,1.860093],[103.367361,1.538398],[103.50408,1.289944],[103.839692,1.476549],[104.219249,1.346177],[104.294688,1.446519],[103.948985,2.339911],[103.7671,2.623847],[103.638438,2.672105],[103.434581,2.961819],[103.482188,3.511786],[103.338715,3.758205],[103.494151,4.336615],[103.448578,4.795071],[103.120291,5.381334],[102.499848,5.897406],[102.315684,6.190375],[102.07309,6.257514]]],[[[115.146169,4.908515],[115.272684,4.636772],[115.324361,4.314596],[115.113004,4.382369],[115.029778,4.820642],[114.9817,4.889065],[114.751786,4.738523],[114.836432,4.357229],[114.766875,4.131816],[114.586628,4.021435],[114.245564,4.481433],[113.99879,4.601142],[113.946788,4.27383],[113.736827,4.001288],[113.434255,3.75316],[113.277599,3.484198],[112.974376,3.144232],[112.01352,2.885932],[111.669607,2.843085],[111.440278,2.680121],[111.365489,2.340766],[110.967947,1.503241],[110.726736,1.547431],[110.366466,1.715888],[109.927745,1.692288],[109.654633,1.936998],[109.645274,2.083238],[109.528436,1.889989],[109.677264,1.572851],[110.256556,1.039059],[110.553903,0.85137],[110.852696,0.997201],[111.197584,1.075233],[111.351787,1.013893],[111.823076,1.008467],[112.100061,1.154918],[112.180057,1.449034],[112.470478,1.567657],[113.023416,1.537013],[113.089045,1.431335],[113.649528,1.233259],[113.909667,1.442471],[114.500638,1.436037],[114.831988,1.902521],[114.778761,2.247202],[115.126543,2.47923],[115.066909,2.828201],[115.242092,3.041624],[115.464094,3.030824],[115.646925,4.169101],[115.878849,4.352139],[116.494109,4.324853],[117.164662,4.333147],[117.567149,4.159654],[117.671153,4.426011],[117.892263,4.256985],[118.542817,4.360012],[118.59962,4.519192],[118.333507,4.651557],[118.136485,4.88231],[118.357188,5.038804],[118.681488,4.944322],[119.155935,5.106187],[119.2671,5.201077],[119.204845,5.443345],[118.970876,5.42829],[118.410655,5.796129],[117.884044,5.954657],[117.654633,5.958686],[117.605642,6.18183],[117.743826,6.389879],[117.509776,6.6022],[117.30893,6.628811],[117.143809,7.00373],[116.973806,6.708075],[116.74643,7.010443],[116.503184,6.495185],[116.201345,6.217963],[116.050792,5.842271],[115.848643,5.560004],[115.550141,5.540188],[115.35963,5.319648],[115.556977,5.067206],[115.358409,4.902777],[115.146169,4.908515]]]]},"properties":{"name":"Malaysia","ISO3166-1-Alpha-3":"MYS","ISO3166-1-Alpha-2":"MY"}},
{"type":"Feature","geometry":{"type":"MultiPolygon","coordinates":[[[[-69.510089,-17.506588],[-69.857561,-17.734171],[-69.783095,-17.981598],[-69.970345,-18.250625],[-70.394703,-18.337746],[-70.303561,-18.445439],[-70.356597,-18.77337],[-70.28775,-19.300958],[-70.151194,-19.719415],[-70.12328,-20.072198],[-70.205637,-20.739353],[-70.058695,-21.433377],[-70.151967,-21.664809],[-70.297027,-22.917739],[-70.562245,-23.059828],[-70.585072,-23.423598],[-70.413085,-23.511253],[-70.498525,-23.784601],[-70.582834,-24.524835],[-70.472727,-24.975274],[-70.444814,-25.344903],[-70.651438,-25.540785],[-70.710357,-25.835382],[-70.642413,-26.315331],[-70.788645,-26.99627],[-70.95995,-27.161391],[-70.912424,-27.62184],[-71.138092,-27.945977],[-71.17394,-28.36061],[-71.301869,-28.6749],[-71.521962,-28.940118],[-71.494293,-29.192641],[-71.30724,-29.421157],[-71.28661,-29.910252],[-71.382558,-30.147719],[-71.639231,-30.252211],[-71.71345,-30.614923],[-71.667836,-31.150486],[-71.514963,-31.775486],[-71.543853,-32.193292],[-71.412465,-32.369561],[-71.568227,-33.001886],[-71.720326,-33.167576],[-71.640777,-33.500584],[-72.026845,-34.162693],[-72.05724,-34.658787],[-72.23058,-35.116143],[-72.646596,-35.566583],[-72.597971,-35.810154],[-72.780141,-35.952569],[-72.832346,-36.308038],[-73.002024,-36.7138],[-73.159657,-36.734959],[-73.173329,-37.076349],[-73.282582,-37.214044],[-73.671783,-37.362563],[-73.66808,-37.719415],[-73.462799,-38.091729],[-73.543284,-38.420668],[-73.283437,-39.075291],[-73.241567,-39.489516],[-73.401926,-39.804132],[-73.683217,-39.942478],[-73.946904,-40.972841],[-73.798166,-41.565688],[-73.659983,-41.757501],[-73.201405,-41.784763],[-72.957265,-41.483575],[-72.645131,-41.722833],[-72.863596,-41.905938],[-72.488026,-42.064711],[-72.809722,-42.243259],[-72.842193,-42.838067],[-72.761057,-43.009047],[-73.111318,-43.461033],[-72.97936,-43.761163],[-73.27774,-44.11004],[-72.686757,-44.488458],[-72.727651,-44.758559],[-73.117096,-44.948337],[-73.460683,-45.26629],[-73.55484,-45.877618],[-73.769846,-46.234552],[-74.189361,-45.793634],[-74.690907,-45.841567],[-74.713368,-45.98447],[-75.704701,-46.639255],[-75.083363,-46.640883],[-74.650868,-46.788344],[-74.266835,-46.781671],[-73.957631,-47.060317],[-74.324696,-47.218927],[-74.736236,-47.704522],[-74.628407,-47.767755],[-73.709706,-47.776056],[-73.891103,-48.022231],[-74.415395,-47.983657],[-74.197133,-48.473321],[-74.392161,-48.599054],[-74.424143,-49.371189],[-74.250722,-50.080987],[-74.57372,-50.099298],[-74.126088,-50.762465],[-74.256418,-50.939386],[-73.934316,-51.399347],[-73.904205,-51.611749],[-73.680409,-51.76922],[-73.540028,-52.055271],[-73.530914,-52.456964],[-73.26891,-52.673598],[-73.32726,-53.071466],[-72.953603,-53.023614],[-73.005279,-52.833266],[-72.790842,-52.752699],[-72.656117,-52.521661],[-71.571611,-52.561278],[-71.850529,-52.69471],[-72.160874,-52.652118],[-72.562245,-52.833673],[-72.960357,-52.824965],[-72.891021,-53.056817],[-73.199086,-53.240818],[-72.522532,-53.544366],[-72.466949,-53.283136],[-71.5308,-52.866656],[-71.25414,-53.016778],[-71.83495,-53.252048],[-72.282297,-53.242771],[-72.453277,-53.407322],[-72.053456,-53.706964],[-71.228749,-53.874688],[-70.973622,-53.756036],[-70.992747,-53.382989],[-70.812123,-52.821384],[-70.583039,-52.671999],[-69.84658,-52.486543],[-69.234708,-52.203143],[-68.44861,-52.346617],[-69.212256,-52.137953],[-69.952754,-52.007419],[-71.917699,-51.990055],[-72.281139,-51.701494],[-72.382218,-51.160597],[-72.302843,-50.648897],[-72.778421,-50.619648],[-73.096076,-50.770647],[-73.322936,-50.268352],[-73.530572,-50.140814],[-73.465098,-49.759959],[-73.586589,-49.529999],[-73.457863,-49.307687],[-73.098247,-49.272754],[-73.009725,-48.990394],[-72.592334,-48.791129],[-72.57678,-48.452132],[-72.325632,-48.285527],[-72.343047,-48.07045],[-72.543914,-47.9148],[-72.009838,-47.198152],[-71.934132,-46.79952],[-71.68717,-46.690069],[-71.770162,-46.112636],[-71.612291,-45.970526],[-71.798533,-45.739946],[-71.311534,-45.299456],[-71.588726,-44.978132],[-71.122657,-44.530304],[-71.209783,-44.427571],[-71.822045,-44.40318],[-71.858736,-44.107798],[-71.659885,-43.92631],[-71.819203,-43.758051],[-71.723757,-43.594754],[-71.937336,-43.456881],[-71.742981,-43.190127],[-72.148537,-42.998718],[-72.124714,-42.263311],[-71.736263,-42.08389],[-71.925967,-41.622936],[-71.851449,-40.938327],[-71.955577,-40.720356],[-71.804165,-40.42642],[-71.823751,-40.210103],[-71.624848,-39.93105],[-71.718744,-39.623368],[-71.519997,-39.614997],[-71.401968,-39.236002],[-71.415765,-38.935348],[-70.873835,-38.691436],[-71.009976,-38.065531],[-71.18503,-37.706069],[-71.12307,-37.443243],[-71.145343,-36.68825],[-71.043282,-36.484335],[-70.71865,-36.414572],[-70.703122,-36.26006],[-70.380325,-36.046016],[-70.40823,-35.506204],[-70.542899,-35.209271],[-70.386629,-35.16669],[-70.227828,-34.58533],[-70.040345,-34.277028],[-69.832761,-34.243232],[-69.895367,-33.662285],[-69.787674,-33.379408],[-70.100833,-33.186862],[-70.000219,-32.876597],[-70.140029,-32.768283],[-70.172482,-32.464942],[-70.321801,-32.280147],[-70.241703,-31.961459],[-70.42828,-31.870095],[-70.591371,-31.549598],[-70.479802,-31.096705],[-70.339785,-31.041722],[-70.217105,-30.515139],[-69.902809,-30.312671],[-69.975621,-30.058629],[-69.929086,-29.718288],[-70.042619,-29.363064],[-69.803926,-29.098688],[-69.653031,-28.397852],[-69.173008,-27.924083],[-69.124329,-27.73443],[-68.801093,-27.112763],[-68.585861,-27.162785],[-68.330476,-27.044963],[-68.32014,-26.87009],[-68.570151,-26.550626],[-68.575164,-26.30351],[-68.419876,-26.179279],[-68.605963,-25.436999],[-68.516046,-25.183578],[-68.367373,-25.103376],[-68.572373,-24.769856],[-68.244486,-24.385384],[-67.362369,-24.030367],[-67.013967,-23.000714],[-67.193904,-22.822223],[-67.547113,-22.892503],[-67.876343,-22.833592],[-67.858721,-22.566838],[-67.990186,-22.057619],[-68.096226,-21.953956],[-68.207537,-21.284333],[-68.41631,-20.959805],[-68.57196,-20.872368],[-68.481629,-20.643028],[-68.685544,-20.516834],[-68.775539,-20.089677],[-68.588341,-20.055571],[-68.553511,-19.857857],[-68.698412,-19.746339],[-68.496357,-19.458398],[-68.989609,-18.946491],[-68.954649,-18.856987],[-69.14084,-18.030785],[-69.302406,-17.976214],[-69.510089,-17.506588]]],[[[-68.641998,-54.799168],[-68.641882,-54.782971],[-68.627617,-52.639572],[-69.140248,-52.68377],[-69.583892,-52.509861],[-69.734351,-52.774459],[-70.001133,-52.841734],[-70.473541,-53.309259],[-70.256703,-53.461033],[-69.675473,-53.358358],[-69.360842,-53.521675],[-70.136952,-53.738702],[-70.072987,-54.248793],[-70.860341,-54.317804],[-71.010854,-54.448663],[-71.725006,-54.40545],[-71.940012,-54.510837],[-71.289662,-54.676446],[-70.239735,-54.857843],[-69.794911,-54.787693],[-69.067006,-54.948826],[-68.654135,-54.886245],[-68.641998,-54.799168]]],[[[-67.999257,-55.627537],[-68.239166,-55.29225],[-68.530588,-55.109796],[-68.441151,-54.939711],[-69.885976,-55.063572],[-69.607655,-55.365492],[-69.272125,-55.213474],[-68.967356,-55.429946],[-68.252512,-55.524509],[-67.999257,-55.627537]]],[[[-67.883168,-55.243829],[-67.423248,-55.216485],[-67.061879,-55.072035],[-67.301829,-54.928888],[-67.941803,-54.90545],[-68.15689,-55.196059],[-67.883168,-55.243829]]],[[[-71.63093,-54.07879],[-71.113881,-54.379815],[-70.990142,-54.265802],[-71.463287,-53.941583],[-71.63093,-54.07879]]],[[[-72.015126,-54.202325],[-71.71345,-54.147719],[-71.727284,-53.898614],[-72.258168,-53.945082],[-72.015126,-54.202325]]],[[[-70.455036,-53.611598],[-70.881505,-53.842264],[-70.822743,-54.113539],[-70.540435,-54.221612],[-70.336277,-54.007403],[-70.455036,-53.611598]]],[[[-72.529652,-54.075372],[-72.187001,-53.776544],[-72.655873,-53.536798],[-73.131703,-53.48919],[-73.584706,-53.582778],[-73.066477,-53.831313],[-72.743072,-53.89365],[-72.529652,-54.075372]]],[[[-74.385569,-50.981052],[-74.878651,-50.886326],[-74.893219,-51.049249],[-74.385569,-50.981052]]],[[[-75.198313,-49.771173],[-74.961537,-49.785252],[-74.867747,-50.016209],[-74.485463,-49.953058],[-74.420522,-49.68963],[-74.525502,-48.722833],[-74.756337,-48.678155],[-75.051503,-48.857029],[-74.804514,-49.103936],[-74.930165,-49.314223],[-75.467275,-49.332696],[-75.198313,-49.771173]]],[[[-74.499135,-48.583185],[-74.667348,-48.264255],[-75.03307,-48.50449],[-74.621002,-48.691827],[-74.499135,-48.583185]]],[[[-75.149892,-48.65838],[-75.071401,-48.596287],[-75.378082,-48.008233],[-75.585317,-48.085707],[-75.555002,-48.378595],[-75.270619,-48.418145],[-75.149892,-48.65838]]],[[[-73.926829,-44.628839],[-74.400543,-44.626072],[-74.279693,-44.803806],[-73.926829,-44.628839]]],[[[-73.382476,-44.587823],[-73.407582,-44.822442],[-73.14745,-44.911879],[-72.721181,-44.528009],[-73.002024,-44.361261],[-73.382476,-44.587823]]],[[[-74.334625,-43.281671],[-73.877004,-43.421959],[-73.516672,-42.789239],[-73.809153,-42.608657],[-73.489084,-42.145603],[-73.537017,-41.84002],[-74.055287,-41.945001],[-74.189618,-42.431906],[-74.127507,-42.671133],[-74.334625,-43.281671]]]]},"properties":{"name":"Chile","ISO3166-1-Alpha-3":"CHL","ISO3166-1-Alpha-2":"CL"}},
{"type":"Feature","geometry":{"type":"Polygon","coordinates":[[[-69.510089,-17.506588],[-69.302406,-17.976214],[-69.14084,-18.030785],[-68.954649,-18.856987],[-68.989609,-18.946491],[-68.496357,-19.458398],[-68.698412,-19.746339],[-68.553511,-19.857857],[-68.588341,-20.055571],[-68.775539,-20.089677],[-68.685544,-20.516834],[-68.481629,-20.643028],[-68.57196,-20.872368],[-68.41631,-20.959805],[-68.207537,-21.284333],[-68.096226,-21.953956],[-67.990186,-22.057619],[-67.858721,-22.566838],[-67.876343,-22.833592],[-67.547113,-22.892503],[-67.193904,-22.822223],[-67.032725,-22.524567],[-66.796461,-22.434857],[-66.735896,-22.225051],[-66.377468,-22.127072],[-66.240009,-21.792415],[-66.094488,-21.83293],[-65.744613,-22.11405],[-65.020368,-22.096583],[-64.58688,-22.212752],[-64.572023,-22.343183],[-64.293978,-22.690862],[-63.947591,-22.007596],[-62.804353,-22.004082],[-62.650357,-22.234456],[-62.275703,-21.066568],[-62.277305,-20.579776],[-61.94425,-20.104146],[-61.761213,-19.657765],[-60.006384,-19.298097],[-59.089541,-19.286729],[-58.175282,-19.821373],[-58.158797,-20.165125],[-57.859745,-19.980123],[-58.124639,-19.729906],[-57.789,-19.059249],[-57.782334,-18.910421],[-57.551082,-18.183643],[-57.730089,-17.846093],[-57.790757,-17.555775],[-58.010175,-17.49676],[-58.38116,-17.267214],[-58.480276,-16.683683],[-58.356097,-16.509534],[-58.464721,-16.33125],[-60.129839,-16.273062],[-60.17981,-16.222006],[-60.237972,-15.50267],[-60.529479,-15.143726],[-60.274972,-15.09515],[-60.291716,-14.630062],[-60.473513,-14.117225],[-60.465271,-13.816572],[-60.896743,-13.552918],[-61.347724,-13.493697],[-61.847977,-13.530801],[-62.22165,-13.121265],[-62.807402,-12.98887],[-63.075034,-12.652663],[-63.247323,-12.701342],[-63.801398,-12.454949],[-63.921236,-12.544349],[-64.395729,-12.457326],[-64.469058,-12.261059],[-64.997449,-11.996269],[-65.065559,-11.75308],[-65.353009,-11.390621],[-65.302986,-10.990749],[-65.44998,-10.468094],[-65.288077,-10.216223],[-65.304381,-9.825652],[-65.583977,-9.837228],[-65.788564,-9.733048],[-66.631871,-9.904304],[-67.0643,-10.256944],[-67.337823,-10.326087],[-67.755782,-10.714177],[-68.09788,-10.697744],[-68.29332,-10.978967],[-68.61573,-11.112499],[-68.884034,-11.016381],[-69.577635,-10.952302],[-68.684252,-12.502492],[-68.980953,-12.867947],[-68.962788,-13.283581],[-69.015964,-13.753113],[-68.883724,-14.211483],[-69.2475,-14.593682],[-69.390669,-14.964408],[-69.1481,-15.233333],[-69.291166,-15.350845],[-69.424337,-15.656253],[-69.219646,-16.15276],[-68.843648,-16.302001],[-69.001727,-16.422821],[-69.037073,-16.670247],[-69.191663,-16.743008],[-69.427437,-17.086863],[-69.6228,-17.185565],[-69.510089,-17.506588]]]},"properties":{"name":"Bolivia","ISO3166-1-Alpha-3":"BOL","ISO3166-1-Alpha-2":"BO"}},
{"type":"Feature","geometry":{"type":"Polygon","coordinates":[[[-69.510089,-17.506588],[-69.6228,-17.185565],[-69.427437,-17.086863],[-69.191663,-16.743008],[-69.037073,-16.670247],[-69.001727,-16.422821],[-68.843648,-16.302001],[-69.219646,-16.15276],[-69.424337,-15.656253],[-69.291166,-15.350845],[-69.1481,-15.233333],[-69.390669,-14.964408],[-69.2475,-14.593682],[-68.883724,-14.211483],[-69.015964,-13.753113],[-68.962788,-13.283581],[-68.980953,-12.867947],[-68.684252,-12.502492],[-69.577635,-10.952302],[-69.956113,-10.919332],[-70.2894,-11.06475],[-70.641342,-11.0108],[-70.638448,-9.851801],[-70.543415,-9.72695],[-70.680849,-9.527686],[-71.196502,-9.939857],[-71.391426,-10.00683],[-72.195666,-10.00559],[-72.261657,-9.667419],[-72.430225,-9.482211],[-72.813303,-9.410897],[-73.214984,-9.409037],[-72.959392,-9.085646],[-73.174573,-8.720707],[-73.526541,-8.372408],[-73.712163,-7.788154],[-73.969382,-7.584652],[-73.979433,-7.374536],[-73.760764,-7.337432],[-73.765493,-6.904177],[-73.131785,-6.435265],[-73.234776,-6.077561],[-73.001353,-5.708798],[-72.917948,-5.132089],[-72.627268,-5.022431],[-72.071126,-4.605144],[-71.774348,-4.481534],[-70.968687,-4.385313],[-70.832235,-4.179434],[-70.429934,-4.134165],[-70.231316,-4.303664],[-69.96495,-4.236484],[-70.311104,-3.829274],[-70.544294,-3.865241],[-70.734127,-3.782042],[-70.050629,-2.71513],[-70.874196,-2.229579],[-71.21986,-2.34151],[-71.76794,-2.142245],[-71.966274,-2.328487],[-72.396584,-2.446516],[-72.644321,-2.334068],[-72.943269,-2.419024],[-73.195295,-2.187204],[-73.111062,-2.073412],[-73.186252,-1.799631],[-73.530985,-1.673747],[-73.497163,-1.477997],[-73.63656,-1.255168],[-74.28913,-0.943042],[-74.412663,-0.573142],[-74.824653,-0.170479],[-75.141688,-0.043459],[-75.283488,-0.107021],[-75.45526,-0.161178],[-75.434228,-0.403023],[-75.272042,-0.525703],[-75.560034,-1.502595],[-76.091242,-2.128913],[-76.684591,-2.57364],[-77.849016,-2.980644],[-78.362938,-3.488727],[-78.501767,-3.953711],[-78.682428,-4.326918],[-78.672661,-4.550987],[-78.853063,-4.652273],[-79.009281,-4.96011],[-79.303217,-4.961246],[-79.450572,-4.810196],[-79.507209,-4.531557],[-79.795745,-4.484738],[-80.079655,-4.309038],[-80.408498,-4.477503],[-80.488545,-4.395958],[-80.481078,-3.998773],[-80.165257,-3.890046],[-80.340729,-3.393498],[-80.771718,-3.710138],[-80.867787,-3.872735],[-81.252797,-4.238702],[-81.337558,-4.678304],[-81.063355,-5.022043],[-81.198476,-5.208103],[-80.931824,-5.463815],[-80.856212,-5.650462],[-81.101457,-6.072068],[-80.790528,-6.299692],[-80.298096,-6.544448],[-79.96468,-6.787355],[-79.61276,-7.266392],[-79.465942,-7.715929],[-78.98574,-8.217421],[-78.940262,-8.435526],[-78.759328,-8.608327],[-78.7643,-8.775112],[-78.497411,-9.189538],[-78.369904,-9.615432],[-78.055804,-10.347524],[-77.670539,-10.92752],[-77.647257,-11.292316],[-77.320465,-11.493748],[-77.145904,-11.932061],[-77.174916,-12.071873],[-76.853646,-12.302644],[-76.811757,-12.48268],[-76.516233,-12.869919],[-76.483347,-13.036296],[-76.221102,-13.357556],[-76.181264,-13.539483],[-76.282056,-14.140924],[-75.980636,-14.461099],[-75.930653,-14.649347],[-75.550649,-14.884942],[-75.160797,-15.393324],[-74.463068,-15.726724],[-74.04662,-15.960138],[-73.700278,-16.220696],[-72.692353,-16.660654],[-72.362213,-16.761326],[-72.293365,-16.880629],[-71.807607,-17.191339],[-71.514516,-17.284601],[-71.359609,-17.633071],[-71.086578,-17.869073],[-70.394703,-18.337746],[-69.970345,-18.250625],[-69.783095,-17.981598],[-69.857561,-17.734171],[-69.510089,-17.506588]]]},"properties":{"name":"Peru","ISO3166-1-Alpha-3":"PER","ISO3166-1-Alpha-2":"PE"}},
{"type":"Feature","geometry":{"type":"MultiPolygon","coordinates":[[[[-67.193904,-22.822223],[-67.013967,-23.000714],[-67.362369,-24.030367],[-68.244486,-24.385384],[-68.572373,-24.769856],[-68.367373,-25.103376],[-68.516046,-25.183578],[-68.605963,-25.436999],[-68.419876,-26.179279],[-68.575164,-26.30351],[-68.570151,-26.550626],[-68.32014,-26.87009],[-68.330476,-27.044963],[-68.585861,-27.162785],[-68.801093,-27.112763],[-69.124329,-27.73443],[-69.173008,-27.924083],[-69.653031,-28.397852],[-69.803926,-29.098688],[-70.042619,-29.363064],[-69.929086,-29.718288],[-69.975621,-30.058629],[-69.902809,-30.312671],[-70.217105,-30.515139],[-70.339785,-31.041722],[-70.479802,-31.096705],[-70.591371,-31.549598],[-70.42828,-31.870095],[-70.241703,-31.961459],[-70.321801,-32.280147],[-70.172482,-32.464942],[-70.140029,-32.768283],[-70.000219,-32.876597],[-70.100833,-33.186862],[-69.787674,-33.379408],[-69.895367,-33.662285],[-69.832761,-34.243232],[-70.040345,-34.277028],[-70.227828,-34.58533],[-70.386629,-35.16669],[-70.542899,-35.209271],[-70.40823,-35.506204],[-70.380325,-36.046016],[-70.703122,-36.26006],[-70.71865,-36.414572],[-71.043282,-36.484335],[-71.145343,-36.68825],[-71.12307,-37.443243],[-71.18503,-37.706069],[-71.009976,-38.065531],[-70.873835,-38.691436],[-71.415765,-38.935348],[-71.401968,-39.236002],[-71.519997,-39.614997],[-71.718744,-39.623368],[-71.624848,-39.93105],[-71.823751,-40.210103],[-71.804165,-40.42642],[-71.955577,-40.720356],[-71.851449,-40.938327],[-71.925967,-41.622936],[-71.736263,-42.08389],[-72.124714,-42.263311],[-72.148537,-42.998718],[-71.742981,-43.190127],[-71.937336,-43.456881],[-71.723757,-43.594754],[-71.819203,-43.758051],[-71.659885,-43.92631],[-71.858736,-44.107798],[-71.822045,-44.40318],[-71.209783,-44.427571],[-71.122657,-44.530304],[-71.588726,-44.978132],[-71.311534,-45.299456],[-71.798533,-45.739946],[-71.612291,-45.970526],[-71.770162,-46.112636],[-71.68717,-46.690069],[-71.934132,-46.79952],[-72.009838,-47.198152],[-72.543914,-47.9148],[-72.343047,-48.07045],[-72.325632,-48.285527],[-72.57678,-48.452132],[-72.592334,-48.791129],[-73.009725,-48.990394],[-73.098247,-49.272754],[-73.059745,-49.554971],[-73.465098,-49.759959],[-73.530572,-50.140814],[-73.322936,-50.268352],[-73.096076,-50.770647],[-72.778421,-50.619648],[-72.302843,-50.648897],[-72.382218,-51.160597],[-72.281139,-51.701494],[-71.917699,-51.990055],[-69.952754,-52.007419],[-69.212256,-52.137953],[-68.44861,-52.346617],[-68.935928,-51.645516],[-69.167778,-50.978225],[-69.076519,-50.560172],[-68.876429,-50.330572],[-68.07635,-50.087268],[-67.732012,-49.781302],[-67.556549,-49.015817],[-67.114348,-48.67375],[-66.46849,-48.400275],[-65.847068,-47.944417],[-65.735665,-47.509535],[-65.744902,-47.204164],[-66.786448,-47.006606],[-67.129995,-46.706596],[-67.42322,-46.567419],[-67.622467,-46.163751],[-67.331925,-45.613491],[-66.868921,-45.235597],[-66.523997,-45.216097],[-66.200367,-44.992919],[-65.602643,-45.027687],[-65.685539,-44.71253],[-65.216885,-44.36641],[-65.222374,-44.036896],[-65.334055,-43.672621],[-64.513051,-42.936293],[-64.997141,-42.784845],[-64.614858,-42.515313],[-64.322621,-42.542413],[-64.1079,-42.883722],[-63.620269,-42.751235],[-63.590484,-42.341241],[-63.80996,-42.070174],[-64.16218,-42.209405],[-64.127553,-42.432712],[-64.566274,-42.435968],[-64.531484,-42.244236],[-64.857289,-42.193617],[-65.069569,-41.985772],[-64.993276,-41.552992],[-65.17512,-41.010186],[-64.946523,-40.711358],[-63.779408,-41.158787],[-63.099517,-41.15488],[-62.337799,-40.872735],[-62.25064,-40.622247],[-62.484202,-40.28753],[-62.368723,-40.211196],[-62.314565,-39.869399],[-62.164174,-39.858819],[-62.055776,-39.451918],[-62.316396,-39.265232],[-62.357818,-39.102227],[-62.026723,-38.937595],[-61.518056,-39.011489],[-60.865712,-38.975681],[-59.063222,-38.69378],[-58.15567,-38.430108],[-57.593577,-38.152765],[-57.511871,-37.872328],[-57.055898,-37.412693],[-56.664866,-36.851007],[-56.697621,-36.396173],[-56.9287,-36.363702],[-57.248036,-36.170343],[-57.366444,-35.987888],[-57.352625,-35.727524],[-57.144909,-35.4842],[-57.248769,-35.248793],[-57.522032,-35.013154],[-58.154872,-34.7504],[-58.511465,-34.435945],[-58.37857,-34.188246],[-58.549387,-33.683038],[-58.383168,-33.075453],[-58.146799,-33.049981],[-58.200124,-32.447201],[-58.168615,-31.846014],[-57.986818,-31.554145],[-57.807242,-30.90757],[-57.849617,-30.48527],[-57.642466,-30.193092],[-57.611698,-30.182963],[-57.325153,-29.981011],[-56.415751,-29.051352],[-55.898056,-28.460691],[-55.772534,-28.231971],[-55.440746,-28.078905],[-55.329874,-27.928113],[-55.02581,-27.84016],[-54.827527,-27.545088],[-54.18953,-27.260867],[-53.819217,-27.139738],[-53.710696,-26.873811],[-53.746043,-26.693873],[-53.66672,-26.219174],[-53.826193,-25.972677],[-53.90996,-25.629236],[-54.2148,-25.531464],[-54.600203,-25.574945],[-54.706475,-26.441796],[-54.97527,-26.787821],[-55.414003,-26.979851],[-55.754732,-27.443698],[-56.124554,-27.298901],[-56.367537,-27.580641],[-56.54644,-27.455067],[-56.904351,-27.418687],[-57.180097,-27.487313],[-58.021958,-27.259834],[-58.510765,-27.278437],[-58.653289,-27.156274],[-58.247939,-26.758159],[-58.206184,-26.402728],[-58.086501,-26.12719],[-57.556921,-25.45984],[-57.754067,-25.180891],[-58.224064,-24.941216],[-58.809196,-24.776781],[-59.340973,-24.4876],[-59.459725,-24.358512],[-60.033669,-24.007009],[-60.328018,-24.017964],[-61.006349,-23.805471],[-61.109857,-23.606982],[-61.491849,-23.413195],[-61.956446,-23.034407],[-62.287227,-22.483949],[-62.650357,-22.234456],[-62.804353,-22.004082],[-63.947591,-22.007596],[-64.293978,-22.690862],[-64.572023,-22.343183],[-64.58688,-22.212752],[-65.020368,-22.096583],[-65.744613,-22.11405],[-66.094488,-21.83293],[-66.240009,-21.792415],[-66.377468,-22.127072],[-66.735896,-22.225051],[-66.796461,-22.434857],[-67.032725,-22.524567],[-67.193904,-22.822223]]],[[[-68.641882,-54.782971],[-67.030995,-54.905206],[-66.540508,-55.051046],[-65.966225,-54.902073],[-65.332265,-54.913832],[-65.155588,-54.640558],[-65.844228,-54.647393],[-66.482213,-54.4658],[-66.766582,-54.249842],[-67.29776,-54.053806],[-67.983632,-53.601332],[-68.111402,-53.343802],[-68.451351,-53.297717],[-68.520715,-53.120631],[-68.265981,-52.980645],[-68.627617,-52.639572],[-68.641882,-54.782971]]]]},"properties":{"name":"Argentina","ISO3166-1-Alpha-3":"ARG","ISO3166-1-Alpha-2":"AR"}},
{"type":"Feature","geometry":{"type":"Polygon","coordinates":[[[33.780935,34.976345],[33.78183,34.976223],[33.891841,34.958139],[33.898116,35.061272],[33.906505,35.069105],[33.679435,35.033899],[33.702935,34.987943],[33.701508,34.972886],[33.780935,34.976345]]]},"properties":{"name":"Dhekelia Sovereign Base Area","ISO3166-1-Alpha-3":"-99","ISO3166-1-Alpha-2":"-99"}},
{"type":"Feature","geometry":{"type":"MultiPolygon","coordinates":[[[[33.702935,34.987943],[33.415924,35.160336],[32.921949,35.072279],[32.815857,35.06277],[32.806504,35.09481],[32.712711,35.133774],[32.691549,35.183705],[32.659813,35.187082],[32.584809,35.172512],[32.372325,35.04149],[32.413341,34.753485],[32.760671,34.653225],[33.015635,34.634425],[33.605642,34.821763],[33.701508,34.972886],[33.702935,34.987943]]],[[[33.898116,35.061272],[33.891841,34.958139],[34.021961,35.057009],[33.898116,35.061272]]]]},"properties":{"name":"Cyprus","ISO3166-1-Alpha-3":"CYP","ISO3166-1-Alpha-2":"CY"}},
{"type":"Feature","geometry":{"type":"MultiPolygon","coordinates":[[[[77.800346,35.495406],[77.048971,35.110442],[76.921123,34.920712],[76.553187,34.72584],[76.023401,34.677161],[75.777111,34.503812],[75.348093,34.55722],[74.285832,34.768887],[73.962234,34.668169],[73.774856,34.370952],[73.998304,34.196803],[74.034581,33.828608],[74.141552,33.549374],[74.002335,33.177692],[74.322006,32.972045],[74.418951,32.784615],[74.649738,32.723146],[74.724978,32.46081],[75.023668,32.466262],[75.359048,32.261675],[75.294659,32.148892],[74.828641,32.025437],[74.489437,31.711192],[74.61191,31.440201],[74.329757,30.899614],[73.85175,30.372669],[73.944354,30.188288],[73.370332,29.927322],[73.232873,29.536596],[72.901524,29.022622],[72.382176,28.784006],[72.149942,28.353774],[71.89156,28.097097],[71.860864,27.950207],[71.31144,27.861711],[70.831573,27.701463],[70.633187,27.93163],[70.341939,28.01147],[70.090688,27.79355],[70.016894,27.60059],[69.575577,27.188419],[69.465093,26.80777],[69.815562,26.580291],[70.158074,26.530113],[70.064643,25.980327],[70.264579,25.697296],[70.657475,25.63363],[70.646623,25.431369],[70.859891,25.139449],[71.063858,24.682577],[70.917717,24.361718],[70.755453,24.231442],[70.562907,24.424092],[70.109705,24.3049],[69.972039,24.165219],[69.563071,24.276762],[68.725913,24.289216],[68.724466,23.965179],[68.431564,23.967143],[68.183035,23.842108],[68.163748,23.757717],[68.552257,23.259711],[68.866222,23.019965],[69.23878,22.841946],[69.715831,22.746894],[69.833181,22.858466],[70.398774,22.945502],[70.178477,22.561957],[69.962087,22.535346],[69.616059,22.355902],[69.359874,22.329169],[68.974376,22.404731],[68.994151,22.203925],[69.198416,21.979722],[69.814708,21.433661],[70.054445,21.153155],[70.541515,20.807847],[70.982432,20.71015],[71.46225,20.885321],[72.104747,21.205064],[72.295665,21.653876],[72.166026,21.793931],[72.317231,22.184882],[72.553071,22.282457],[72.532074,21.713853],[72.60613,21.266588],[72.944998,20.770006],[72.74822,20.280341],[72.650076,19.841986],[72.977387,18.295071],[72.980968,18.080552],[73.234711,17.302314],[73.319184,16.509752],[73.447032,16.068915],[73.587576,15.902899],[73.766287,15.49726],[73.885916,15.435207],[74.111339,14.780341],[74.263194,14.701606],[74.504731,14.01024],[74.614594,13.835517],[74.817556,12.861762],[75.13087,12.207831],[75.530772,11.693671],[75.832774,11.097846],[75.922048,10.76557],[76.177501,10.17064],[76.359223,9.915432],[76.311778,9.492987],[76.543956,8.912502],[76.99586,8.368109],[77.315603,8.127753],[77.510916,8.075995],[78.062755,8.373196],[78.177908,8.86107],[78.44988,9.116604],[78.956798,9.274848],[78.980805,9.667182],[79.279063,10.035834],[79.398123,10.324652],[79.759776,10.258246],[79.86378,10.37873],[79.855317,11.159857],[79.751964,11.576972],[79.861827,12.02204],[80.156016,12.474514],[80.332774,13.198147],[80.326996,13.430365],[80.119395,13.500678],[80.237153,13.839667],[80.121104,14.242011],[80.196951,14.565009],[80.054535,15.014146],[80.090587,15.304877],[80.263194,15.674547],[80.69044,15.900702],[80.998871,15.846747],[81.155447,15.9855],[81.317393,16.367499],[81.76295,16.322577],[82.307384,16.579779],[82.365571,16.811591],[82.299327,17.030341],[82.474864,17.205959],[83.238943,17.592963],[83.613943,18.045152],[84.077403,18.271552],[84.423676,18.636461],[84.872081,19.219875],[85.180431,19.475002],[85.220958,19.736029],[85.463552,19.902899],[85.549164,19.690619],[86.268565,19.910346],[86.495128,20.184068],[86.701671,20.284654],[86.733897,20.462226],[87.003591,20.65705],[86.844005,21.082221],[86.917654,21.327379],[87.200938,21.551988],[87.703787,21.655504],[87.97047,21.836493],[88.203787,21.805406],[88.393077,21.600246],[88.762462,21.555854],[88.881602,21.672024],[89.060395,22.129869],[88.842773,22.964568],[88.954704,23.183806],[88.685935,23.293308],[88.719421,23.468104],[88.540104,23.649953],[88.737508,24.287097],[88.475405,24.315468],[88.138785,24.49525],[88.02179,24.645603],[88.20245,24.9453],[88.43148,25.173038],[88.898635,25.169318],[88.772338,25.501959],[88.530286,25.500202],[88.074396,25.908135],[88.163796,26.140473],[88.656273,26.415133],[88.807995,26.233439],[89.043743,26.381078],[89.131593,26.133755],[89.351476,25.996864],[89.602882,26.055258],[89.830051,25.90798],[89.795015,25.374163],[90.364644,25.149991],[90.82198,25.142291],[91.235702,25.201925],[91.471036,25.133919],[92.001753,25.18296],[92.458056,24.953284],[92.233781,24.777533],[92.107587,24.405979],[91.596507,24.10499],[91.363033,24.099848],[91.216272,23.908387],[91.140824,23.6121],[91.300504,23.142309],[91.536562,22.981854],[91.795564,23.089496],[91.743681,23.272327],[92.150788,23.731653],[92.356874,23.289122],[92.378681,22.900438],[92.495883,22.695618],[92.575879,21.977574],[92.853898,22.024135],[93.169021,22.246912],[93.079517,22.77272],[93.3749,23.129726],[93.456652,23.95996],[93.612404,24.009052],[93.997911,23.916965],[94.19025,23.995281],[94.289986,24.31676],[94.708565,25.02589],[94.550125,25.245282],[94.608003,25.394627],[95.008805,25.737138],[95.139546,26.029937],[95.046322,26.24796],[95.119082,26.604217],[95.392658,26.691757],[96.142586,27.25751],[96.758879,27.341743],[96.87019,27.61909],[97.222933,27.899719],[97.323496,28.217478],[97.11555,28.366564],[96.336459,28.479667],[96.59801,28.70991],[96.457605,28.994588],[96.141966,29.368467],[95.744781,29.340432],[95.224916,29.059364],[94.776571,29.166696],[94.63043,29.319452],[94.270786,29.09793],[94.250183,28.933107],[93.86308,28.704871],[93.446213,28.671894],[93.186286,28.431995],[92.65484,28.105831],[92.574977,27.847806],[92.239568,27.865277],[92.064878,27.761721],[91.628339,27.852694],[91.59506,27.546382],[91.975088,27.472433],[92.03586,26.854848],[91.520646,26.79759],[90.587783,26.780072],[90.382627,26.891796],[90.089157,26.741728],[89.822093,26.701007],[89.341657,26.854331],[88.954549,26.912622],[88.730067,27.150954],[88.892331,27.315543],[88.741022,27.54571],[88.853884,27.843676],[88.610488,28.105831],[88.118218,27.860885],[87.970733,27.10274],[88.169067,26.744002],[88.074189,26.453942],[87.326225,26.353328],[87.083294,26.432083],[86.713601,26.414565],[86.284428,26.61202],[86.01137,26.654447],[85.821614,26.571713],[85.598578,26.854383],[85.28728,26.736974],[84.801934,27.013753],[84.640239,27.028377],[84.577039,27.329031],[84.289408,27.376108],[84.079601,27.509536],[83.834087,27.434037],[83.132786,27.444217],[82.752137,27.494964],[82.652143,27.70415],[82.401926,27.677175],[82.051611,27.905171],[81.855654,27.850937],[81.307057,28.123814],[81.146344,28.372249],[80.648338,28.619753],[80.349751,28.620218],[80.036386,28.837026],[80.278748,29.268085],[80.213739,29.416888],[80.368975,29.757926],[80.57134,29.946855],[80.996017,30.196969],[80.723062,30.392048],[80.252806,30.565009],[79.833504,30.961522],[79.394978,31.036711],[79.238319,31.329656],[78.921008,31.269685],[78.73848,31.334988],[78.818889,31.607374],[78.670887,31.770517],[78.744578,31.9642],[78.457981,32.229662],[78.447542,32.566256],[78.630166,32.578013],[78.943429,32.346373],[79.112928,32.472386],[79.443497,32.534773],[79.620673,32.728725],[79.414089,32.972053],[79.456096,33.250399],[79.098028,33.287655],[78.824263,33.461059],[78.730109,34.079265],[78.98539,34.286358],[78.607325,34.546471],[78.273186,34.658867],[78.001161,35.268908],[77.800346,35.495406]]],[[[93.052745,13.283881],[92.847423,13.344916],[92.717784,12.362494],[92.539724,11.894436],[92.796886,11.865139],[92.768809,12.084703],[92.990571,12.519232],[92.964041,12.864936],[93.052745,13.283881]]]]},"properties":{"name":"India","ISO3166-1-Alpha-3":"IND","ISO3166-1-Alpha-2":"IN"}},
{"type":"Feature","geometry":{"type":"MultiPolygon","coordinates":[[[[77.800346,35.495406],[78.001161,35.268908],[78.273186,34.658867],[78.607325,34.546471],[78.98539,34.286358],[78.730109,34.079265],[78.824263,33.461059],[79.098028,33.287655],[79.456096,33.250399],[79.414089,32.972053],[79.620673,32.728725],[79.443497,32.534773],[79.112928,32.472386],[78.943429,32.346373],[78.630166,32.578013],[78.447542,32.566256],[78.457981,32.229662],[78.744578,31.9642],[78.670887,31.770517],[78.818889,31.607374],[78.73848,31.334988],[78.921008,31.269685],[79.238319,31.329656],[79.394978,31.036711],[79.833504,30.961522],[80.252806,30.565009],[80.723062,30.392048],[80.996017,30.196969],[81.194506,30.004475],[81.591588,30.414269],[82.088767,30.330088],[82.144526,30.069432],[82.541814,29.923239],[82.836576,29.659793],[83.162086,29.62517],[83.517052,29.191708],[83.945553,29.291831],[84.099135,29.247001],[84.235147,28.90002],[84.677756,28.604405],[84.918723,28.535675],[85.080212,28.318789],[85.259581,28.266932],[85.675059,28.306387],[85.98026,27.885172],[86.203038,28.002581],[86.438837,27.910856],[86.661976,28.106838],[87.155796,27.825796],[88.118218,27.860885],[88.610488,28.105831],[88.853884,27.843676],[88.741022,27.54571],[88.892331,27.315543],[89.050954,27.608282],[89.561489,28.13464],[89.862918,28.295793],[90.261804,28.335354],[90.587726,28.233298],[90.683901,28.087072],[91.092558,27.971679],[91.269705,28.072861],[91.628339,27.852694],[92.064878,27.761721],[92.239568,27.865277],[92.574977,27.847806],[92.65484,28.105831],[93.186286,28.431995],[93.446213,28.671894],[93.86308,28.704871],[94.250183,28.933107],[94.270786,29.09793],[94.63043,29.319452],[94.776571,29.166696],[95.224916,29.059364],[95.744781,29.340432],[96.141966,29.368467],[96.457605,28.994588],[96.59801,28.70991],[96.336459,28.479667],[97.11555,28.366564],[97.323496,28.217478],[97.527721,28.529526],[97.699597,28.48803],[98.118693,28.14079],[98.107117,27.973074],[98.400019,27.675728],[98.679279,27.577336],[98.672561,27.175603],[98.749248,26.771442],[98.692404,25.87899],[98.461307,25.794654],[98.332633,25.566968],[97.737527,25.090511],[97.536093,24.745028],[97.707658,24.125299],[97.889973,24.022617],[98.181531,24.118658],[98.503269,24.121268],[98.663259,23.969546],[98.857356,23.604348],[98.910686,23.297597],[99.21661,23.057379],[99.534627,22.949324],[99.307871,22.719596],[99.35779,22.495476],[99.166381,22.204641],[99.942406,22.045529],[99.95026,21.721156],[100.326517,21.524269],[100.621744,21.469078],[101.068693,21.762032],[101.159024,21.552691],[101.275296,21.174109],[101.722504,21.30423],[101.751546,21.80637],[101.518227,22.228205],[101.654549,22.446125],[102.118655,22.397549],[102.218029,22.410675],[102.442718,22.765175],[102.845174,22.585238],[102.989093,22.437598],[103.309642,22.787938],[103.473146,22.591645],[103.646934,22.799049],[103.866817,22.575419],[104.213256,22.825016],[104.340173,22.686368],[104.728212,22.839098],[104.797923,23.085569],[105.332258,23.317958],[105.853879,22.90465],[105.999245,22.975369],[106.31566,22.8538],[106.667473,22.86752],[106.735531,22.695412],[106.526913,22.427779],[106.722354,22.006978],[107.021147,21.892257],[107.348155,21.599355],[107.744823,21.657542],[107.991222,21.485663],[108.44809,21.658108],[109.135753,21.602973],[109.21461,21.417426],[109.530772,21.491645],[109.917979,21.489407],[109.670177,21.123236],[109.773204,20.821519],[109.74586,20.629788],[110.127533,20.247992],[110.399994,20.300767],[110.53419,20.478258],[110.156749,20.848863],[110.156749,20.986029],[110.481456,21.21719],[110.636485,21.23017],[111.206309,21.53205],[111.630463,21.529853],[111.991954,21.763821],[112.244884,21.706529],[112.608002,21.775092],[112.82602,21.966132],[113.230561,22.043158],[113.302745,22.183295],[113.587655,22.237882],[113.59917,22.57518],[113.367931,22.880683],[113.612071,22.994696],[113.890345,22.452712],[114.082367,22.529364],[114.229828,22.555813],[114.716732,22.790803],[114.865816,22.601745],[115.065475,22.795985],[115.373508,22.694177],[115.583995,22.880316],[115.809906,22.808336],[116.494688,22.939352],[116.731293,23.257717],[116.917572,23.637926],[117.078407,23.564611],[117.582367,23.889309],[117.893647,24.028022],[117.98935,24.394761],[118.130951,24.620063],[118.571137,24.568996],[119.10963,25.406806],[119.558442,25.563788],[119.566417,26.050238],[119.673595,26.280504],[119.675059,26.618801],[120.079682,26.646064],[120.237397,26.927232],[120.517833,27.201606],[120.545909,27.403266],[120.835297,27.955959],[121.236827,28.306098],[121.656342,28.339301],[121.510128,28.657059],[121.840587,29.161119],[121.983039,29.823176],[121.677756,30.000641],[121.377384,30.325064],[121.149697,30.325753],[120.892812,30.169796],[120.734401,30.232213],[120.977759,30.543318],[121.410598,30.767388],[121.977383,30.914923],[121.725164,31.281567],[121.320323,31.504828],[121.115087,31.796334],[121.286418,31.890589],[121.675554,31.723573],[121.821945,31.952486],[121.44337,32.114325],[121.35414,32.414823],[120.911199,32.630121],[120.895763,33.013577],[120.730235,33.204901],[120.407074,33.859768],[120.257091,34.311835],[119.640961,34.550523],[119.34669,34.780829],[119.207286,35.048407],[119.64796,35.58393],[120.242768,35.973578],[120.105317,36.200873],[120.696788,36.143988],[120.75058,36.459174],[121.408946,36.753974],[122.039643,36.984605],[122.319835,36.822943],[122.525401,36.944485],[122.549083,37.310858],[122.129893,37.483466],[121.476899,37.468004],[121.13795,37.701158],[120.738048,37.83397],[120.46339,37.747748],[119.858897,37.360175],[119.7706,37.151842],[119.441173,37.120551],[118.972423,37.280666],[118.976654,37.610907],[119.243083,37.769482],[118.840099,38.152574],[118.542979,38.068345],[118.084809,38.138739],[117.716082,38.378511],[117.565971,38.612507],[117.718272,39.093004],[118.04538,39.218972],[118.34427,39.030709],[118.61936,39.161042],[118.940196,39.138861],[119.305075,39.432978],[119.33961,39.715562],[119.535592,39.890826],[120.436046,40.194485],[120.620942,40.474433],[120.990977,40.831285],[121.361339,40.939643],[122.049083,40.74608],[122.30185,40.502346],[121.774425,39.920844],[121.535899,39.861762],[121.436046,39.508612],[121.674083,39.088039],[121.090424,38.899075],[121.153087,38.727607],[121.654796,38.857856],[122.127452,39.141995],[122.396332,39.411038],[123.009125,39.680487],[123.174327,39.665758],[123.622569,39.871731],[123.985688,39.810248],[124.202159,39.878607],[124.369965,40.098293],[124.895508,40.483628],[125.363593,40.646719],[125.760933,40.885671],[126.007843,40.899313],[126.501301,41.434371],[126.617883,41.665933],[126.887118,41.784918],[127.269058,41.504961],[127.638338,41.429875],[128.185695,41.404451],[128.303,41.583406],[128.034593,41.993743],[128.502368,41.996094],[128.963838,42.088517],[129.243098,42.378706],[129.703328,42.442372],[129.879751,42.996033],[130.239006,42.90224],[130.243037,42.743361],[130.530771,42.53048],[130.407161,42.735377],[130.769516,42.865808],[130.992448,42.848729],[131.280906,43.380221],[131.170319,43.781101],[131.264473,44.054211],[131.065829,44.682028],[130.933434,44.841708],[131.419502,44.958962],[131.818031,45.33279],[131.96965,45.233829],[132.953362,45.024385],[133.11542,45.123035],[133.202133,45.51128],[133.413489,45.573343],[133.687374,46.141836],[133.902452,46.258986],[134.154116,47.257892],[134.484638,47.430181],[134.772579,47.710732],[134.567217,48.040376],[134.700852,48.261526],[134.38635,48.381337],[133.721274,48.244757],[133.463719,48.089521],[133.091958,48.10678],[132.658807,47.869818],[132.524655,47.707528],[131.577426,47.668564],[131.023351,47.682284],[130.663373,48.116444],[130.819436,48.281886],[130.533252,48.635792],[130.674328,48.870817],[130.249341,48.864512],[129.913444,49.03954],[129.711183,49.274151],[129.050551,49.376677],[128.666182,49.609479],[128.09247,49.541577],[127.830884,49.593873],[127.508113,49.822335],[127.578393,50.220553],[127.330656,50.328195],[127.287352,50.751012],[126.931766,51.063783],[126.954607,51.329581],[126.446059,51.982539],[126.53117,52.152658],[126.035128,52.727119],[125.621355,53.062137],[125.127432,53.206547],[124.72017,53.148824],[124.232706,53.381652],[123.639564,53.551254],[123.252559,53.567791],[122.859663,53.473946],[122.337835,53.49131],[121.203485,53.276749],[120.874255,53.28016],[120.280182,52.865922],[120.429941,52.636091],[120.72398,52.542169],[120.626156,52.346806],[120.77917,52.117595],[120.647602,51.911019],[120.108203,51.665194],[119.748277,51.083395],[119.293576,50.599238],[119.31621,50.092654],[119.091676,49.986562],[118.644365,49.954575],[118.168632,49.671491],[117.758838,49.512741],[117.057588,49.672886],[116.684278,49.823265],[115.800404,48.530372],[115.809292,48.273954],[115.51453,48.122103],[115.561866,47.933199],[115.852701,47.705565],[116.243891,47.862894],[116.85326,47.872118],[117.317107,47.654069],[117.741681,47.977589],[118.182481,48.028206],[118.542252,47.966246],[118.767406,47.756156],[119.699959,47.159526],[119.902893,46.842413],[119.680116,46.591628],[119.316934,46.611678],[118.816241,46.758181],[118.238291,46.715393],[117.696206,46.512253],[117.393795,46.57137],[117.301708,46.350144],[116.804581,46.382906],[116.603559,46.309319],[116.011967,45.678557],[115.63783,45.444359],[114.938855,45.373769],[114.533711,45.3855],[114.418886,45.20148],[114.055291,44.940565],[113.635058,44.746262],[113.104858,44.794373],[112.614242,44.908836],[112.441333,45.052393],[112.011488,45.087482],[111.738533,44.9663],[111.406357,44.416463],[111.519425,44.18857],[111.838785,43.938792],[111.933353,43.696636],[111.59725,43.523391],[110.933724,43.287772],[110.406728,42.768605],[109.485131,42.449296],[108.796852,42.398369],[108.177355,42.454309],[106.767829,42.286619],[105.868607,41.993484],[105.014809,41.596144],[104.497993,41.665778],[104.500784,41.870598],[103.720986,41.755566],[103.073481,42.004517],[102.034164,42.18461],[101.637599,42.515442],[101.21871,42.529834],[100.016975,42.676518],[99.474476,42.564199],[97.193271,42.78726],[96.350635,42.740906],[96.294308,42.933272],[95.908492,43.214547],[95.379428,44.287117],[95.036814,44.254974],[94.69823,44.343496],[93.97507,44.659962],[93.525278,44.951263],[92.752715,45.037976],[92.475109,44.997461],[91.662963,45.059525],[91.135036,45.197862],[90.90549,45.185977],[90.651138,45.493142],[90.710773,45.752196],[91.002435,46.021843],[90.896188,46.302033],[91.047496,46.566409],[90.828182,46.982301],[90.46872,47.308922],[90.441228,47.493045],[90.082852,47.756104],[89.751296,47.824317],[89.5418,48.031023],[89.045551,47.992989],[88.580774,48.211994],[88.565116,48.342993],[87.942828,48.599489],[87.805885,48.800588],[87.816324,49.165837],[87.323796,49.085274],[86.887337,49.106823],[86.727502,48.990344],[86.744503,48.70354],[86.565083,48.527323],[86.19203,48.418234],[85.783683,48.407589],[85.515379,47.92028],[85.670357,47.384344],[85.498636,47.051832],[85.205114,47.033719],[84.916036,46.850552],[84.663545,46.983852],[83.905348,46.973956],[83.150356,47.211538],[82.838953,46.732446],[82.488949,45.901695],[82.291493,45.533191],[82.615711,45.435419],[82.585222,45.17683],[82.294594,45.228197],[81.950119,45.144481],[81.739279,45.338061],[80.853855,45.126497],[80.061707,45.018959],[80.376313,44.67128],[80.345101,44.103097],[80.712727,43.458873],[80.773395,43.112925],[80.368148,43.02846],[80.140048,42.622955],[80.210328,42.189519],[80.181906,42.020976],[79.842909,42.00183],[79.747514,41.879745],[79.30413,41.787554],[78.359899,41.377527],[78.074955,41.039512],[77.474888,40.982047],[76.860972,41.013208],[76.449111,40.415519],[76.244162,40.441202],[75.681819,40.291702],[75.559863,40.63287],[75.19389,40.441254],[74.835359,40.511637],[74.369858,40.105822],[74.003989,40.060812],[73.823018,39.805685],[73.926784,39.592882],[73.632642,39.448343],[73.602256,39.235772],[73.81599,38.993771],[73.683698,38.854942],[73.797387,38.602839],[74.334201,38.666995],[74.776345,38.510674],[74.790711,38.081449],[74.965171,37.767463],[74.891893,37.599205],[75.164125,37.400638],[74.892307,37.231114],[74.487267,37.225946],[74.542354,37.021669],[75.351297,36.915784],[75.410518,36.747319],[75.790547,36.687839],[75.976582,36.462633],[75.894313,36.097384],[76.166027,35.806239],[76.56528,35.865461],[76.777351,35.646112],[77.412773,35.469412],[77.800346,35.495406]]],[[[111.010509,19.683783],[110.934581,19.995063],[110.640147,20.108344],[110.08961,19.978095],[109.719005,20.010647],[109.303722,19.921698],[109.156505,19.649644],[108.631684,19.286282],[108.694998,18.504828],[109.000743,18.367174],[109.439952,18.288967],[109.568044,18.193183],[109.746104,18.395901],[110.052582,18.390204],[110.103282,18.539374],[110.426768,18.680894],[110.465587,18.881903],[110.698253,19.416938],[111.010509,19.683783]]],[[[121.844075,31.607947],[121.264065,31.841077],[121.314464,31.655585],[121.851374,31.439179],[121.844075,31.607947]]]]},"properties":{"name":"China","ISO3166-1-Alpha-3":"CHN","ISO3166-1-Alpha-2":"CN"}},
{"type":"Feature","geometry":{"type":"Polygon","coordinates":[[[34.248351,31.211449],[34.824365,29.7417],[34.886729,29.490058],[34.955577,29.558987],[35.145276,30.154905],[35.140005,30.430185],[35.438488,31.103736],[35.458125,31.491929],[35.223307,31.381031],[34.867153,31.396431],[35.034323,31.861114],[34.958223,32.186454],[35.06435,32.463136],[35.208631,32.54264],[35.560961,32.384717],[35.562718,32.64421],[35.75759,32.744347],[35.888073,32.944941],[35.8211,33.406722],[35.480139,33.087387],[35.105235,33.089016],[34.94752,32.814154],[34.837657,32.280707],[34.711925,31.951606],[34.481204,31.583141],[34.248351,31.211449]]]},"properties":{"name":"Israel","ISO3166-1-Alpha-3":"ISR","ISO3166-1-Alpha-2":"IL"}},
{"type":"Feature","geometry":{"type":"MultiPolygon","coordinates":[[[[34.481204,31.583141],[34.200269,31.314267],[34.248351,31.211449],[34.481204,31.583141]]],[[[35.560961,32.384717],[35.208631,32.54264],[35.06435,32.463136],[34.958223,32.186454],[35.034323,31.861114],[34.867153,31.396431],[35.223307,31.381031],[35.458125,31.491929],[35.55941,31.765349],[35.560961,32.384717]]]]},"properties":{"name":"Palestine","ISO3166-1-Alpha-3":"PSE","ISO3166-1-Alpha-2":"PS"}},
{"type":"Feature","geometry":{"type":"Polygon","coordinates":[[[35.105235,33.089016],[35.480139,33.087387],[35.8211,33.406722],[36.012923,33.608027],[36.05044,33.816438],[36.267171,33.910386],[36.604101,34.199102],[36.530617,34.41418],[36.26159,34.627242],[35.9699,34.649849],[35.627208,34.201117],[35.57838,33.916693],[35.271007,33.457506],[35.105235,33.089016]]]},"properties":{"name":"Lebanon","ISO3166-1-Alpha-3":"LBN","ISO3166-1-Alpha-2":"LB"}},
{"type":"Feature","geometry":{"type":"Polygon","coordinates":[[[34.070698,9.454592],[34.11185,8.626555],[33.970774,8.445377],[33.695545,8.372875],[33.600099,8.463955],[33.174078,8.404475],[33.206893,8.240738],[32.9898,7.917244],[33.051295,7.801127],[33.462329,7.749502],[33.71606,7.657156],[34.006534,7.409936],[34.031132,7.255372],[34.524745,6.752871],[34.733518,6.637606],[34.984355,5.841014],[35.098663,5.622474],[35.430219,5.427215],[35.80415,5.318023],[35.784513,4.764181],[35.920835,4.619332],[36.041345,4.443683],[36.844087,4.432237],[37.976731,3.72644],[38.101891,3.612649],[38.496906,3.62394],[38.895227,3.513585],[39.436176,3.462374],[39.745098,3.660579],[39.848451,3.867284],[40.763744,4.284933],[41.114524,3.962343],[41.885019,3.977226],[42.13534,4.200081],[42.78977,4.285605],[43.119259,4.647702],[43.528485,4.841566],[43.968975,4.953962],[44.941525,4.911484],[45.935986,5.996689],[46.423915,6.496736],[47.979169,7.996567],[46.97923,7.996567],[45.51441,8.496537],[44.023855,8.985525],[43.621502,9.336899],[43.419034,9.413018],[42.836279,10.208086],[42.699646,10.65855],[42.923715,10.998787],[42.615621,11.08966],[42.391758,11.005893],[41.79872,10.970675],[41.74911,11.537953],[42.379459,12.465907],[42.137304,12.77333],[41.946617,12.876166],[41.7118,13.247926],[41.192038,13.615863],[40.833197,14.105962],[40.421646,14.273755],[40.104559,14.465966],[39.911186,14.42341],[39.489403,14.524489],[39.20818,14.440179],[39.075475,14.637402],[38.866082,14.493664],[38.426832,14.417183],[38.229325,14.679725],[38.006703,14.7244],[37.891464,14.879532],[37.564973,14.116685],[37.293775,14.457439],[37.072703,14.285305],[36.748072,14.332072],[36.52638,14.263523],[36.382099,13.571033],[36.233581,13.36164],[36.114415,12.933889],[36.123614,12.721447],[35.728392,12.67437],[35.616875,12.575151],[35.215555,11.896588],[35.048227,11.771376],[35.073135,11.54896],[34.947148,11.274868],[34.933816,10.845308],[34.838524,10.72914],[34.587067,10.879285],[34.279489,10.565506],[34.32486,10.268651],[34.098208,9.67972],[34.070698,9.454592]]]},"properties":{"name":"Ethiopia","ISO3166-1-Alpha-3":"ETH","ISO3166-1-Alpha-2":"ET"}},
{"type":"Feature","geometry":{"type":"Polygon","coordinates":[[[35.920835,4.619332],[35.784513,4.764181],[35.80415,5.318023],[35.430219,5.427215],[35.098663,5.622474],[34.984355,5.841014],[34.733518,6.637606],[34.524745,6.752871],[34.031132,7.255372],[34.006534,7.409936],[33.71606,7.657156],[33.462329,7.749502],[33.051295,7.801127],[32.9898,7.917244],[33.206893,8.240738],[33.174078,8.404475],[33.600099,8.463955],[33.695545,8.372875],[33.970774,8.445377],[34.11185,8.626555],[34.070698,9.454592],[33.900855,9.45529],[33.96912,9.838341],[33.902096,10.192041],[33.182088,10.843241],[33.082921,11.584565],[33.209218,12.210367],[32.731779,12.216155],[32.746662,12.002731],[32.082207,11.999811],[32.34524,11.709106],[32.414073,11.050851],[31.942887,10.655552],[31.664816,10.214236],[31.234817,9.792323],[30.749265,9.735763],[30.484578,9.972028],[30.012979,10.270485],[29.615432,10.058147],[29.483089,9.761679],[29.009474,9.603239],[28.843841,9.324545],[28.04511,9.331407],[27.895072,9.59541],[27.080393,9.606831],[26.694318,9.476942],[26.556859,9.520454],[26.179466,9.95898],[25.90093,10.191059],[25.843053,10.417815],[25.084081,10.293223],[24.976284,9.967351],[24.792677,9.798369],[24.794383,9.532184],[24.680178,9.373357],[24.558377,8.886746],[24.170328,8.689327],[24.243719,8.570176],[24.131374,8.343058],[24.832107,8.16573],[25.279418,7.659482],[25.190431,7.501197],[25.360033,7.335574],[26.026091,6.99668],[26.080971,6.842348],[26.378007,6.65329],[26.28964,6.387208],[26.452008,6.28029],[26.527972,6.043172],[26.705016,6.009789],[27.170413,5.72035],[27.30131,5.205187],[27.441301,5.070725],[27.766863,4.735449],[27.772444,4.595819],[28.177587,4.347229],[28.404137,4.277828],[28.755433,4.553987],[29.303927,4.387149],[29.494096,4.668295],[29.777696,4.523859],[29.776198,4.405624],[30.122688,4.102464],[30.205887,3.95038],[30.53889,3.84155],[30.839543,3.490202],[30.944447,3.679286],[31.141489,3.785119],[31.505446,3.659855],[31.780985,3.815815],[31.943662,3.591255],[32.371801,3.731065],[32.756429,3.769022],[33.01724,3.87718],[33.19542,3.757059],[33.532609,3.774293],[33.977078,4.219692],[34.381188,4.620158],[35.245726,4.98172],[35.570836,4.904313],[35.610641,4.620014],[35.920835,4.619332]]]},"properties":{"name":"South Sudan","ISO3166-1-Alpha-3":"SSD","ISO3166-1-Alpha-2":"SS"}},
{"type":"Feature","geometry":{"type":"Polygon","coordinates":[[[47.979169,7.996567],[46.423915,6.496736],[45.935986,5.996689],[44.941525,4.911484],[43.968975,4.953962],[43.528485,4.841566],[43.119259,4.647702],[42.78977,4.285605],[42.13534,4.200081],[41.885019,3.977226],[41.342727,3.201149],[40.965385,2.814145],[40.968486,0.62234],[40.979751,-0.870798],[41.522871,-1.572771],[41.535085,-1.696303],[41.65211,-1.565118],[42.080903,-0.862888],[43.467621,0.620551],[43.781912,0.921617],[44.550059,1.559068],[45.001475,1.86636],[45.232188,1.967678],[46.027029,2.438137],[46.625743,3.023912],[47.489268,3.936347],[47.948497,4.457099],[48.202403,4.908922],[48.646739,5.480048],[49.036143,6.144232],[49.074718,6.415269],[49.367035,7.025702],[49.586599,7.314765],[49.819347,7.739936],[49.842052,7.962714],[50.058279,8.130316],[50.290212,8.486762],[50.422048,8.857123],[50.648448,9.110419],[50.840343,9.456122],[50.806163,9.624457],[50.927389,10.327844],[51.240977,10.425605],[51.138194,10.676744],[51.085948,11.187974],[51.12086,11.505316],[51.292698,11.833108],[50.797864,11.989119],[50.575938,11.920966],[50.268321,11.589301],[49.851248,11.464911],[49.576834,11.460028],[49.239594,11.300279],[48.939112,11.24913],[48.939111,9.451233],[47.979169,7.996567]]]},"properties":{"name":"Somalia","ISO3166-1-Alpha-3":"SOM","ISO3166-1-Alpha-2":"SO"}},
{"type":"Feature","geometry":{"type":"Polygon","coordinates":[[[35.920835,4.619332],[35.610641,4.620014],[35.570836,4.904313],[35.245726,4.98172],[34.381188,4.620158],[33.977078,4.219692],[34.278868,3.709723],[34.434001,3.182029],[34.730107,2.85285],[34.923584,2.477318],[34.978671,1.675945],[34.778993,1.388547],[34.797907,1.231916],[34.507485,1.102518],[34.388009,0.815817],[34.132417,0.572834],[34.087976,0.367369],[33.893569,0.109814],[33.953514,-0.154356],[33.894809,-0.662749],[33.904214,-1.002573],[34.052526,-1.0404],[35.415647,-1.801284],[36.703527,-2.520414],[37.644865,-3.045963],[37.700055,-3.31437],[37.590294,-3.404081],[37.770955,-3.655435],[39.190603,-4.677504],[39.362478,-4.633966],[39.551117,-4.402114],[39.786388,-3.917169],[39.848969,-3.625177],[40.12908,-3.251886],[40.225108,-2.993748],[40.174978,-2.762628],[40.389822,-2.560317],[40.615896,-2.552504],[40.828624,-2.37477],[40.904307,-2.080336],[41.303477,-1.95615],[41.535085,-1.696303],[41.522871,-1.572771],[40.979751,-0.870798],[40.968486,0.62234],[40.965385,2.814145],[41.342727,3.201149],[41.885019,3.977226],[41.114524,3.962343],[40.763744,4.284933],[39.848451,3.867284],[39.745098,3.660579],[39.436176,3.462374],[38.895227,3.513585],[38.496906,3.62394],[38.101891,3.612649],[37.976731,3.72644],[36.844087,4.432237],[36.041345,4.443683],[35.920835,4.619332]]]},"properties":{"name":"Kenya","ISO3166-1-Alpha-3":"KEN","ISO3166-1-Alpha-2":"KE"}},
{"type":"Feature","geometry":{"type":"Polygon","coordinates":[[[34.964615,-11.573556],[34.759149,-11.337498],[34.592958,-11.016174],[34.672436,-10.739498],[34.4833,-9.946162],[34.012735,-9.477457],[33.734612,-9.584117],[33.404245,-9.604891],[32.920863,-9.4079],[32.97471,-9.601273],[33.216711,-9.727054],[33.309987,-10.012721],[33.533281,-10.231209],[33.674203,-10.577028],[33.500983,-10.769161],[33.319082,-10.81815],[33.390912,-11.164795],[33.230302,-11.416563],[33.302649,-11.60973],[33.2549,-12.072647],[33.373239,-12.518511],[33.024836,-12.612666],[32.995071,-13.190873],[32.722839,-13.573382],[33.049434,-13.996612],[33.202707,-14.013872],[33.439178,-14.380671],[33.604233,-14.524022],[34.344084,-14.387389],[34.501801,-14.575698],[34.584173,-14.984459],[34.569083,-15.27116],[34.233186,-15.88983],[34.385219,-16.186453],[35.004509,-16.814631],[35.0813,-17.12407],[35.304956,-17.104226],[35.214419,-16.484212],[35.374616,-16.140977],[35.697593,-16.107491],[35.795675,-16.004965],[35.84053,-15.417197],[35.784513,-15.195195],[35.904299,-14.886894],[35.853036,-14.667476],[35.455748,-14.136965],[34.894438,-13.534728],[34.640603,-13.492354],[34.545312,-13.325749],[34.494463,-12.68739],[34.354006,-12.199461],[34.651249,-11.570042],[34.964615,-11.573556]]]},"properties":{"name":"Malawi","ISO3166-1-Alpha-3":"MWI","ISO3166-1-Alpha-2":"MW"}},
{"type":"Feature","geometry":{"type":"MultiPolygon","coordinates":[[[[32.920863,-9.4079],[33.404245,-9.604891],[33.734612,-9.584117],[34.012735,-9.477457],[34.4833,-9.946162],[34.672436,-10.739498],[34.592958,-11.016174],[34.759149,-11.337498],[34.964615,-11.573556],[35.654805,-11.57831],[35.826371,-11.413462],[36.168055,-11.578724],[36.199681,-11.701507],[36.747038,-11.66647],[37.044384,-11.595674],[37.427824,-11.722591],[37.783667,-11.55888],[37.875238,-11.319101],[38.25661,-11.27714],[38.492255,-11.413462],[38.896261,-11.167689],[39.286625,-11.15415],[39.482685,-10.999224],[40.008131,-10.811122],[40.43686,-10.474786],[40.232107,-10.200453],[39.986583,-10.139744],[39.77947,-9.930108],[39.650727,-9.444757],[39.643809,-9.18906],[39.493337,-9.079522],[39.28004,-8.309259],[39.454356,-8.010431],[39.296235,-7.688409],[39.303966,-7.4485],[39.547537,-7.118259],[39.464529,-6.85768],[38.852224,-6.348728],[38.778005,-6.030694],[38.83253,-5.815606],[39.138682,-5.103204],[39.190603,-4.677504],[37.770955,-3.655435],[37.590294,-3.404081],[37.700055,-3.31437],[37.644865,-3.045963],[36.703527,-2.520414],[35.415647,-1.801284],[34.052526,-1.0404],[33.904214,-1.002573],[32.357642,-1.002573],[30.828381,-1.002573],[30.471786,-1.066837],[30.555323,-1.31842],[30.831017,-1.594165],[30.834376,-2.345334],[30.5546,-2.400628],[30.416003,-2.645574],[30.415797,-2.851659],[30.718879,-2.989532],[30.832205,-3.172777],[30.46892,-3.513014],[30.003005,-4.271935],[29.728293,-4.461587],[29.404179,-4.449805],[29.321032,-4.836345],[29.593521,-5.620328],[29.476113,-6.002113],[29.525515,-6.273104],[29.738629,-6.652409],[30.090855,-6.890018],[30.369598,-7.31025],[30.441635,-7.596331],[30.654955,-7.92737],[30.752107,-8.194124],[30.959536,-8.550485],[31.353311,-8.587175],[31.672671,-8.913047],[32.383015,-9.133912],[32.518046,-9.258245],[32.920863,-9.4079]]],[[[39.543468,-6.321222],[39.35434,-5.896661],[39.19044,-5.914239],[39.264171,-6.302423],[39.543468,-6.321222]]]]},"properties":{"name":"United Republic of Tanzania","ISO3166-1-Alpha-3":"TZA","ISO3166-1-Alpha-2":"TZ"}},
{"type":"Feature","geometry":{"type":"Polygon","coordinates":[[[35.75759,32.744347],[36.06987,32.516595],[36.373108,32.386422],[36.819385,32.316788],[38.774511,33.371685],[40.690467,34.331497],[40.98802,34.42852],[41.195656,34.768473],[41.191521,35.182143],[41.363501,35.655241],[41.240614,36.043021],[41.276994,36.354785],[41.414867,36.527384],[41.843781,36.617869],[42.357238,37.109984],[42.009249,37.175613],[41.479773,37.075568],[40.708967,37.100476],[39.765252,36.742151],[39.239599,36.661278],[38.66413,36.719517],[38.190051,36.905526],[37.446117,36.634199],[37.014515,36.642261],[36.658568,36.827521],[36.535475,36.494001],[36.587771,36.324812],[36.360498,36.181669],[36.355538,36.022402],[36.138497,35.819779],[35.911305,35.91775],[35.778087,35.541164],[35.962413,35.197943],[35.866873,34.924221],[35.9699,34.649849],[36.26159,34.627242],[36.530617,34.41418],[36.604101,34.199102],[36.267171,33.910386],[36.05044,33.816438],[36.012923,33.608027],[35.8211,33.406722],[35.888073,32.944941],[35.75759,32.744347]]]},"properties":{"name":"Syria","ISO3166-1-Alpha-3":"SYR","ISO3166-1-Alpha-2":"SY"}},
{"type":"Feature","geometry":{"type":"Polygon","coordinates":[[[48.939112,11.24913],[48.654796,11.330634],[48.342784,11.275458],[48.160818,11.145657],[47.677745,11.107978],[47.366873,11.172797],[46.659679,10.75434],[46.447765,10.693101],[45.802745,10.875312],[45.33725,10.670844],[44.962009,10.415799],[44.586149,10.383585],[44.274262,10.456732],[43.8296,10.802965],[43.240733,11.48786],[42.923715,10.998787],[42.699646,10.65855],[42.836279,10.208086],[43.419034,9.413018],[43.621502,9.336899],[44.023855,8.985525],[45.51441,8.496537],[46.97923,7.996567],[47.979169,7.996567],[48.939111,9.451233],[48.939112,11.24913]]]},"properties":{"name":"Somaliland","ISO3166-1-Alpha-3":"-99","ISO3166-1-Alpha-2":"-99"}},
{"type":"Feature","geometry":{"type":"MultiPolygon","coordinates":[[[[-54.615292,2.326267],[-54.134908,2.110673],[-53.866811,2.304925],[-53.531792,2.247047],[-53.344104,2.349625],[-52.959683,2.175217],[-52.707708,2.358927],[-52.353208,3.058419],[-51.988424,3.704555],[-51.683217,4.039374],[-51.650706,4.190009],[-51.801503,4.612698],[-51.931264,4.590399],[-52.994581,5.457624],[-53.517322,5.580775],[-53.94435,5.744641],[-54.170969,5.348375],[-54.482122,4.912802],[-54.450806,4.484224],[-54.355153,4.066523],[-53.988819,3.610995],[-54.19046,3.178102],[-54.212526,2.776421],[-54.359442,2.508013],[-54.615292,2.326267]]],[[[2.5218,51.087541],[1.973481,51.007148],[1.580577,50.868801],[1.521007,50.214667],[1.172618,49.961005],[0.23585,49.729315],[0.256847,49.464057],[-0.219472,49.280097],[-1.072255,49.396796],[-1.391265,49.712714],[-1.811838,49.690741],[-1.884674,49.530911],[-1.610422,49.215888],[-1.579701,48.643256],[-2.312489,48.686957],[-2.636342,48.538804],[-3.077056,48.828274],[-3.515289,48.841946],[-3.614003,48.682685],[-3.973988,48.732815],[-4.563629,48.629625],[-4.783355,48.37641],[-4.457631,48.248969],[-4.434641,47.975653],[-3.345123,47.721259],[-3.073842,47.576483],[-2.758209,47.639065],[-2.501698,47.526679],[-2.404897,47.286444],[-1.992584,47.052314],[-2.118764,46.819973],[-1.804799,46.503607],[-1.179596,46.229478],[-1.048695,46.038804],[-1.194203,45.710191],[-1.139963,45.490058],[-1.247304,44.504543],[-1.476877,43.580064],[-1.794075,43.386015],[-1.403501,43.243331],[-1.274879,43.046831],[-0.759665,42.946501],[-0.561175,42.77354],[-0.307418,42.831831],[-0.038933,42.685148],[0.608159,42.68799],[0.656321,42.83842],[1.319123,42.713363],[1.429297,42.595386],[1.707006,42.502781],[2.051688,42.352351],[2.464893,42.340621],[2.933702,42.470225],[3.18097,42.431484],[3.05185,42.554877],[3.038992,42.942776],[3.385427,43.283922],[3.939301,43.532538],[4.566289,43.371094],[5.338883,43.334289],[5.537836,43.20739],[6.027008,43.078195],[6.679801,43.201553],[6.731146,43.407847],[7.36575,43.72273],[7.437454,43.743361],[7.502289,43.792222],[7.691912,44.084649],[7.033451,44.242934],[6.838838,44.502918],[7.018982,44.738872],[6.602728,45.10345],[7.062183,45.218533],[6.800804,45.826455],[7.022083,45.92526],[6.762667,46.42926],[6.482942,46.448587],[6.214122,46.315469],[6.064157,46.471118],[6.429199,46.760816],[7.044303,47.340497],[7.586028,47.584619],[7.572643,48.094972],[7.810252,48.615018],[8.18873,48.965746],[7.648814,49.035716],[6.843489,49.211054],[6.345307,49.455349],[5.790685,49.537753],[5.402078,49.602451],[4.98908,49.790554],[4.788265,49.974263],[4.435109,49.93225],[4.210006,50.06015],[4.022731,50.338117],[3.755047,50.346334],[3.271045,50.526943],[3.146195,50.768892],[2.786734,50.723365],[2.5218,51.087541]]],[[[-60.810414,14.461982],[-61.002268,14.811428],[-61.159576,14.666938],[-61.005971,14.476264],[-60.810414,14.461982]]],[[[55.787852,-21.103448],[55.57838,-20.87477],[55.302989,-20.905206],[55.225434,-21.048272],[55.354503,-21.274591],[55.554454,-21.363539],[55.820811,-21.324965],[55.787852,-21.103448]]],[[[8.565766,42.208564],[8.805431,41.906928],[8.695567,41.729438],[8.93572,41.489203],[9.210704,41.440863],[9.401622,41.706448],[9.403168,41.952948],[9.552745,42.113023],[9.528087,42.563544],[9.34254,42.749091],[9.107107,42.725898],[8.667491,42.509711],[8.565766,42.208564]]]]},"properties":{"name":"France","ISO3166-1-Alpha-3":"-99","ISO3166-1-Alpha-2":"-99"}},
{"type":"Feature","geometry":{"type":"Polygon","coordinates":[[[-54.615292,2.326267],[-54.359442,2.508013],[-54.212526,2.776421],[-54.19046,3.178102],[-53.988819,3.610995],[-54.355153,4.066523],[-54.450806,4.484224],[-54.482122,4.912802],[-54.170969,5.348375],[-53.986357,5.745665],[-54.036731,5.842351],[-54.77359,5.985256],[-55.844382,5.975962],[-55.999182,5.810713],[-56.659512,5.979716],[-56.956537,6.011574],[-57.12577,5.818145],[-57.163686,5.557074],[-57.24767,5.484931],[-57.315231,5.026103],[-57.720477,4.9898],[-57.918501,4.829758],[-57.837421,4.65088],[-58.067691,4.151143],[-57.829773,3.662439],[-57.565138,3.349822],[-57.283553,3.343802],[-57.174619,2.818951],[-56.70519,2.029645],[-56.481819,1.941614],[-56.019651,1.833507],[-55.925806,2.061684],[-56.116803,2.333089],[-55.989239,2.520829],[-55.724294,2.396909],[-55.399585,2.430189],[-55.017748,2.590592],[-54.615292,2.326267]]]},"properties":{"name":"Suriname","ISO3166-1-Alpha-3":"SUR","ISO3166-1-Alpha-2":"SR"}},
{"type":"Feature","geometry":{"type":"Polygon","coordinates":[[[-56.481819,1.941614],[-56.70519,2.029645],[-57.174619,2.818951],[-57.283553,3.343802],[-57.565138,3.349822],[-57.829773,3.662439],[-58.067691,4.151143],[-57.837421,4.65088],[-57.918501,4.829758],[-57.720477,4.9898],[-57.315231,5.026103],[-57.24767,5.484931],[-57.161518,5.638906],[-57.167307,6.08511],[-58.067863,6.821703],[-58.398427,6.883368],[-58.485015,7.01081],[-58.464223,7.312201],[-59.165151,8.058743],[-60.020985,8.55801],[-59.815595,8.287764],[-60.019458,8.06031],[-60.37476,7.823606],[-60.503279,7.820867],[-60.730578,7.525433],[-60.643064,7.220904],[-60.292336,7.105252],[-60.420958,6.942213],[-61.204787,6.595826],[-61.121562,6.186652],[-61.379608,5.9053],[-60.739854,5.202138],[-60.456357,5.174698],[-60.213426,5.267225],[-59.983104,5.085944],[-60.087697,4.607523],[-59.68674,4.381181],[-59.738468,4.202768],[-59.52923,3.931906],[-59.837661,3.60929],[-59.828488,3.383412],[-59.959385,3.066481],[-60.00008,2.694049],[-59.903135,2.359599],[-59.741698,2.263791],[-59.764539,1.92053],[-59.242141,1.377798],[-58.897873,1.217808],[-58.51893,1.267262],[-58.513659,1.43888],[-58.331913,1.593392],[-58.027229,1.516859],[-57.991003,1.650417],[-57.561159,1.708967],[-57.429487,1.900299],[-57.104494,2.021454],[-56.806476,1.873582],[-56.481819,1.941614]]]},"properties":{"name":"Guyana","ISO3166-1-Alpha-3":"GUY","ISO3166-1-Alpha-2":"GY"}},
{"type":"Feature","geometry":{"type":"MultiPolygon","coordinates":[[[[128.364919,38.624335],[128.039864,38.304278],[127.157489,38.307224],[127.026747,38.254462],[126.667459,37.82781],[126.531016,37.754706],[126.755219,37.048814],[126.336029,36.824652],[126.733165,35.885565],[126.361583,35.269029],[126.450287,35.066596],[126.271088,34.642483],[126.490245,34.508612],[126.809825,34.451239],[127.010265,34.612494],[127.315926,34.444901],[128.019298,34.998684],[128.435313,34.843166],[128.526378,35.103461],[128.997026,35.075728],[129.194347,35.155504],[129.4546,35.513251],[129.542572,36.065904],[129.382335,36.20185],[129.471202,36.771877],[129.331065,37.282172],[129.06422,37.67886],[128.631602,38.144965],[128.364919,38.624335]]],[[[126.946056,33.478013],[126.79236,33.563797],[126.310567,33.464476],[126.286143,33.200385],[126.840587,33.310207],[126.946056,33.478013]]]]},"properties":{"name":"South Korea","ISO3166-1-Alpha-3":"KOR","ISO3166-1-Alpha-2":"KR"}},
{"type":"Feature","geometry":{"type":"Polygon","coordinates":[[[128.364919,38.624335],[128.014659,38.85814],[127.769623,39.109198],[127.45224,39.165961],[127.378429,39.371487],[127.574555,39.595038],[127.520844,39.746975],[127.874604,39.892808],[128.006847,40.045152],[128.302094,40.033433],[128.664561,40.201239],[128.65534,40.320177],[129.077564,40.472565],[129.206426,40.675546],[129.752997,40.90994],[129.799897,41.368598],[129.690823,41.649716],[130.073041,42.078459],[130.480684,42.339752],[130.699962,42.295111],[130.530771,42.53048],[130.243037,42.743361],[130.239006,42.90224],[129.879751,42.996033],[129.703328,42.442372],[129.243098,42.378706],[128.963838,42.088517],[128.502368,41.996094],[128.034593,41.993743],[128.303,41.583406],[128.185695,41.404451],[127.638338,41.429875],[127.269058,41.504961],[126.887118,41.784918],[126.617883,41.665933],[126.501301,41.434371],[126.007843,40.899313],[125.760933,40.885671],[125.363593,40.646719],[124.895508,40.483628],[124.369965,40.098293],[124.434418,39.830756],[124.674929,39.622069],[124.866303,39.713853],[125.22519,39.591213],[125.431895,39.300727],[125.287364,39.15233],[125.058241,38.568468],[124.883881,38.355292],[125.013194,37.905992],[125.609223,37.806301],[125.803966,37.988959],[126.062836,37.802232],[126.397716,37.89175],[126.667459,37.82781],[127.026747,38.254462],[127.157489,38.307224],[128.039864,38.304278],[128.364919,38.624335]]]},"properties":{"name":"North Korea","ISO3166-1-Alpha-3":"PRK","ISO3166-1-Alpha-2":"KP"}},
{"type":"Feature","geometry":{"type":"Polygon","coordinates":[[[-17.013743,21.419971],[-16.729956,21.469802],[-15.749964,21.490317],[-14.839813,21.450268],[-14.669875,21.599665],[-14.629852,21.860424],[-14.220187,22.309647],[-14.169906,22.759852],[-14.019992,23.410252],[-13.769982,23.790125],[-13.31001,23.980553],[-13.060025,24.400476],[-12.430141,24.830165],[-12.310019,25.110432],[-12.029752,26.03035],[-11.717239,26.103576],[-11.63621,26.294985],[-11.3369,26.632897],[-11.391574,26.882908],[-10.921835,27.009825],[-10.550282,26.990292],[-10.250455,26.860429],[-9.734362,26.860429],[-9.412056,27.08796],[-9.000919,27.089924],[-8.752872,27.190486],[-8.817035,27.661464],[-8.682385,27.661439],[-8.682385,28.6659],[-8.383489,28.905782],[-7.619453,29.389422],[-7.34961,29.383439],[-7.146934,29.509238],[-6.699649,29.516227],[-5.756156,29.614071],[-5.539503,29.523216],[-5.273927,29.886635],[-4.875564,30.180166],[-4.623966,30.284999],[-4.372368,30.508641],[-3.645529,30.711317],[-3.554674,30.955927],[-3.814982,31.220524],[-3.673484,31.389234],[-3.659507,31.647821],[-2.827836,31.794586],[-2.938731,32.048639],[-2.516147,32.1322],[-1.249557,32.08166],[-1.217983,32.392623],[-1.047502,32.517009],[-1.423345,32.742395],[-1.499516,33.060205],[-1.674234,33.237972],[-1.612739,33.521469],[-1.718728,33.898087],[-1.674751,34.105956],[-1.871121,34.596649],[-1.787716,34.756691],[-2.222564,35.089301],[-2.905141,35.17357],[-2.912913,35.276923],[-2.947825,35.329779],[-3.412913,35.197943],[-3.673573,35.287909],[-4.376047,35.151842],[-4.770497,35.241034],[-5.24942,35.584621],[-5.340728,35.847357],[-5.398859,35.924504],[-5.927235,35.780748],[-6.292104,34.880805],[-6.822092,34.039618],[-7.49706,33.64997],[-8.243153,33.404527],[-8.62914,33.127631],[-9.259918,32.57689],[-9.270009,32.227484],[-9.366119,32.026313],[-9.667307,31.731147],[-9.847524,31.402411],[-9.820221,30.792304],[-9.886708,30.686672],[-9.611643,30.404364],[-9.655141,30.126899],[-10.141754,29.428616],[-10.573801,28.990424],[-11.047597,28.761705],[-11.485585,28.325629],[-12.061431,28.089016],[-12.968088,27.914618],[-13.171254,27.685004],[-13.619985,26.68891],[-14.410146,26.260077],[-14.519521,25.923774],[-14.782053,25.446926],[-14.907826,24.685492],[-15.171864,24.494127],[-15.620107,24.026272],[-16.289622,22.899807],[-16.357289,22.583075],[-16.52184,22.314887],[-16.706776,22.275458],[-16.966908,21.781155],[-17.013743,21.419971]]]},"properties":{"name":"Morocco","ISO3166-1-Alpha-3":"MAR","ISO3166-1-Alpha-2":"MA"}},
{"type":"Feature","geometry":{"type":"Polygon","coordinates":[[[-8.682385,27.661439],[-8.817035,27.661464],[-8.752872,27.190486],[-9.000919,27.089924],[-9.412056,27.08796],[-9.734362,26.860429],[-10.250455,26.860429],[-10.550282,26.990292],[-10.921835,27.009825],[-11.391574,26.882908],[-11.3369,26.632897],[-11.63621,26.294985],[-11.717239,26.103576],[-12.029752,26.03035],[-12.310019,25.110432],[-12.430141,24.830165],[-13.060025,24.400476],[-13.31001,23.980553],[-13.769982,23.790125],[-14.019992,23.410252],[-14.169906,22.759852],[-14.220187,22.309647],[-14.629852,21.860424],[-14.669875,21.599665],[-14.839813,21.450268],[-15.749964,21.490317],[-16.729956,21.469802],[-17.013743,21.419971],[-17.100209,20.837592],[-17.056874,20.766913],[-16.958831,21.332859],[-15.002258,21.333169],[-13.015247,21.333428],[-13.09333,22.495476],[-13.165497,22.752695],[-13.015247,23.018002],[-12.619432,23.270829],[-12.353892,23.322479],[-12.015308,23.495182],[-12.015308,24.936619],[-12.015308,25.9949],[-10.202292,25.994952],[-8.680809,26.013142],[-8.682385,27.285416],[-8.682385,27.661439]]]},"properties":{"name":"Western Sahara","ISO3166-1-Alpha-3":"ESH","ISO3166-1-Alpha-2":"EH"}},
{"type":"Feature","geometry":{"type":"Polygon","coordinates":[[[-83.6965,10.936594],[-83.933322,10.718055],[-84.676455,11.070411],[-84.9314,10.941891],[-85.631151,11.196217],[-85.701736,11.08088],[-85.740997,10.939602],[-85.631744,10.621161],[-85.861602,10.346991],[-85.63858,9.905463],[-85.332428,9.826606],[-85.145782,9.612616],[-84.864613,9.822943],[-85.144521,9.999335],[-85.089874,10.17239],[-84.634552,9.783393],[-84.521596,9.519314],[-84.272694,9.481594],[-83.91808,9.294745],[-83.629872,9.035346],[-83.587636,8.835354],[-83.739898,8.623806],[-83.575592,8.444973],[-83.150868,8.369289],[-82.897629,8.034748],[-82.943666,8.248567],[-82.849796,8.629862],[-82.924158,8.741199],[-82.74913,8.974079],[-82.939377,9.059577],[-82.944286,9.437151],[-82.829022,9.602722],[-82.573598,9.576199],[-82.772328,9.661038],[-83.203725,10.12934],[-83.466176,10.494534],[-83.665352,10.935318],[-83.686867,10.93797],[-83.6965,10.936594]]]},"properties":{"name":"Costa Rica","ISO3166-1-Alpha-3":"CRI","ISO3166-1-Alpha-2":"CR"}},
{"type":"Feature","geometry":{"type":"Polygon","coordinates":[[[-85.701736,11.08088],[-85.631151,11.196217],[-84.9314,10.941891],[-84.676455,11.070411],[-83.933322,10.718055],[-83.6965,10.936594],[-83.83727,11.142524],[-83.868031,11.374905],[-83.652984,11.611518],[-83.713246,12.049302],[-83.663726,12.25609],[-83.767201,12.546698],[-83.589101,12.632148],[-83.50768,12.902777],[-83.570139,13.287095],[-83.431264,13.956732],[-83.191803,14.386908],[-83.299224,14.771186],[-83.130444,14.997012],[-83.390306,15.03097],[-83.869475,14.777109],[-84.482694,14.619471],[-84.77017,14.805144],[-85.00199,14.740678],[-85.029637,14.588956],[-85.431732,14.132834],[-85.824162,13.847683],[-86.09673,14.044079],[-86.410096,13.749033],[-86.766198,13.74526],[-86.701861,13.314201],[-86.910789,13.239581],[-86.948409,13.069694],[-87.314036,12.981553],[-87.646514,12.872382],[-87.071401,12.388699],[-86.797515,12.218533],[-86.496368,11.759426],[-85.928009,11.310736],[-85.701736,11.08088]]]},"properties":{"name":"Nicaragua","ISO3166-1-Alpha-3":"NIC","ISO3166-1-Alpha-2":"NI"}},
{"type":"Feature","geometry":{"type":"Polygon","coordinates":[[[18.626387,3.476869],[18.513422,3.592237],[17.856408,3.537305],[17.458913,3.708276],[17.334373,3.618514],[16.567701,3.464389],[16.479128,2.836314],[16.196665,2.236454],[15.889913,1.793277],[15.76465,1.908722],[15.233726,2.031298],[15.091616,1.984428],[14.562139,2.208807],[14.266963,2.152428],[13.294568,2.161058],[13.129617,1.592462],[13.25023,1.221787],[13.543442,1.283489],[13.794744,1.434436],[14.183868,1.380847],[14.468088,0.913227],[14.231823,0.542552],[14.075967,0.539451],[13.871225,0.196423],[13.921145,-0.052967],[13.831228,-0.205413],[14.121443,-0.302151],[14.498991,-0.630916],[14.391814,-1.023347],[14.482144,-1.388596],[14.37383,-1.604087],[14.37073,-1.921277],[14.252184,-1.967579],[14.226966,-2.323113],[14.080928,-2.49995],[13.884971,-2.488477],[13.770663,-2.119094],[13.593361,-2.326834],[13.361024,-2.428843],[13.010658,-2.287766],[12.804572,-1.919107],[12.58319,-1.826502],[12.423097,-1.897609],[12.45927,-2.329934],[12.062292,-2.414994],[11.55824,-2.349365],[11.636788,-2.833263],[11.763705,-2.982608],[11.687534,-3.17102],[11.944366,-3.303208],[11.827784,-3.548051],[11.569815,-3.54495],[11.212524,-3.697293],[11.114016,-3.936856],[11.806409,-4.577118],[11.781633,-4.680409],[12.009608,-5.019631],[12.377621,-4.619407],[12.608098,-4.565043],[12.761681,-4.391204],[13.073703,-4.635323],[13.35875,-4.794797],[13.690099,-4.691134],[13.711028,-4.464481],[13.954941,-4.491869],[14.368559,-4.278446],[14.396464,-4.855878],[14.634486,-4.903627],[14.831167,-4.815054],[15.20396,-4.339011],[15.458932,-4.21385],[15.566832,-4.038047],[15.882989,-3.945339],[16.207723,-3.361913],[16.177028,-2.882459],[16.225603,-2.635239],[16.176924,-2.286836],[16.231288,-2.129016],[16.522536,-1.861746],[16.839726,-1.262506],[17.028655,-1.094454],[17.297683,-1.021074],[17.749541,-0.523429],[17.716365,-0.195801],[17.939917,0.361271],[17.86664,1.016632],[18.071382,1.551457],[18.072416,2.160024],[18.613055,3.128182],[18.626387,3.476869]]]},"properties":{"name":"Republic of the Congo","ISO3166-1-Alpha-3":"COG","ISO3166-1-Alpha-2":"CG"}},
{"type":"Feature","geometry":{"type":"Polygon","coordinates":[[[18.626387,3.476869],[18.613055,3.128182],[18.072416,2.160024],[18.071382,1.551457],[17.86664,1.016632],[17.939917,0.361271],[17.716365,-0.195801],[17.749541,-0.523429],[17.297683,-1.021074],[17.028655,-1.094454],[16.839726,-1.262506],[16.522536,-1.861746],[16.231288,-2.129016],[16.176924,-2.286836],[16.225603,-2.635239],[16.177028,-2.882459],[16.207723,-3.361913],[15.882989,-3.945339],[15.566832,-4.038047],[15.458932,-4.21385],[15.20396,-4.339011],[14.831167,-4.815054],[14.634486,-4.903627],[14.396464,-4.855878],[14.368559,-4.278446],[13.954941,-4.491869],[13.711028,-4.464481],[13.690099,-4.691134],[13.35875,-4.794797],[13.073703,-4.635323],[12.833201,-4.722656],[12.530687,-5.162681],[12.508983,-5.726264],[12.210541,-5.763442],[12.449498,-6.051928],[12.722607,-5.979263],[12.822439,-5.829767],[13.183849,-5.856459],[14.703733,-5.881397],[16.315727,-5.854629],[16.597364,-5.924702],[16.726762,-6.189182],[16.730792,-6.56983],[16.926956,-6.888571],[16.996099,-7.297951],[17.536531,-8.015117],[18.098151,-8.109271],[18.176596,-7.999201],[19.355542,-8.001991],[19.521836,-7.001949],[20.294296,-7.001949],[20.611486,-6.915959],[20.520535,-7.286376],[21.784954,-7.283379],[21.854097,-7.585996],[21.758496,-8.015117],[21.935953,-8.413025],[21.859885,-8.846384],[21.854097,-9.61781],[22.159918,-9.931486],[22.313397,-10.368565],[22.322389,-10.742186],[22.165499,-10.85236],[22.281771,-11.236729],[22.53757,-11.037155],[23.014336,-11.102474],[23.494824,-10.964291],[23.833718,-11.028473],[23.967457,-10.872307],[24.124243,-11.043252],[24.381798,-11.12056],[24.310071,-11.406641],[24.564733,-11.444675],[24.67408,-11.341632],[25.278798,-11.199935],[25.351971,-11.64611],[25.850701,-11.793801],[25.994051,-11.904802],[26.414594,-11.91183],[26.643521,-11.985521],[26.967325,-11.870385],[27.010268,-11.609833],[27.180129,-11.569629],[27.234182,-11.809097],[27.420734,-11.921959],[27.638189,-12.293615],[27.933881,-12.303331],[28.42274,-12.521302],[28.903434,-13.162296],[28.993971,-13.395925],[29.168948,-13.433856],[29.574401,-13.225393],[29.797643,-13.424244],[29.799297,-12.154089],[29.446554,-12.33506],[29.030352,-12.376194],[28.835015,-12.092181],[28.497154,-11.857363],[28.357008,-11.446949],[28.439587,-11.348247],[28.634924,-10.51946],[28.623865,-9.951019],[28.668462,-9.821622],[28.515964,-9.378341],[28.372304,-9.235094],[28.765407,-8.934027],[28.930461,-8.679883],[28.915268,-8.472867],[30.752107,-8.194124],[30.654955,-7.92737],[30.441635,-7.596331],[30.369598,-7.31025],[30.090855,-6.890018],[29.738629,-6.652409],[29.525515,-6.273104],[29.476113,-6.002113],[29.593521,-5.620328],[29.321032,-4.836345],[29.404179,-4.449805],[29.33948,-4.093237],[29.215043,-3.899864],[29.234629,-3.046583],[29.015365,-2.720711],[28.858838,-2.418198],[29.150551,-2.15041],[29.149311,-1.799321],[29.358497,-1.509933],[29.577915,-1.38839],[29.556004,-0.919478],[29.711809,0.099582],[29.940477,0.498317],[29.928281,0.785018],[30.145116,0.90315],[30.238857,1.136004],[30.478274,1.238634],[30.681724,1.500349],[31.025837,1.778239],[31.242826,2.051168],[31.177559,2.30291],[30.87179,2.332055],[30.724925,2.440782],[30.85484,2.89321],[30.745079,3.036302],[30.91003,3.393412],[30.839543,3.490202],[30.53889,3.84155],[30.205887,3.95038],[30.122688,4.102464],[29.776198,4.405624],[29.777696,4.523859],[29.494096,4.668295],[29.303927,4.387149],[28.755433,4.553987],[28.404137,4.277828],[28.177587,4.347229],[27.772444,4.595819],[27.766863,4.735449],[27.441301,5.070725],[27.11636,5.200304],[26.462653,5.059641],[26.12996,5.258879],[26.026917,5.189969],[25.58126,5.374919],[25.36365,5.310556],[25.307633,5.032278],[24.664365,4.924403],[24.459623,5.107441],[24.162897,4.907789],[23.566551,4.724441],[23.38837,4.587266],[22.898374,4.823583],[22.78603,4.724648],[22.492714,4.174036],[22.207254,4.150316],[21.722942,4.295139],[21.538147,4.244652],[20.871521,4.453373],[20.603114,4.409732],[20.338944,4.771906],[19.71955,5.135967],[19.408975,5.130386],[19.08331,4.90934],[18.721058,4.377357],[18.53709,4.306069],[18.645301,3.982445],[18.626387,3.476869]]]},"properties":{"name":"Democratic Republic of the Congo","ISO3166-1-Alpha-3":"COD","ISO3166-1-Alpha-2":"CD"}},
{"type":"Feature","geometry":{"type":"Polygon","coordinates":[[[91.628339,27.852694],[91.269705,28.072861],[91.092558,27.971679],[90.683901,28.087072],[90.587726,28.233298],[90.261804,28.335354],[89.862918,28.295793],[89.561489,28.13464],[89.050954,27.608282],[88.892331,27.315543],[88.730067,27.150954],[88.954549,26.912622],[89.341657,26.854331],[89.822093,26.701007],[90.089157,26.741728],[90.382627,26.891796],[90.587783,26.780072],[91.520646,26.79759],[92.03586,26.854848],[91.975088,27.472433],[91.59506,27.546382],[91.628339,27.852694]]]},"properties":{"name":"Bhutan","ISO3166-1-Alpha-3":"BTN","ISO3166-1-Alpha-2":"BT"}},
{"type":"Feature","geometry":{"type":"Polygon","coordinates":[[[31.764345,52.100568],[30.940519,52.020082],[30.661983,51.819422],[30.355129,51.305267],[30.14863,51.48443],[29.618016,51.485644],[29.297002,51.373713],[29.160421,51.603311],[28.346879,51.525151],[27.477268,51.623672],[25.767915,51.928511],[25.1833,51.94975],[24.39079,51.880013],[23.981306,51.586],[23.606238,51.517399],[23.874749,51.13613],[24.106466,50.538622],[23.747522,50.38938],[23.101463,49.957107],[22.640922,49.528761],[22.744482,49.045535],[22.539637,49.0722],[22.13284,48.404798],[22.877601,47.946739],[23.360052,47.993144],[24.561632,47.940537],[24.896599,47.710061],[25.261744,47.898576],[26.173058,47.993144],[26.30349,48.212045],[26.617889,48.258968],[26.842785,48.39374],[27.175788,48.361804],[27.751773,48.451979],[28.199911,48.211735],[28.799255,48.111793],[29.123989,47.975987],[29.238608,47.756001],[29.117426,47.533327],[29.556573,47.324038],[29.558691,46.94574],[29.952621,46.724694],[29.72695,46.455796],[29.283256,46.397427],[28.945809,46.454788],[28.93196,45.993163],[28.199498,45.461774],[28.330239,45.322919],[28.710061,45.226956],[29.322117,45.443842],[29.659028,45.215888],[29.968516,45.838935],[30.138438,45.81977],[30.494151,46.080471],[30.991384,46.601264],[31.858409,46.629136],[31.968272,46.35106],[32.262462,46.128241],[33.628517,46.124935],[33.846216,46.195705],[34.688637,45.974015],[35.001891,45.729003],[34.81129,46.166246],[35.291352,46.293362],[35.901622,46.652737],[36.886241,46.804023],[37.58074,47.090399],[38.216645,47.103258],[38.352935,47.607095],[38.734514,47.677143],[38.877244,47.86124],[39.759051,47.832947],[39.993248,48.27323],[39.809177,48.583754],[39.758741,48.895415],[40.141663,49.245781],[40.040894,49.455484],[39.570432,49.713297],[38.34415,49.992092],[37.995334,49.921347],[37.72765,50.078701],[37.435265,50.424934],[36.682649,50.260654],[36.269031,50.281376],[36.105837,50.42111],[35.69687,50.345145],[35.425258,50.500485],[35.341749,50.91586],[34.961824,51.215325],[34.74809,51.164733],[34.280315,51.361259],[34.127973,51.680748],[34.385735,51.817665],[34.068235,52.031011],[33.804065,52.354609],[33.196506,52.368949],[32.926858,52.246915],[32.528433,52.316213],[32.095591,52.040726],[31.764345,52.100568]]]},"properties":{"name":"Ukraine","ISO3166-1-Alpha-3":"UKR","ISO3166-1-Alpha-2":"UA"}},
{"type":"Feature","geometry":{"type":"Polygon","coordinates":[[[23.606238,51.517399],[23.981306,51.586],[24.39079,51.880013],[25.1833,51.94975],[25.767915,51.928511],[27.477268,51.623672],[28.346879,51.525151],[29.160421,51.603311],[29.297002,51.373713],[29.618016,51.485644],[30.14863,51.48443],[30.355129,51.305267],[30.661983,51.819422],[30.940519,52.020082],[31.764345,52.100568],[31.608075,52.372463],[31.505136,52.848894],[31.247064,53.014388],[31.378529,53.182026],[32.20592,53.100352],[32.719532,53.439478],[32.48058,53.66241],[32.083602,53.809637],[31.753803,53.81961],[31.748119,54.086312],[31.324682,54.229249],[31.167947,54.621577],[30.770607,54.786011],[31.006407,55.04243],[30.794275,55.285515],[30.912821,55.571596],[30.217773,55.855145],[29.461023,55.6873],[29.377411,55.954028],[28.148907,56.142414],[27.911453,56.100246],[27.592713,55.794244],[26.981071,55.826878],[26.594531,55.666991],[26.445496,55.337502],[26.138642,54.968946],[25.782695,54.869675],[25.529997,54.346141],[24.821358,54.019908],[24.377871,53.886841],[24.201137,53.95247],[23.485625,53.939293],[23.590942,53.611251],[23.893663,53.151951],[23.868961,52.670042],[23.392298,52.509638],[23.165645,52.289393],[23.637451,52.084471],[23.606238,51.517399]]]},"properties":{"name":"Belarus","ISO3166-1-Alpha-3":"BLR","ISO3166-1-Alpha-2":"BY"}},
{"type":"Feature","geometry":{"type":"Polygon","coordinates":[[[16.487071,-28.572931],[16.769343,-28.442604],[16.892953,-28.082626],[17.097798,-28.031156],[17.345742,-28.22763],[17.403619,-28.704293],[17.913252,-28.781291],[18.166467,-28.901904],[18.745656,-28.839892],[19.081657,-28.959368],[19.568759,-28.531177],[19.981653,-28.422347],[19.982687,-26.895515],[19.981447,-24.752493],[19.98031,-23.720567],[19.978346,-22.000671],[20.97198,-22.000671],[20.977975,-19.87584],[20.975081,-18.319346],[21.475722,-18.299502],[22.981367,-18.020036],[23.311476,-18.009804],[23.645409,-18.466004],[24.183051,-18.029441],[24.421589,-17.956474],[24.577755,-18.044427],[24.958094,-17.800928],[25.259781,-17.794107],[24.95799,-17.551744],[24.220464,-17.4795],[23.381652,-17.641144],[21.381154,-18.012595],[21.216617,-17.930636],[20.806202,-18.031405],[20.336154,-17.854878],[20.03426,-17.895909],[19.672628,-17.842682],[19.020575,-17.822322],[18.761986,-17.747701],[18.453581,-17.389893],[16.339808,-17.388653],[15.057199,-17.388343],[13.942745,-17.408187],[13.363711,-16.964183],[12.887151,-17.029812],[12.554561,-17.235588],[12.095261,-17.139676],[11.766124,-17.252699],[11.717621,-17.546319],[11.849082,-18.143183],[12.031889,-18.50535],[12.286876,-18.697686],[12.567393,-19.102309],[12.7046,-19.410821],[13.154633,-20.154229],[13.387218,-20.816095],[13.831716,-21.456476],[13.952322,-21.783949],[14.386485,-22.276462],[14.508556,-22.548028],[14.521983,-22.923435],[14.410167,-22.970798],[14.491954,-23.309177],[14.473643,-24.159112],[14.601899,-24.562433],[14.780772,-24.803399],[14.853282,-25.064223],[14.80128,-25.262791],[14.842784,-25.763604],[14.979015,-26.05877],[14.966319,-26.335219],[15.128754,-26.457615],[15.083018,-26.695245],[15.234223,-26.965427],[15.295258,-27.322442],[15.684255,-27.949884],[16.419444,-28.607029],[16.487071,-28.572931]]]},"properties":{"name":"Namibia","ISO3166-1-Alpha-3":"NAM","ISO3166-1-Alpha-2":"NA"}},
{"type":"Feature","geometry":{"type":"Polygon","coordinates":[[[19.981447,-24.752493],[19.982687,-26.895515],[19.981653,-28.422347],[19.568759,-28.531177],[19.081657,-28.959368],[18.745656,-28.839892],[18.166467,-28.901904],[17.913252,-28.781291],[17.403619,-28.704293],[17.345742,-28.22763],[17.097798,-28.031156],[16.892953,-28.082626],[16.769343,-28.442604],[16.487071,-28.572931],[16.600352,-28.857517],[16.808767,-29.078302],[17.056326,-29.676446],[17.281993,-30.347752],[17.893728,-31.344822],[18.172862,-31.663263],[18.349376,-32.260349],[18.273123,-32.647556],[17.852387,-32.829685],[17.912771,-33.047459],[18.307384,-33.479262],[18.475352,-33.899835],[18.314789,-34.029067],[18.858165,-34.150323],[18.808279,-34.364679],[19.304373,-34.417901],[19.642426,-34.772068],[19.953461,-34.808689],[20.524425,-34.454278],[20.961274,-34.356052],[21.262462,-34.421563],[21.702647,-34.390558],[22.275157,-34.057712],[22.629893,-33.995782],[22.936046,-34.082696],[23.408376,-34.11004],[23.635509,-33.979669],[24.163097,-34.054783],[24.583995,-34.178318],[24.841075,-34.132501],[25.101085,-33.960545],[25.598155,-34.048517],[25.679047,-33.79518],[25.955251,-33.71087],[26.515147,-33.755304],[27.380219,-33.357354],[27.897146,-33.039972],[28.870372,-32.287042],[29.391856,-31.735528],[30.009939,-31.29225],[30.392345,-30.847101],[31.18686,-29.560317],[31.752126,-28.966241],[32.012055,-28.866469],[32.379405,-28.55283],[32.543956,-28.190118],[32.676524,-27.520685],[32.893077,-26.846124],[32.113884,-26.840014],[31.992238,-26.838257],[31.96826,-27.316264],[31.52653,-27.31089],[31.157043,-27.205573],[30.785697,-26.716921],[30.804559,-26.397457],[31.119836,-25.910045],[31.426898,-25.743647],[31.834573,-25.982082],[31.949243,-25.958104],[31.991618,-25.650216],[31.986554,-24.423108],[31.741194,-23.836787],[31.521466,-23.415572],[31.536349,-23.156983],[31.288922,-22.39734],[30.83789,-22.282308],[30.300765,-22.336982],[29.758886,-22.130896],[29.350074,-22.186707],[29.047818,-22.220296],[28.912529,-22.453667],[28.338559,-22.584615],[27.937498,-22.963817],[27.00417,-23.645842],[26.84971,-24.248131],[26.531176,-24.458661],[26.404362,-24.632811],[25.868374,-24.748152],[25.876746,-24.886025],[25.587254,-25.61952],[25.386491,-25.743544],[25.051731,-25.737859],[24.79862,-25.829223],[23.924772,-25.629236],[23.45927,-25.282177],[23.006998,-25.310805],[22.844631,-25.481131],[22.719367,-25.984253],[22.545114,-26.207391],[22.257277,-26.340923],[22.057702,-26.617599],[21.767487,-26.704312],[21.687182,-26.855207],[21.122462,-26.865336],[20.608902,-26.686122],[20.622544,-26.427533],[20.841446,-26.131324],[20.79411,-25.893922],[20.364886,-25.0332],[19.981447,-24.752493]],[[28.980846,-28.909035],[29.311781,-29.089799],[29.435908,-29.342394],[29.1613,-29.666922],[29.144246,-29.919723],[28.860026,-30.066381],[28.364087,-30.159295],[28.054701,-30.649704],[27.743608,-30.600302],[27.366164,-30.311017],[27.014867,-29.625581],[27.24183,-29.548996],[27.747432,-28.908622],[28.018734,-28.856842],[28.154953,-28.70233],[28.66655,-28.59722],[28.980846,-28.909035]]]},"properties":{"name":"South Africa","ISO3166-1-Alpha-3":"ZAF","ISO3166-1-Alpha-2":"ZA"}},
{"type":"Feature","geometry":null,"properties":{"name":"Saint Martin","ISO3166-1-Alpha-3":"MAF","ISO3166-1-Alpha-2":"MF"}},
{"type":"Feature","geometry":null,"properties":{"name":"Sint Maarten","ISO3166-1-Alpha-3":"SXM","ISO3166-1-Alpha-2":"SX"}},
{"type":"Feature","geometry":{"type":"MultiPolygon","coordinates":[[[[56.077397,26.061048],[56.183475,26.014537],[56.145131,25.670837],[56.279055,25.627446],[56.400401,25.990465],[56.301931,26.205308],[56.077397,26.061048]]],[[[56.383311,24.978217],[56.118259,24.735416],[56.005604,24.956178],[55.788667,24.855202],[55.807373,24.340789],[55.997853,24.08127],[55.499795,23.970605],[55.538346,23.770049],[55.191287,22.995368],[55.186843,22.703577],[55.637565,21.97897],[54.97838,19.995421],[53.630039,19.545992],[51.978615,18.995638],[52.730145,17.299875],[52.801562,17.267423],[53.090343,16.642401],[53.582693,16.749945],[54.023448,16.985338],[54.592052,17.038479],[54.808442,16.951483],[55.026866,17.011135],[55.254731,17.228705],[55.225434,17.515448],[55.44516,17.84101],[56.188487,17.957099],[56.3449,17.937812],[56.56129,18.149237],[56.659679,18.595364],[56.91505,18.810289],[57.20753,18.90998],[57.709727,18.943996],[57.840099,19.015326],[57.750662,19.268052],[57.698904,19.754381],[57.85613,20.260647],[58.103526,20.575141],[58.224294,20.396389],[58.518565,20.416815],[58.680349,20.828355],[58.9192,21.143704],[59.336192,21.43773],[59.791759,22.198065],[59.844574,22.445258],[59.535492,22.583075],[59.083669,23.055365],[58.786143,23.512112],[57.912771,23.717841],[57.151541,23.953559],[56.939464,24.115912],[56.611176,24.496324],[56.383311,24.978217]]],[[[58.906261,20.626003],[58.642914,20.356106],[58.789399,20.286526],[58.906261,20.626003]]]]},"properties":{"name":"Oman","ISO3166-1-Alpha-3":"OMN","ISO3166-1-Alpha-2":"OM"}},
{"type":"Feature","geometry":{"type":"Polygon","coordinates":[[[70.958955,40.238372],[71.365132,40.294131],[71.673072,40.147886],[72.099299,40.426371],[72.370497,40.38565],[73.00343,40.870168],[72.619474,40.88009],[72.169889,41.168651],[71.585532,41.323525],[71.276145,41.113151],[70.75628,41.269627],[70.169288,41.578342],[70.825113,41.93633],[70.947793,42.248146],[70.610243,42.02741],[70.315067,42.034593],[69.870856,41.699575],[69.624566,41.66831],[69.044447,41.379181],[69.039176,41.220276],[68.746274,41.0638],[68.461743,40.584656],[68.067504,40.788002],[68.131324,41.029641],[67.937434,41.20038],[66.81528,41.141883],[66.688208,41.199192],[66.504137,41.993484],[66.017241,41.997619],[66.101267,42.990323],[65.795239,42.877203],[65.51691,43.297229],[64.956531,43.69736],[64.426744,43.547033],[63.208007,43.627467],[62.026115,43.480629],[61.161672,44.168106],[61.036305,44.382822],[58.531445,45.558719],[55.978422,44.996221],[55.976769,43.616383],[55.977389,42.698532],[55.978422,41.321717],[57.010194,41.254124],[56.950146,41.86605],[57.382264,42.163629],[57.850453,42.191431],[57.997731,42.493428],[58.282675,42.68892],[58.612267,42.780852],[58.89442,42.547843],[59.122003,42.537999],[59.478157,42.285637],[59.866351,42.304215],[60.028201,42.199518],[59.983656,41.949043],[60.155635,41.603327],[60.094244,41.389516],[60.414534,41.235262],[60.860295,41.252987],[61.281355,41.157282],[61.470077,41.29717],[61.877907,41.124984],[62.044771,40.714984],[62.353279,40.430402],[62.452808,40.009239],[62.593161,39.890228],[63.477551,39.402919],[63.709268,39.190891],[64.120613,38.96168],[64.337344,38.970956],[64.634897,38.744148],[64.977718,38.61227],[65.60414,38.237409],[65.876681,38.272962],[66.554159,38.026853],[66.519588,37.36418],[67.005915,37.384386],[67.236753,37.192408],[67.482371,37.277364],[67.780544,37.188868],[67.829224,37.527943],[68.248733,37.948951],[68.360664,38.174053],[68.055153,38.536305],[68.172562,38.845279],[68.085642,38.993771],[67.690524,38.989611],[67.378192,39.199495],[67.436483,39.485705],[67.764525,39.622596],[68.51745,39.54844],[68.615842,39.828113],[68.877428,39.900563],[68.601993,40.17543],[69.285259,40.218631],[69.198029,40.545847],[69.435844,40.802679],[69.66012,40.638709],[70.280392,40.877713],[70.445705,41.025921],[70.756177,40.69514],[70.353824,40.456136],[70.581821,40.221732],[70.958955,40.238372]]]},"properties":{"name":"Uzbekistan","ISO3166-1-Alpha-3":"UZB","ISO3166-1-Alpha-2":"UZ"}},
{"type":"Feature","geometry":{"type":"Polygon","coordinates":[[[87.323796,49.085274],[86.905062,49.351924],[86.775871,49.695004],[86.610196,49.795515],[86.111519,49.520183],[85.263095,49.581523],[84.975774,50.075187],[84.249978,50.259931],[84.101719,50.62859],[83.820496,50.868007],[83.433956,50.992651],[82.073109,50.715665],[81.460226,50.730341],[81.400798,50.959113],[81.14717,51.13595],[80.682754,51.302012],[80.476152,51.20964],[80.439048,50.958131],[79.990083,50.788116],[79.469805,51.492595],[78.476481,52.637925],[77.866802,53.272331],[77.612761,53.442786],[76.525695,53.961307],[76.766094,54.36459],[75.640375,54.09887],[75.027906,53.807931],[74.213899,53.59704],[73.872731,53.632128],[73.39121,53.520249],[73.229669,53.66241],[73.485261,53.874852],[72.656164,54.042542],[72.066743,54.222376],[71.182301,54.101557],[71.180337,54.727358],[70.977145,55.077983],[70.665743,55.309183],[70.197038,55.133483],[69.673866,55.33404],[68.722502,55.352798],[68.262376,55.194048],[68.166051,54.95613],[67.622725,54.853862],[66.446517,54.710925],[65.97745,54.611706],[65.477378,54.632687],[65.212949,54.343041],[64.578518,54.38557],[63.708648,54.250437],[63.084655,54.08564],[62.550579,54.026833],[61.193505,54.018254],[61.007573,53.635745],[61.280734,53.542418],[61.20291,53.276439],[62.050662,53.124769],[61.574257,52.955839],[61.190301,53.013148],[60.696171,52.734922],[61.039922,52.334998],[60.506518,52.15165],[60.138065,51.888875],[60.452051,51.805469],[60.515096,51.61791],[60.937396,51.611166],[61.023283,51.485515],[61.473798,51.425803],[61.59317,51.277827],[61.372098,50.782483],[60.718495,50.652672],[60.300433,50.684659],[60.021276,50.854055],[59.774677,50.533712],[58.925943,50.678148],[58.664357,50.789924],[58.595007,51.023372],[57.768804,51.119672],[57.737282,50.938236],[57.352706,50.885991],[57.168221,51.093782],[56.508003,51.066264],[56.078881,50.72476],[55.659992,50.530043],[55.305389,50.664971],[54.638246,51.027687],[54.478566,50.853486],[54.176569,50.967898],[53.610298,51.388415],[53.153272,51.512671],[52.505818,51.478874],[52.334872,51.763715],[51.869164,51.673074],[51.620497,51.518691],[50.925449,51.679689],[50.581698,51.635299],[50.325383,51.303459],[49.779059,51.102179],[49.423112,51.101998],[49.36942,50.82677],[48.67339,50.579549],[48.885677,50.019894],[48.417592,49.811689],[48.239308,49.864761],[47.993225,50.181796],[47.624669,50.440798],[47.294766,50.275434],[47.308719,50.044802],[46.899907,49.820319],[46.775108,49.332545],[47.020881,49.096849],[46.753818,48.91407],[46.479312,48.410225],[47.078294,48.275349],[47.051164,47.974644],[47.174464,47.770522],[47.435326,47.834394],[48.044488,47.769695],[48.525079,47.410234],[48.697265,47.100976],[49.00629,46.76911],[48.455109,46.660796],[49.227131,46.327879],[49.469249,46.562649],[49.817393,46.540432],[50.168793,46.749091],[50.606944,46.868109],[50.857432,47.040025],[51.187022,47.116889],[52.238943,46.80683],[52.455903,47.001166],[52.919932,46.957465],[53.188162,46.718004],[53.086599,46.020494],[52.566661,45.400702],[51.397227,45.332587],[50.970714,44.847154],[51.319347,44.596381],[51.143321,44.484768],[50.847911,44.632799],[50.299083,44.655341],[50.230154,44.390937],[50.847179,44.189276],[51.141856,43.633734],[51.319591,43.442532],[51.266287,43.187567],[51.651052,43.191392],[51.932791,42.834947],[52.1692,42.88703],[52.574229,42.798529],[52.74464,42.657375],[52.402029,42.092515],[52.437671,41.748876],[52.978709,42.126629],[53.412274,42.258171],[54.047171,42.345401],[54.738291,42.04821],[55.429515,41.290814],[55.978422,41.321717],[55.977389,42.698532],[55.976769,43.616383],[55.978422,44.996221],[58.531445,45.558719],[61.036305,44.382822],[61.161672,44.168106],[62.026115,43.480629],[63.208007,43.627467],[64.426744,43.547033],[64.956531,43.69736],[65.51691,43.297229],[65.795239,42.877203],[66.101267,42.990323],[66.017241,41.997619],[66.504137,41.993484],[66.688208,41.199192],[66.81528,41.141883],[67.937434,41.20038],[68.131324,41.029641],[68.067504,40.788002],[68.461743,40.584656],[68.746274,41.0638],[69.039176,41.220276],[69.044447,41.379181],[69.624566,41.66831],[69.870856,41.699575],[70.315067,42.034593],[70.610243,42.02741],[70.947793,42.248146],[71.00319,42.563527],[71.404613,42.794883],[71.847738,42.834053],[72.725824,42.652876],[72.840752,42.555698],[73.41002,42.58965],[73.634089,43.062463],[74.25865,43.215761],[74.71392,42.999883],[75.178594,42.84966],[75.646163,42.806096],[75.770599,42.92565],[77.163693,42.921981],[78.496118,42.875601],[79.030866,42.756151],[79.47642,42.453973],[79.917943,42.42444],[80.210328,42.189519],[80.140048,42.622955],[80.368148,43.02846],[80.773395,43.112925],[80.712727,43.458873],[80.345101,44.103097],[80.376313,44.67128],[80.061707,45.018959],[80.853855,45.126497],[81.739279,45.338061],[81.950119,45.144481],[82.294594,45.228197],[82.585222,45.17683],[82.615711,45.435419],[82.291493,45.533191],[82.488949,45.901695],[82.838953,46.732446],[83.150356,47.211538],[83.905348,46.973956],[84.663545,46.983852],[84.916036,46.850552],[85.205114,47.033719],[85.498636,47.051832],[85.670357,47.384344],[85.515379,47.92028],[85.783683,48.407589],[86.19203,48.418234],[86.565083,48.527323],[86.744503,48.70354],[86.727502,48.990344],[86.887337,49.106823],[87.323796,49.085274]],[[63.383914,45.565824],[62.900274,45.7477],[62.812527,45.895184],[62.900274,46.208964],[63.210488,46.372261],[63.754899,46.296658],[63.9553,46.061427],[63.867553,45.7477],[63.383914,45.565824]]]},"properties":{"name":"Kazakhstan","ISO3166-1-Alpha-3":"KAZ","ISO3166-1-Alpha-2":"KZ"}},
{"type":"Feature","geometry":{"type":"Polygon","coordinates":[[[70.958955,40.238372],[70.581821,40.221732],[70.353824,40.456136],[70.756177,40.69514],[70.445705,41.025921],[70.280392,40.877713],[69.66012,40.638709],[69.435844,40.802679],[69.198029,40.545847],[69.285259,40.218631],[68.601993,40.17543],[68.877428,39.900563],[68.615842,39.828113],[68.51745,39.54844],[67.764525,39.622596],[67.436483,39.485705],[67.378192,39.199495],[67.690524,38.989611],[68.085642,38.993771],[68.172562,38.845279],[68.055153,38.536305],[68.360664,38.174053],[68.248733,37.948951],[67.829224,37.527943],[67.780544,37.188868],[68.011125,36.930874],[68.307282,37.114221],[69.005483,37.305528],[69.323913,37.120991],[69.37838,37.437406],[69.528655,37.586027],[70.157867,37.541431],[70.283079,37.704831],[70.165205,37.889911],[70.482602,38.137363],[70.595773,38.338178],[70.974045,38.473673],[71.334384,38.280662],[71.255785,37.949881],[71.597727,37.89836],[71.431123,37.066989],[71.61106,36.704841],[71.836576,36.699156],[72.259806,36.967305],[72.657714,37.028826],[72.760964,37.187499],[73.276075,37.459472],[73.753462,37.428388],[73.798213,37.22853],[74.223924,37.403351],[74.660383,37.393972],[74.892307,37.231114],[75.164125,37.400638],[74.891893,37.599205],[74.965171,37.767463],[74.790711,38.081449],[74.776345,38.510674],[74.334201,38.666995],[73.797387,38.602839],[73.683698,38.854942],[73.81599,38.993771],[73.602256,39.235772],[73.632642,39.448343],[73.167864,39.355377],[72.65048,39.393772],[72.31634,39.328815],[71.740251,39.448343],[71.459545,39.612105],[71.009288,39.407622],[70.739744,39.386228],[70.622128,39.563529],[70.20603,39.5241],[69.669421,39.577792],[69.286189,39.539707],[69.313991,39.986914],[69.969558,40.211603],[70.627399,39.993891],[70.958955,40.238372]]]},"properties":{"name":"Tajikistan","ISO3166-1-Alpha-3":"TJK","ISO3166-1-Alpha-2":"TJ"}},
{"type":"Feature","geometry":{"type":"Polygon","coordinates":[[[26.594531,55.666991],[25.649679,56.143809],[25.109196,56.183083],[24.892258,56.438727],[24.44722,56.260521],[23.288428,56.373046],[23.016714,56.32385],[22.094082,56.41741],[21.596025,56.307882],[21.053396,56.072618],[21.074392,55.74494],[21.267589,55.248684],[22.09987,55.029924],[22.580668,55.057622],[22.808871,54.893756],[22.680403,54.453215],[22.76722,54.35627],[22.973305,54.37539],[23.432502,54.169305],[23.485625,53.939293],[24.201137,53.95247],[24.377871,53.886841],[24.821358,54.019908],[25.529997,54.346141],[25.782695,54.869675],[26.138642,54.968946],[26.445496,55.337502],[26.594531,55.666991]]]},"properties":{"name":"Lithuania","ISO3166-1-Alpha-3":"LTU","ISO3166-1-Alpha-2":"LT"}},
{"type":"Feature","geometry":{"type":"MultiPolygon","coordinates":[[[[-57.602793,-30.190517],[-57.212601,-30.287349],[-57.102272,-30.121158],[-56.831281,-30.102037],[-56.011357,-30.798222],[-55.86426,-31.076758],[-55.591873,-30.848348],[-55.259981,-31.228687],[-54.819776,-31.435289],[-54.591521,-31.471049],[-54.463725,-31.671864],[-54.135063,-31.908956],[-53.771829,-32.047087],[-53.648684,-32.338645],[-53.126856,-32.754847],[-53.511535,-33.099219],[-53.539647,-33.649263],[-53.379095,-33.740676],[-52.819488,-33.322524],[-52.621693,-33.101983],[-52.375315,-32.498712],[-52.127431,-32.177504],[-52.245595,-31.840997],[-52.000803,-31.551202],[-51.92276,-31.306899],[-51.652821,-31.25921],[-51.443023,-31.080987],[-51.122548,-30.256036],[-50.537262,-30.320408],[-50.731068,-30.792413],[-51.176137,-31.149347],[-51.151845,-31.481541],[-50.721425,-31.044529],[-50.315663,-30.461521],[-50.045318,-29.814548],[-49.810658,-29.443129],[-49.342763,-28.923517],[-48.815338,-28.610447],[-48.565541,-27.860284],[-48.64745,-27.647393],[-48.575185,-27.016209],[-48.6822,-26.719171],[-48.582631,-26.157159],[-48.61266,-26.040623],[-48.432729,-25.622491],[-47.951772,-25.201349],[-47.825551,-24.894138],[-47.181386,-24.53338],[-46.966461,-24.299086],[-46.079742,-23.827813],[-45.864369,-23.756443],[-45.509267,-23.837579],[-45.433502,-23.664727],[-45.08019,-23.497654],[-44.435658,-22.996759],[-44.190989,-23.048761],[-43.864369,-22.896173],[-43.542226,-23.049412],[-43.220123,-22.995294],[-43.270172,-22.747003],[-43.075551,-22.665704],[-43.031402,-22.974298],[-42.624257,-22.939548],[-42.058217,-22.95379],[-41.966298,-22.535414],[-41.666493,-22.281834],[-41.243695,-22.145213],[-40.967275,-21.947524],[-41.071868,-21.523339],[-40.731725,-20.843838],[-40.583424,-20.801972],[-40.348744,-20.500095],[-40.026845,-19.764418],[-39.834869,-19.657159],[-39.709788,-19.416111],[-39.72468,-18.518731],[-39.499094,-18.005629],[-39.275054,-17.866876],[-39.183746,-17.600844],[-39.208608,-17.162205],[-39.054067,-16.436456],[-38.864369,-15.843357],[-38.923899,-15.71559],[-39.067128,-14.674981],[-38.923695,-14.004083],[-39.062489,-13.399998],[-38.841786,-13.161228],[-38.738149,-12.736586],[-38.508901,-12.722914],[-38.320424,-12.935235],[-38.050893,-12.641046],[-37.654652,-12.049737],[-37.434722,-11.569268],[-36.903066,-10.772882],[-36.40807,-10.50213],[-36.251047,-10.248224],[-36.036285,-10.064142],[-35.853179,-9.731215],[-35.58259,-9.532892],[-35.14745,-8.911879],[-34.811635,-7.905857],[-34.797353,-7.158461],[-34.859364,-7.071466],[-35.038197,-6.236505],[-35.092844,-6.185805],[-35.262278,-5.483331],[-35.510569,-5.143731],[-35.997182,-5.04754],[-36.589996,-5.10296],[-36.898752,-4.938246],[-37.182932,-4.910903],[-37.324818,-4.696466],[-37.607249,-4.608087],[-37.768625,-4.396417],[-38.106679,-4.157892],[-38.457346,-3.718438],[-38.659657,-3.676446],[-39.358266,-3.183526],[-39.985707,-2.848403],[-40.499623,-2.78631],[-41.343088,-2.920343],[-41.675038,-2.879571],[-41.821265,-2.733567],[-42.004018,-2.812595],[-42.452992,-2.752211],[-42.70995,-2.560317],[-43.311766,-2.346467],[-43.476959,-2.537693],[-43.738564,-2.517207],[-44.01415,-2.634698],[-44.072987,-2.399509],[-44.368072,-2.549574],[-44.432973,-2.950291],[-44.693593,-2.994887],[-44.473948,-2.402114],[-44.521718,-1.847263],[-45.091379,-1.464125],[-45.340199,-1.583185],[-45.401275,-1.437921],[-45.696034,-1.160577],[-45.809804,-1.275079],[-46.221181,-1.011163],[-46.480092,-1.022231],[-46.613796,-0.813236],[-47.084543,-0.750584],[-47.294016,-0.592869],[-47.584514,-0.578247],[-48.154042,-0.781834],[-48.160797,-0.960056],[-48.339711,-1.316013],[-48.642121,-1.385675],[-48.811879,-1.62127],[-48.965589,-1.599719],[-49.232004,-1.948175],[-49.485219,-1.76393],[-49.676096,-1.908624],[-49.976918,-1.826104],[-50.372841,-1.973728],[-50.565338,-1.89072],[-50.819203,-1.436293],[-50.824452,-1.030938],[-51.032948,-1.038018],[-51.2683,-1.220392],[-52.123769,-1.619073],[-52.401967,-1.422052],[-51.921457,-1.325779],[-51.929351,-1.178318],[-51.724192,-1.039158],[-51.697499,-0.747166],[-51.44518,-0.471449],[-51.201568,-0.049086],[-50.790639,0.169501],[-50.312489,0.817206],[-49.978831,1.072211],[-49.873046,1.35985],[-49.910159,1.664263],[-50.183156,1.818863],[-50.466542,1.815416],[-50.712618,2.236803],[-50.94454,2.822201],[-51.092742,3.376329],[-51.079905,3.88227],[-51.224435,4.165043],[-51.516498,4.441122],[-51.683217,4.039374],[-51.988424,3.704555],[-52.353208,3.058419],[-52.707708,2.358927],[-52.959683,2.175217],[-53.344104,2.349625],[-53.531792,2.247047],[-53.866811,2.304925],[-54.134908,2.110673],[-54.615292,2.326267],[-55.017748,2.590592],[-55.399585,2.430189],[-55.724294,2.396909],[-55.989239,2.520829],[-56.116803,2.333089],[-55.925806,2.061684],[-56.019651,1.833507],[-56.481819,1.941614],[-56.806476,1.873582],[-57.104494,2.021454],[-57.429487,1.900299],[-57.561159,1.708967],[-57.991003,1.650417],[-58.027229,1.516859],[-58.331913,1.593392],[-58.513659,1.43888],[-58.51893,1.267262],[-58.897873,1.217808],[-59.242141,1.377798],[-59.764539,1.92053],[-59.741698,2.263791],[-59.903135,2.359599],[-60.00008,2.694049],[-59.959385,3.066481],[-59.828488,3.383412],[-59.837661,3.60929],[-59.52923,3.931906],[-59.738468,4.202768],[-59.68674,4.381181],[-60.087697,4.607523],[-59.983104,5.085944],[-60.213426,5.267225],[-60.456357,5.174698],[-60.739854,5.202138],[-60.612626,4.900581],[-60.903435,4.699585],[-61.011956,4.518304],[-61.297262,4.52373],[-61.542104,4.263023],[-62.192659,4.094738],[-62.384172,4.173467],[-62.766216,4.020712],[-62.749576,3.660372],[-62.997054,3.599135],[-63.285977,3.920821],[-63.4254,3.968364],[-64.063811,3.911597],[-64.125099,4.088485],[-64.364981,4.151867],[-64.662896,3.996992],[-64.202976,3.594717],[-64.222923,3.123996],[-63.997872,2.705986],[-64.047972,2.471323],[-63.384834,2.420577],[-63.411758,2.149379],[-63.762641,1.985668],[-63.99503,1.958021],[-64.080864,1.647394],[-64.301523,1.446657],[-64.40901,1.507506],[-64.730876,1.247574],[-65.136769,1.126909],[-65.45122,0.69014],[-65.582943,0.977668],[-65.74544,0.974154],[-66.156345,0.733031],[-66.346204,0.759386],[-66.875061,1.22251],[-67.098199,1.253361],[-67.117165,1.709793],[-67.340614,2.090106],[-67.59295,2.054811],[-67.790457,1.812578],[-68.163302,1.721291],[-69.352403,1.720206],[-69.580296,1.770229],[-69.848807,1.668892],[-69.852192,1.05942],[-69.370851,1.062985],[-69.204324,0.943664],[-69.137455,0.650142],[-69.619157,0.650659],[-70.054246,0.588131],[-70.073806,-0.124901],[-69.944356,-0.305458],[-69.632076,-0.506893],[-69.628381,-0.733442],[-69.399454,-1.182717],[-69.771163,-3.234168],[-69.96495,-4.236484],[-70.231316,-4.303664],[-70.429934,-4.134165],[-70.832235,-4.179434],[-70.968687,-4.385313],[-71.774348,-4.481534],[-72.071126,-4.605144],[-72.627268,-5.022431],[-72.917948,-5.132089],[-73.001353,-5.708798],[-73.234776,-6.077561],[-73.131785,-6.435265],[-73.765493,-6.904177],[-73.760764,-7.337432],[-73.979433,-7.374536],[-73.969382,-7.584652],[-73.712163,-7.788154],[-73.526541,-8.372408],[-73.174573,-8.720707],[-72.959392,-9.085646],[-73.214984,-9.409037],[-72.813303,-9.410897],[-72.430225,-9.482211],[-72.261657,-9.667419],[-72.195666,-10.00559],[-71.391426,-10.00683],[-71.196502,-9.939857],[-70.680849,-9.527686],[-70.543415,-9.72695],[-70.638448,-9.851801],[-70.641342,-11.0108],[-70.2894,-11.06475],[-69.956113,-10.919332],[-69.577635,-10.952302],[-68.884034,-11.016381],[-68.61573,-11.112499],[-68.29332,-10.978967],[-68.09788,-10.697744],[-67.755782,-10.714177],[-67.337823,-10.326087],[-67.0643,-10.256944],[-66.631871,-9.904304],[-65.788564,-9.733048],[-65.583977,-9.837228],[-65.304381,-9.825652],[-65.288077,-10.216223],[-65.44998,-10.468094],[-65.302986,-10.990749],[-65.353009,-11.390621],[-65.065559,-11.75308],[-64.997449,-11.996269],[-64.469058,-12.261059],[-64.395729,-12.457326],[-63.921236,-12.544349],[-63.801398,-12.454949],[-63.247323,-12.701342],[-63.075034,-12.652663],[-62.807402,-12.98887],[-62.22165,-13.121265],[-61.847977,-13.530801],[-61.347724,-13.493697],[-60.896743,-13.552918],[-60.465271,-13.816572],[-60.473513,-14.117225],[-60.291716,-14.630062],[-60.274972,-15.09515],[-60.529479,-15.143726],[-60.237972,-15.50267],[-60.17981,-16.222006],[-60.129839,-16.273062],[-58.464721,-16.33125],[-58.356097,-16.509534],[-58.480276,-16.683683],[-58.38116,-17.267214],[-58.010175,-17.49676],[-57.790757,-17.555775],[-57.730089,-17.846093],[-57.551082,-18.183643],[-57.782334,-18.910421],[-57.789,-19.059249],[-58.124639,-19.729906],[-57.859745,-19.980123],[-58.158797,-20.165125],[-57.86021,-20.730258],[-57.855559,-21.330738],[-57.986818,-22.035295],[-57.843881,-22.143712],[-57.21379,-22.188154],[-56.842856,-22.289026],[-56.421797,-22.074465],[-56.196798,-22.279311],[-55.89294,-22.306803],[-55.631199,-22.626783],[-55.637814,-23.000714],[-55.535236,-23.229124],[-55.530533,-23.603468],[-55.398035,-23.97683],[-54.943644,-23.969182],[-54.612553,-23.811155],[-54.245289,-24.050624],[-54.26105,-24.32947],[-54.600203,-25.574945],[-54.2148,-25.531464],[-53.90996,-25.629236],[-53.826193,-25.972677],[-53.66672,-26.219174],[-53.746043,-26.693873],[-53.710696,-26.873811],[-53.819217,-27.139738],[-54.18953,-27.260867],[-54.827527,-27.545088],[-55.02581,-27.84016],[-55.329874,-27.928113],[-55.440746,-28.078905],[-55.772534,-28.231971],[-55.898056,-28.460691],[-56.415751,-29.051352],[-57.325153,-29.981011],[-57.611698,-30.182963],[-57.602793,-30.190517]]],[[[-51.186025,-0.613946],[-51.505116,-0.60711],[-51.675771,-0.846775],[-51.717885,-1.129653],[-51.872467,-1.243259],[-51.785634,-1.449965],[-51.271148,-1.017673],[-51.186025,-0.613946]]],[[[-48.462514,-0.576104],[-48.427235,-0.259942],[-49.215403,-0.141209],[-49.653472,-0.241143],[-50.368153,-0.105645],[-50.583363,-0.192153],[-50.779897,-0.660577],[-50.804189,-1.424981],[-50.405181,-1.830987],[-50.052073,-1.703871],[-49.823557,-1.816583],[-49.556549,-1.64544],[-49.222768,-1.621189],[-48.839223,-1.44256],[-48.84203,-1.213311],[-48.642812,-1.083591],[-48.462514,-0.576104]]],[[[-50.973744,-0.291192],[-50.627431,-0.085707],[-50.766004,0.046367],[-50.947266,-0.011974],[-50.973744,-0.291192]]],[[[-50.036888,0.299741],[-50.366811,0.214504],[-50.297597,0.01203],[-49.829701,0.011298],[-49.650227,0.386373],[-50.036888,0.299741]]]]},"properties":{"name":"Brazil","ISO3166-1-Alpha-3":"BRA","ISO3166-1-Alpha-2":"BR"}},
{"type":"Feature","geometry":{"type":"Polygon","coordinates":[[[-57.602793,-30.190517],[-57.642466,-30.193092],[-57.849617,-30.48527],[-57.807242,-30.90757],[-57.986818,-31.554145],[-58.168615,-31.846014],[-58.200124,-32.447201],[-58.048492,-32.911716],[-58.174428,-33.110447],[-58.366933,-33.153741],[-58.434641,-33.784926],[-58.388824,-33.942071],[-57.82251,-34.475109],[-57.120025,-34.462986],[-56.795289,-34.698492],[-56.448432,-34.758272],[-56.311269,-34.906183],[-55.792051,-34.774134],[-55.376943,-34.801446],[-54.93932,-34.969903],[-54.145904,-34.667576],[-53.764882,-34.390395],[-53.379095,-33.740676],[-53.539647,-33.649263],[-53.511535,-33.099219],[-53.126856,-32.754847],[-53.648684,-32.338645],[-53.771829,-32.047087],[-54.135063,-31.908956],[-54.463725,-31.671864],[-54.591521,-31.471049],[-54.819776,-31.435289],[-55.259981,-31.228687],[-55.591873,-30.848348],[-55.86426,-31.076758],[-56.011357,-30.798222],[-56.831281,-30.102037],[-57.102272,-30.121158],[-57.212601,-30.287349],[-57.602793,-30.190517]]]},"properties":{"name":"Uruguay","ISO3166-1-Alpha-3":"URY","ISO3166-1-Alpha-2":"UY"}},
{"type":"Feature","geometry":{"type":"Polygon","coordinates":[[[116.684278,49.823265],[116.21764,50.013848],[115.750898,49.884967],[115.368699,49.895405],[114.75375,50.236211],[114.286285,50.276881],[113.579661,50.019945],[113.212448,49.822025],[113.043673,49.588602],[112.733718,49.492794],[112.432238,49.529174],[112.030195,49.411869],[111.338454,49.36474],[110.731359,49.137674],[110.371175,49.24175],[110.181419,49.161962],[109.286693,49.33854],[108.538057,49.32743],[108.032661,49.589326],[107.946517,49.933491],[107.224907,49.997053],[106.656518,50.327007],[106.244863,50.290265],[105.984879,50.399767],[105.32864,50.476455],[104.405802,50.300548],[104.121685,50.148258],[103.601407,50.13353],[102.586585,50.41527],[102.327635,50.545546],[102.051217,51.383609],[101.387795,51.450556],[100.510898,51.726895],[100.005968,51.731727],[98.855599,52.106691],[98.711111,51.845105],[98.33222,51.718317],[98.050893,51.46642],[97.80636,51.001126],[98.023298,50.642026],[98.293462,50.518623],[98.105567,50.06387],[97.566582,49.916799],[97.301688,49.725545],[96.969202,49.886672],[96.372856,49.886052],[95.867047,50.014984],[95.480611,49.892201],[94.624539,50.015191],[94.344349,50.249182],[94.237586,50.565235],[93.011408,50.623319],[92.649776,50.674066],[92.301683,50.843358],[92.15885,50.689103],[91.749779,50.684091],[91.415743,50.461365],[91.012046,50.425295],[90.683901,50.216212],[90.051226,50.084179],[89.623862,49.902692],[89.682308,49.708336],[89.252205,49.629427],[88.870627,49.436002],[88.19997,49.454347],[88.143953,49.27074],[87.816324,49.165837],[87.805885,48.800588],[87.942828,48.599489],[88.565116,48.342993],[88.580774,48.211994],[89.045551,47.992989],[89.5418,48.031023],[89.751296,47.824317],[90.082852,47.756104],[90.441228,47.493045],[90.46872,47.308922],[90.828182,46.982301],[91.047496,46.566409],[90.896188,46.302033],[91.002435,46.021843],[90.710773,45.752196],[90.651138,45.493142],[90.90549,45.185977],[91.135036,45.197862],[91.662963,45.059525],[92.475109,44.997461],[92.752715,45.037976],[93.525278,44.951263],[93.97507,44.659962],[94.69823,44.343496],[95.036814,44.254974],[95.379428,44.287117],[95.908492,43.214547],[96.294308,42.933272],[96.350635,42.740906],[97.193271,42.78726],[99.474476,42.564199],[100.016975,42.676518],[101.21871,42.529834],[101.637599,42.515442],[102.034164,42.18461],[103.073481,42.004517],[103.720986,41.755566],[104.500784,41.870598],[104.497993,41.665778],[105.014809,41.596144],[105.868607,41.993484],[106.767829,42.286619],[108.177355,42.454309],[108.796852,42.398369],[109.485131,42.449296],[110.406728,42.768605],[110.933724,43.287772],[111.59725,43.523391],[111.933353,43.696636],[111.838785,43.938792],[111.519425,44.18857],[111.406357,44.416463],[111.738533,44.9663],[112.011488,45.087482],[112.441333,45.052393],[112.614242,44.908836],[113.104858,44.794373],[113.635058,44.746262],[114.055291,44.940565],[114.418886,45.20148],[114.533711,45.3855],[114.938855,45.373769],[115.63783,45.444359],[116.011967,45.678557],[116.603559,46.309319],[116.804581,46.382906],[117.301708,46.350144],[117.393795,46.57137],[117.696206,46.512253],[118.238291,46.715393],[118.816241,46.758181],[119.316934,46.611678],[119.680116,46.591628],[119.902893,46.842413],[119.699959,47.159526],[118.767406,47.756156],[118.542252,47.966246],[118.182481,48.028206],[117.741681,47.977589],[117.317107,47.654069],[116.85326,47.872118],[116.243891,47.862894],[115.852701,47.705565],[115.561866,47.933199],[115.51453,48.122103],[115.809292,48.273954],[115.800404,48.530372],[116.684278,49.823265]]]},"properties":{"name":"Mongolia","ISO3166-1-Alpha-3":"MNG","ISO3166-1-Alpha-2":"MN"}},
{"type":"Feature","geometry":{"type":"MultiPolygon","coordinates":[[[[87.816324,49.165837],[88.143953,49.27074],[88.19997,49.454347],[88.870627,49.436002],[89.252205,49.629427],[89.682308,49.708336],[89.623862,49.902692],[90.051226,50.084179],[90.683901,50.216212],[91.012046,50.425295],[91.415743,50.461365],[91.749779,50.684091],[92.15885,50.689103],[92.301683,50.843358],[92.649776,50.674066],[93.011408,50.623319],[94.237586,50.565235],[94.344349,50.249182],[94.624539,50.015191],[95.480611,49.892201],[95.867047,50.014984],[96.372856,49.886052],[96.969202,49.886672],[97.301688,49.725545],[97.566582,49.916799],[98.105567,50.06387],[98.293462,50.518623],[98.023298,50.642026],[97.80636,51.001126],[98.050893,51.46642],[98.33222,51.718317],[98.711111,51.845105],[98.855599,52.106691],[100.005968,51.731727],[100.510898,51.726895],[101.387795,51.450556],[102.051217,51.383609],[102.327635,50.545546],[102.586585,50.41527],[103.601407,50.13353],[104.121685,50.148258],[104.405802,50.300548],[105.32864,50.476455],[105.984879,50.399767],[106.244863,50.290265],[106.656518,50.327007],[107.224907,49.997053],[107.946517,49.933491],[108.032661,49.589326],[108.538057,49.32743],[109.286693,49.33854],[110.181419,49.161962],[110.371175,49.24175],[110.731359,49.137674],[111.338454,49.36474],[112.030195,49.411869],[112.432238,49.529174],[112.733718,49.492794],[113.043673,49.588602],[113.212448,49.822025],[113.579661,50.019945],[114.286285,50.276881],[114.75375,50.236211],[115.368699,49.895405],[115.750898,49.884967],[116.21764,50.013848],[116.684278,49.823265],[117.057588,49.672886],[117.758838,49.512741],[118.168632,49.671491],[118.644365,49.954575],[119.091676,49.986562],[119.31621,50.092654],[119.293576,50.599238],[119.748277,51.083395],[120.108203,51.665194],[120.647602,51.911019],[120.77917,52.117595],[120.626156,52.346806],[120.72398,52.542169],[120.429941,52.636091],[120.280182,52.865922],[120.874255,53.28016],[121.203485,53.276749],[122.337835,53.49131],[122.859663,53.473946],[123.252559,53.567791],[123.639564,53.551254],[124.232706,53.381652],[124.72017,53.148824],[125.127432,53.206547],[125.621355,53.062137],[126.035128,52.727119],[126.53117,52.152658],[126.446059,51.982539],[126.954607,51.329581],[126.931766,51.063783],[127.287352,50.751012],[127.330656,50.328195],[127.578393,50.220553],[127.508113,49.822335],[127.830884,49.593873],[128.09247,49.541577],[128.666182,49.609479],[129.050551,49.376677],[129.711183,49.274151],[129.913444,49.03954],[130.249341,48.864512],[130.674328,48.870817],[130.533252,48.635792],[130.819436,48.281886],[130.663373,48.116444],[131.023351,47.682284],[131.577426,47.668564],[132.524655,47.707528],[132.658807,47.869818],[133.091958,48.10678],[133.463719,48.089521],[133.721274,48.244757],[134.38635,48.381337],[134.700852,48.261526],[134.567217,48.040376],[134.772579,47.710732],[134.484638,47.430181],[134.154116,47.257892],[133.902452,46.258986],[133.687374,46.141836],[133.413489,45.573343],[133.202133,45.51128],[133.11542,45.123035],[132.953362,45.024385],[131.96965,45.233829],[131.818031,45.33279],[131.419502,44.958962],[130.933434,44.841708],[131.065829,44.682028],[131.264473,44.054211],[131.170319,43.781101],[131.280906,43.380221],[130.992448,42.848729],[130.769516,42.865808],[130.407161,42.735377],[130.530771,42.53048],[130.699962,42.295111],[130.85849,42.524563],[131.47169,42.873236],[131.750499,43.225287],[131.95224,43.071967],[132.356212,43.285956],[132.404389,42.942288],[132.773692,42.875067],[133.157725,42.688422],[133.604991,42.846259],[133.926768,42.882717],[134.193696,43.079779],[135.139903,43.508368],[135.487885,43.832709],[135.655854,44.168687],[135.888682,44.401516],[136.122569,44.475531],[136.364757,44.792548],[136.825531,45.204088],[137.144542,45.374661],[137.671479,45.794623],[138.100352,46.227973],[138.53476,46.98664],[138.958995,47.313422],[139.390473,47.904242],[140.16505,48.449408],[140.185802,48.650092],[140.560802,49.575385],[140.415782,49.862698],[140.52296,50.151068],[140.442882,50.544379],[140.656749,50.937812],[140.70574,51.334784],[140.896007,51.428778],[141.429535,51.941962],[141.514822,52.171942],[141.167166,52.364895],[141.28061,52.578762],[141.188813,52.987494],[141.432953,53.148871],[140.251964,53.89057],[140.240571,54.056952],[139.815929,54.215155],[139.161876,54.204739],[138.738536,54.315985],[138.76059,53.975246],[138.502126,53.543524],[137.918224,53.586615],[137.335134,53.529364],[137.596934,53.824164],[137.451427,54.317613],[137.061371,54.145697],[137.18572,53.85106],[136.684744,53.808498],[136.883311,54.591376],[136.249278,54.620429],[135.750173,54.57095],[135.265147,54.721666],[135.219571,54.894121],[135.868943,55.173886],[136.319021,55.486558],[136.773285,55.660549],[137.571951,56.116523],[138.661615,56.977943],[139.196544,57.27265],[139.789678,57.482731],[139.98154,57.687738],[140.495728,57.844774],[140.666759,58.191107],[140.904307,58.382758],[141.583734,58.617749],[142.26238,59.124579],[143.159679,59.353909],[143.840505,59.402476],[145.000759,59.369583],[145.675304,59.423489],[146.050292,59.138873],[146.439642,59.460409],[147.591075,59.304145],[148.393728,59.379299],[148.787937,59.236484],[149.132907,59.640736],[149.597725,59.758205],[150.456806,59.61259],[151.637576,59.48248],[151.760265,59.299262],[151.216528,59.091682],[151.359093,58.855993],[152.020298,58.875037],[152.404796,59.023424],[152.91605,58.916555],[153.369151,59.241278],[154.048676,59.052802],[154.501565,59.217887],[155.194102,59.175767],[154.962901,59.49608],[154.428762,59.547034],[154.22077,59.86962],[154.952403,60.367418],[155.920739,60.754794],[156.007631,60.949572],[156.546888,61.209226],[156.679463,61.524017],[157.464509,61.782105],[158.080164,61.734],[158.260227,61.825934],[159.359874,61.893012],[159.577213,61.652771],[160.413958,61.764781],[159.965225,61.378036],[160.000141,61.106118],[160.424876,60.983678],[160.381794,60.701606],[160.828489,60.754661],[161.595627,61.255178],[161.98639,61.372619],[162.417247,61.675849],[162.978398,61.809509],[163.26705,62.521995],[164.055126,62.656096],[164.597937,62.673065],[164.538313,62.45111],[164.127194,62.262379],[164.044815,61.683433],[163.759494,61.479001],[164.028819,61.346625],[163.487303,61.001664],[163.345659,60.799292],[161.938555,60.416788],[161.897215,60.202961],[161.532849,60.067615],[160.804942,59.605373],[159.864431,59.14057],[159.750743,58.925605],[159.023774,58.414781],[158.167979,58.020738],[157.723155,58.024604],[157.4699,57.803941],[156.930675,57.658433],[157.001288,57.425505],[156.831616,57.213451],[156.125255,56.832017],[155.924327,56.58454],[155.686209,56.03913],[155.551177,55.284205],[155.728038,54.426825],[155.935802,53.86518],[156.111196,52.93542],[156.372775,52.404624],[156.501231,51.775051],[156.535492,51.289252],[156.721874,51.195482],[156.719698,50.886454],[157.759192,51.543983],[158.286876,51.967515],[158.547699,52.296047],[158.515636,52.746324],[159.003266,53.07685],[159.922374,53.283637],[159.969249,53.570299],[159.844086,53.796942],[160.052989,54.175727],[160.741222,54.535224],[161.753184,54.519761],[162.153168,54.849921],[161.812981,55.179184],[161.777081,55.608327],[162.1421,56.129055],[162.59254,56.26849],[162.821618,56.056199],[163.366069,56.180659],[163.280572,56.688012],[162.7835,56.763029],[162.833119,57.383312],[163.32951,57.708945],[162.711599,57.966742],[162.455539,57.784351],[162.025564,57.928778],[161.993228,58.087392],[162.405294,58.654445],[163.068549,58.968053],[162.886567,59.113511],[163.378184,59.814358],[163.651541,60.051663],[164.339122,59.991523],[164.488536,60.111029],[165.01352,59.847968],[165.129649,60.084174],[166.249685,60.383531],[166.287771,59.84455],[167.048106,60.328437],[168.096365,60.571479],[169.166515,60.567328],[169.707774,60.399482],[169.955821,60.059231],[170.400645,59.965644],[170.58074,60.433905],[171.179454,60.558905],[171.406505,60.750474],[172.006847,60.855211],[172.931326,61.351549],[173.497081,61.571275],[174.489757,61.814643],[175.633474,62.191311],[176.279307,62.317084],[176.594249,62.485826],[177.306814,62.582099],[178.061046,62.541083],[179.150401,62.341864],[179.60906,62.705634],[179.249522,62.984687],[179.334809,63.196479],[178.59547,63.411322],[178.762869,63.642768],[178.399913,64.243354],[178.000011,64.210354],[177.453624,64.42064],[177.491873,64.767524],[176.727387,64.579169],[176.210134,64.873969],[177.297699,64.838446],[177.744151,64.706366],[178.757986,64.640937],[179.478689,64.82274],[180,65.06619],[180,65.069252],[180,65.567867],[180,66.066482],[180,66.565097],[180,67.063712],[180,67.562327],[180,68.060942],[180,68.559557],[180,68.98105],[178.772634,69.415229],[178.212169,69.443427],[176.503917,69.754096],[173.460785,69.948554],[171.994477,69.993069],[170.61085,70.116278],[170.584158,69.599555],[171.027599,69.054755],[170.351085,68.82807],[169.625499,68.777248],[169.41977,69.023627],[168.288259,69.242662],[168.240977,69.558295],[167.674083,69.771877],[166.938731,69.502102],[165.674729,69.595978],[164.834258,69.567404],[164.027029,69.77383],[162.209727,69.655911],[161.435802,69.379869],[161.565684,69.014879],[160.962901,69.105536],[160.925548,69.642076],[160.383962,69.674872],[159.688975,69.890774],[160.106293,70.263739],[159.689464,70.670966],[158.523611,70.968817],[157.585785,71.074856],[155.936371,71.099351],[153.930431,70.89411],[152.613048,70.834621],[151.492442,71.333157],[149.968028,71.534735],[149.709483,71.772895],[150.066905,71.921942],[149.611339,72.148383],[148.402029,72.31094],[147.195567,72.329901],[146.156505,71.820705],[145.747569,71.909898],[145.849376,72.162177],[146.495372,72.065985],[146.92921,72.312649],[145.409516,72.555894],[141.550629,72.774319],[140.877778,72.537746],[139.541759,72.497626],[139.135753,72.304104],[139.874197,72.178168],[139.573904,71.932929],[139.717784,71.457343],[138.756033,71.643012],[138.038585,71.558743],[138.009532,71.339342],[137.355642,71.374172],[135.985118,71.634833],[134.167654,71.370795],[133.151622,71.579169],[132.813128,71.83147],[132.264171,71.682034],[131.546153,70.887112],[131.226329,70.75023],[130.300629,70.940131],[129.3921,71.346829],[129.248709,71.549872],[128.192149,72.228339],[129.145763,72.100328],[129.521658,72.249416],[129.117361,72.481513],[128.611339,72.482733],[127.960623,72.662055],[128.290782,72.908637],[129.443508,73.028944],[128.439301,73.236274],[127.987559,73.470852],[126.226573,73.554592],[125.651866,73.525458],[124.336192,73.804836],[123.246104,73.545885],[123.553477,73.217597],[123.13795,72.918036],[122.61378,73.030951],[121.054698,72.931789],[118.917654,73.119534],[118.353282,73.282416],[118.450206,73.588772],[117.443858,73.588772],[115.413097,73.710395],[113.131358,73.449693],[113.395518,73.685777],[111.803722,73.744208],[110.580821,73.9914],[110.021495,74.014472],[109.531098,73.775295],[110.898611,73.685858],[109.713878,73.452582],[108.393321,73.317328],[107.722341,73.168524],[106.359874,73.194281],[107.133556,73.530178],[108.49171,73.772528],[108.996104,74.01557],[109.890147,74.197008],[109.999522,74.373725],[111.743826,74.663153],[112.146821,74.878363],[112.879649,74.992906],[113.605235,75.28498],[113.336762,75.535102],[113.890147,75.85399],[113.259288,76.266425],[111.555431,76.684149],[109.33253,76.75849],[107.591563,76.505032],[106.612315,76.559638],[107.250499,77.007025],[106.500011,77.021633],[105.455821,77.240465],[105.983572,77.4383],[104.678233,77.70954],[104.023285,77.7331],[102.157725,77.402289],[100.919281,76.975898],[101.23463,76.767279],[101.035981,76.520209],[99.508556,76.468736],[99.261485,76.129218],[98.576182,76.231635],[96.830577,75.915432],[95.389822,76.164008],[93.685802,76.13227],[93.549815,75.853013],[91.29127,75.628974],[90.863536,75.66828],[89.132335,75.452826],[88.314464,75.180854],[87.354259,75.043891],[86.02003,74.262519],[86.802989,74.184027],[86.783214,73.902248],[83.483653,73.655463],[81.956879,73.662665],[80.832205,73.571763],[80.272716,73.30976],[80.84197,72.922105],[80.704112,72.545356],[81.208181,72.354926],[82.19809,72.281562],[82.185069,72.093492],[83.360525,71.840644],[83.628184,71.610907],[83.147634,71.244818],[83.774669,70.47663],[82.951671,70.325141],[83.1338,70.882392],[82.203136,71.016262],[82.29656,71.287299],[82.820079,71.391303],[83.320486,71.683295],[82.867361,71.786444],[81.736664,71.699897],[79.391449,72.385565],[78.497569,72.408189],[77.741384,72.216213],[78.203624,72.001044],[77.584646,71.831122],[76.946137,72.044257],[76.026703,71.923814],[76.32545,71.559516],[77.670909,71.286119],[78.278982,71.258938],[78.61378,70.962592],[78.00172,70.963609],[77.782725,71.142483],[76.017345,71.237006],[75.342621,71.334947],[75.532888,71.542304],[75.286794,71.959906],[75.721202,72.249579],[75.111095,72.346422],[74.928396,72.098131],[73.52589,71.822211],[73.037446,71.440985],[73.556163,71.255113],[74.316173,70.520331],[73.734548,70.180894],[73.515961,69.746405],[73.899587,69.414008],[73.751801,69.183539],[74.715099,69.085028],[75.508556,69.26142],[76.754893,69.124701],[77.682628,68.88581],[77.715099,68.621039],[78.103282,68.248358],[77.536957,68.128607],[77.459483,67.786282],[77.120291,67.768541],[77.356619,68.232896],[77.315929,68.530585],[76.662608,68.762641],[76.375743,68.993964],[75.190684,68.874823],[74.454356,68.693996],[74.331554,68.385565],[74.701427,68.180732],[74.730317,67.686265],[73.899587,67.29621],[73.871349,67.006334],[73.492361,66.823432],[72.493663,66.618801],[72.347341,66.306383],[71.990082,66.23078],[71.145518,66.365627],[70.362641,66.334418],[69.386485,66.513373],[69.130707,66.830715],[69.936209,66.863023],[70.413259,66.563178],[70.980317,66.535875],[71.576915,66.658759],[71.722016,66.915269],[72.231293,67.169176],[72.405935,67.479967],[73.2046,67.865871],[73.090831,68.21426],[73.644379,68.501899],[72.577403,68.940375],[72.647716,69.292222],[72.50172,69.646715],[72.691661,69.836859],[72.459483,70.304429],[72.771332,70.425238],[72.827403,70.887641],[72.670746,71.108954],[72.105724,71.290351],[71.838145,71.532416],[72.209321,71.614732],[72.864919,72.271674],[72.496104,72.787665],[71.563243,72.915961],[69.276622,72.840766],[68.989106,72.705878],[68.478852,71.836168],[67.947276,71.527574],[66.927013,71.298407],[66.608246,70.880683],[67.317882,70.784084],[67.094249,70.220893],[66.771007,69.740668],[67.969086,69.491278],[68.487153,68.97016],[69.10906,68.878974],[68.382823,68.228461],[67.055512,68.78144],[65.817231,69.142646],[64.855805,69.295396],[64.548025,69.451728],[63.410492,69.671291],[60.770274,69.849107],[60.138845,69.577867],[60.843761,69.157538],[60.938324,68.963284],[60.466645,68.722317],[59.773611,68.668199],[59.963878,68.46601],[59.674815,68.336168],[59.109548,68.404731],[59.056407,68.619534],[59.415538,68.766669],[58.878754,69.003119],[57.977875,68.852973],[57.329845,68.564765],[56.629649,68.642035],[55.392914,68.564276],[54.239757,68.21133],[53.437022,68.918158],[52.49879,68.619534],[51.560557,68.483059],[49.133311,67.862616],[48.924978,67.68769],[48.255707,67.682685],[47.695079,67.204739],[47.725597,67.000922],[46.926931,66.844957],[45.853201,66.88703],[45.593893,67.15824],[44.951687,67.320717],[45.350434,67.730414],[46.722016,67.844916],[46.534923,68.132554],[45.943858,68.446234],[45.306373,68.545291],[43.984548,68.551337],[44.244395,68.255683],[44.003015,67.576027],[43.761404,67.221137],[44.499278,66.921454],[44.487804,66.676174],[44.045665,66.081041],[43.252208,66.436754],[42.749197,66.395087],[42.200938,66.532172],[41.34254,66.062893],[40.795909,65.991685],[39.826915,65.607001],[39.712087,65.401842],[40.378103,64.922512],[40.528494,64.577948],[39.566524,64.545268],[39.303071,64.646226],[38.046434,64.853672],[37.705972,65.017382],[37.007677,65.172977],[36.568604,64.902452],[37.121501,64.39474],[37.687061,64.430867],[38.00294,64.316962],[38.001801,63.955512],[37.169444,63.895087],[36.292166,64.009711],[35.810802,64.342027],[35.410504,64.286755],[34.955577,64.452216],[34.816091,65.043402],[34.368988,65.391791],[34.776622,65.596584],[34.866222,65.877916],[34.496837,66.116156],[33.619884,66.309312],[33.7046,66.443834],[33.034841,66.59162],[32.478282,66.90998],[32.382579,67.159654],[33.483246,66.730414],[34.887706,66.599758],[35.380626,66.417873],[36.88738,66.285224],[37.927094,66.088772],[38.554373,66.054999],[39.343598,66.134711],[40.444347,66.405504],[41.178071,66.809556],[41.360037,67.013617],[41.108897,67.253811],[41.016612,67.697903],[39.859386,68.057563],[39.520763,68.075995],[38.662934,68.379299],[38.434581,68.355862],[37.680512,68.713446],[36.249522,69.110989],[35.330333,69.276068],[34.661794,69.249498],[32.687022,69.502753],[33.118988,69.661078],[32.054454,69.963772],[31.409028,69.715806],[30.840954,69.805842],[30.511657,69.536325],[29.334519,69.277375],[28.954077,69.027261],[28.447441,68.514889],[28.663759,68.204003],[29.298656,68.081789],[30.009413,67.685844],[29.916241,67.508129],[29.099908,66.991132],[29.089159,66.837549],[29.900169,66.108059],[30.111733,65.712011],[29.702869,65.62938],[29.820484,65.093651],[29.588147,64.991435],[30.093129,64.361241],[30.558475,64.219699],[30.509331,63.991392],[29.980785,63.741537],[30.488661,63.462122],[31.22567,63.19604],[31.569525,62.905929],[31.222156,62.491716],[30.635008,62.184009],[29.779143,61.593115],[29.203158,61.245901],[28.797601,61.09684],[27.807872,60.553046],[28.215831,60.547553],[29.092296,60.177965],[29.70102,60.200507],[29.80421,59.94009],[29.161388,60.002631],[28.845958,59.790229],[28.427501,59.813422],[27.993419,59.703315],[28.019054,59.481757],[27.694412,58.975936],[27.410606,58.754864],[27.495355,58.22146],[27.673122,57.912823],[27.352935,57.527601],[27.840295,57.290639],[27.648731,56.879268],[27.918895,56.805888],[28.126117,56.547764],[28.148907,56.142414],[29.377411,55.954028],[29.461023,55.6873],[30.217773,55.855145],[30.912821,55.571596],[30.794275,55.285515],[31.006407,55.04243],[30.770607,54.786011],[31.167947,54.621577],[31.324682,54.229249],[31.748119,54.086312],[31.753803,53.81961],[32.083602,53.809637],[32.48058,53.66241],[32.719532,53.439478],[32.20592,53.100352],[31.378529,53.182026],[31.247064,53.014388],[31.505136,52.848894],[31.608075,52.372463],[31.764345,52.100568],[32.095591,52.040726],[32.528433,52.316213],[32.926858,52.246915],[33.196506,52.368949],[33.804065,52.354609],[34.068235,52.031011],[34.385735,51.817665],[34.127973,51.680748],[34.280315,51.361259],[34.74809,51.164733],[34.961824,51.215325],[35.341749,50.91586],[35.425258,50.500485],[35.69687,50.345145],[36.105837,50.42111],[36.269031,50.281376],[36.682649,50.260654],[37.435265,50.424934],[37.72765,50.078701],[37.995334,49.921347],[38.34415,49.992092],[39.570432,49.713297],[40.040894,49.455484],[40.141663,49.245781],[39.758741,48.895415],[39.809177,48.583754],[39.993248,48.27323],[39.759051,47.832947],[38.877244,47.86124],[38.734514,47.677143],[38.352935,47.607095],[38.216645,47.103258],[39.264008,47.26081],[38.803722,46.893541],[38.403005,46.82095],[37.827322,46.476508],[38.300059,46.218655],[37.940115,46.020331],[37.829438,45.75316],[37.595063,45.635321],[37.737559,45.374742],[37.158946,45.326077],[36.781586,45.387641],[36.840099,45.109361],[37.191905,44.991034],[37.478282,44.677191],[37.922618,44.613756],[38.177745,44.405992],[38.595063,44.331936],[38.978282,44.148261],[39.985976,43.38899],[40.23313,43.575765],[40.651916,43.538971],[41.011791,43.375416],[41.550569,43.226277],[42.75153,43.176952],[43.194345,42.926761],[43.800613,42.746462],[43.939726,42.55221],[44.272005,42.702382],[44.85936,42.75951],[45.184198,42.674838],[45.35597,42.519964],[45.698688,42.507587],[45.62138,42.224478],[45.947562,42.022914],[46.430892,41.890442],[46.745033,41.840135],[47.268411,41.302803],[47.871114,41.208183],[48.053532,41.461295],[48.370153,41.58015],[48.578949,41.845282],[47.867686,42.584662],[47.69809,42.867133],[47.461925,43.020819],[47.502778,43.780992],[47.245942,44.211982],[46.700938,44.446194],[46.722016,44.655341],[47.071462,44.785102],[47.608735,45.638821],[48.269786,45.779486],[48.465587,45.940172],[48.741059,45.923],[48.887055,46.12226],[49.227131,46.327879],[48.455109,46.660796],[49.00629,46.76911],[48.697265,47.100976],[48.525079,47.410234],[48.044488,47.769695],[47.435326,47.834394],[47.174464,47.770522],[47.051164,47.974644],[47.078294,48.275349],[46.479312,48.410225],[46.753818,48.91407],[47.020881,49.096849],[46.775108,49.332545],[46.899907,49.820319],[47.308719,50.044802],[47.294766,50.275434],[47.624669,50.440798],[47.993225,50.181796],[48.239308,49.864761],[48.417592,49.811689],[48.885677,50.019894],[48.67339,50.579549],[49.36942,50.82677],[49.423112,51.101998],[49.779059,51.102179],[50.325383,51.303459],[50.581698,51.635299],[50.925449,51.679689],[51.620497,51.518691],[51.869164,51.673074],[52.334872,51.763715],[52.505818,51.478874],[53.153272,51.512671],[53.610298,51.388415],[54.176569,50.967898],[54.478566,50.853486],[54.638246,51.027687],[55.305389,50.664971],[55.659992,50.530043],[56.078881,50.72476],[56.508003,51.066264],[57.168221,51.093782],[57.352706,50.885991],[57.737282,50.938236],[57.768804,51.119672],[58.595007,51.023372],[58.664357,50.789924],[58.925943,50.678148],[59.774677,50.533712],[60.021276,50.854055],[60.300433,50.684659],[60.718495,50.652672],[61.372098,50.782483],[61.59317,51.277827],[61.473798,51.425803],[61.023283,51.485515],[60.937396,51.611166],[60.515096,51.61791],[60.452051,51.805469],[60.138065,51.888875],[60.506518,52.15165],[61.039922,52.334998],[60.696171,52.734922],[61.190301,53.013148],[61.574257,52.955839],[62.050662,53.124769],[61.20291,53.276439],[61.280734,53.542418],[61.007573,53.635745],[61.193505,54.018254],[62.550579,54.026833],[63.084655,54.08564],[63.708648,54.250437],[64.578518,54.38557],[65.212949,54.343041],[65.477378,54.632687],[65.97745,54.611706],[66.446517,54.710925],[67.622725,54.853862],[68.166051,54.95613],[68.262376,55.194048],[68.722502,55.352798],[69.673866,55.33404],[70.197038,55.133483],[70.665743,55.309183],[70.977145,55.077983],[71.180337,54.727358],[71.182301,54.101557],[72.066743,54.222376],[72.656164,54.042542],[73.485261,53.874852],[73.229669,53.66241],[73.39121,53.520249],[73.872731,53.632128],[74.213899,53.59704],[75.027906,53.807931],[75.640375,54.09887],[76.766094,54.36459],[76.525695,53.961307],[77.612761,53.442786],[77.866802,53.272331],[78.476481,52.637925],[79.469805,51.492595],[79.990083,50.788116],[80.439048,50.958131],[80.476152,51.20964],[80.682754,51.302012],[81.14717,51.13595],[81.400798,50.959113],[81.460226,50.730341],[82.073109,50.715665],[83.433956,50.992651],[83.820496,50.868007],[84.101719,50.62859],[84.249978,50.259931],[84.975774,50.075187],[85.263095,49.581523],[86.111519,49.520183],[86.610196,49.795515],[86.775871,49.695004],[86.905062,49.351924],[87.323796,49.085274],[87.816324,49.165837]]],[[[22.76722,54.35627],[22.680403,54.453215],[22.808871,54.893756],[22.580668,55.057622],[22.09987,55.029924],[21.267589,55.248684],[21.230154,54.93891],[20.530935,54.964667],[20.989431,55.273116],[20.924569,55.282658],[20.634044,55.048774],[20.033702,54.948188],[19.831879,54.598131],[19.609548,54.456732],[20.929606,54.397818],[22.76722,54.35627]]],[[[33.628517,46.124935],[33.708669,45.909735],[32.936778,45.662502],[32.525157,45.458157],[32.899262,45.354234],[33.259613,45.156073],[33.562511,45.09394],[33.61964,44.931464],[33.477387,44.606635],[33.720958,44.399644],[33.957856,44.383002],[34.341156,44.558498],[34.469005,44.729804],[35.005707,44.835191],[35.547374,45.119696],[35.847992,44.992418],[36.440115,45.06745],[36.299978,45.473334],[35.791759,45.412299],[35.480724,45.297797],[35.001891,45.729003],[34.688637,45.974015],[33.846216,46.195705],[33.628517,46.124935]]],[[[-180,65.066229],[-179.66309,65.141263],[-179.277044,65.630256],[-179.723256,65.78148],[-179.768259,66.102932],[-178.982439,66.158947],[-178.872507,65.893948],[-178.411089,65.681765],[-178.283987,65.444346],[-177.415925,65.440748],[-176.976552,65.608059],[-175.908839,65.402953],[-175.774793,64.939365],[-175.456841,64.797215],[-174.652292,64.725328],[-174.07245,64.549109],[-173.98933,64.412348],[-173.106265,64.24098],[-172.387658,64.407364],[-172.815906,64.611735],[-172.700904,64.877598],[-172.093091,65.050359],[-172.162487,65.420692],[-170.667356,65.599546],[-170.532419,65.852729],[-169.700917,66.128648],[-170.565256,66.353583],[-171.363359,66.674829],[-171.895194,66.970729],[-172.66583,66.885043],[-173.547078,67.090677],[-174.026214,66.961111],[-173.833141,66.506251],[-174.435663,66.531545],[-175.159589,67.337477],[-175.2865,67.667106],[-175.824029,67.81296],[-176.300463,67.724244],[-176.717986,68.026266],[-177.608469,68.196763],[-178.041819,68.42768],[-178.699928,68.543189],[-178.844813,68.752361],[-180,68.98237],[-180,68.559557],[-180,68.060942],[-180,67.562327],[-180,67.063712],[-180,66.565097],[-180,66.066482],[-180,65.567867],[-180,65.069252],[-180,65.066229]]],[[[180,71.53642],[178.905447,71.237006],[178.622732,71.037746],[178.832042,70.808539],[180,70.992423],[180,71.052632],[180,71.53642]]],[[[-180,70.99201],[-179.342112,70.908026],[-177.930491,71.041449],[-177.44343,71.237006],[-178.394846,71.540717],[-179.074574,71.600043],[-180,71.536688],[-180,71.052632],[-180,70.99201]]],[[[142.529063,54.297187],[142.708263,53.948228],[142.576671,53.500067],[142.229747,53.520819],[141.768809,53.371649],[141.928396,53.020657],[141.843761,52.590806],[141.660981,52.382473],[141.675548,51.912421],[142.078949,51.471381],[142.266856,51.074286],[142.045177,50.528266],[142.150076,50.345689],[142.159679,49.677965],[141.967296,48.862372],[141.857432,48.774237],[142.138682,48.318061],[142.191091,47.966742],[141.965831,47.612494],[142.056651,47.053697],[141.822276,46.602281],[141.932628,46.035793],[142.201671,46.030666],[142.457205,46.630805],[143.172862,46.707831],[143.016368,47.253607],[142.759532,47.43122],[142.545258,47.766669],[142.549571,48.020087],[143.174164,49.245998],[143.499034,49.349189],[144.282725,49.25019],[144.002696,50.012844],[143.790294,50.309231],[143.461762,51.46955],[143.221202,51.531643],[143.118663,52.337795],[143.337901,52.703803],[143.29005,53.151923],[142.939708,53.749742],[143.003917,54.135484],[142.733572,54.421454],[142.529063,54.297187]]],[[[51.409516,71.806138],[51.86199,71.456244],[52.573904,71.575873],[53.25172,71.456041],[53.491873,71.072455],[54.006521,70.757799],[55.817556,70.613349],[57.171886,70.613186],[57.063243,70.862454],[56.105724,71.258979],[55.67213,71.611029],[55.342784,72.065579],[55.738536,72.784247],[56.2199,72.826565],[56.435232,73.230129],[54.934825,73.42536],[53.15561,73.15058],[53.141938,72.96247],[52.397634,72.717922],[52.914236,72.596991],[52.332286,72.070624],[51.610037,72.091702],[51.409516,71.806138]]],[[[56.98699,74.690497],[55.529552,74.654853],[55.622732,74.190172],[55.018891,74.173],[54.725841,73.977932],[53.868663,73.778713],[54.473888,73.390815],[55.020681,73.443549],[56.578787,73.26081],[57.253917,73.45718],[57.945974,73.806586],[57.878429,73.934312],[58.508311,74.217475],[58.570486,74.388861],[59.221446,74.615424],[59.874766,74.628485],[60.560557,74.866278],[60.83253,75.152899],[62.048188,75.450344],[63.304373,75.588609],[66.178559,75.961982],[68.287934,76.281317],[68.930675,76.719387],[68.462901,76.966702],[66.943533,76.948961],[65.168956,76.475287],[62.956798,76.206936],[61.636974,76.311957],[60.268077,76.110093],[57.046235,75.398139],[56.88087,75.223293],[55.80836,75.156643],[56.98699,74.690497]]],[[[148.799164,45.415676],[148.621104,45.498236],[148.31186,45.275295],[147.886241,45.218736],[147.264415,44.867621],[147.388377,44.736659],[147.990309,45.005798],[148.215831,45.195746],[148.799164,45.415676]]],[[[150.334239,46.210842],[150.020169,46.073024],[149.482309,45.669377],[149.637766,45.610946],[150.142345,45.898017],[150.334239,46.210842]]],[[[156.125255,50.637519],[155.889496,50.690863],[155.717784,50.423082],[155.410167,50.360175],[155.220876,50.109931],[155.884939,50.25373],[156.125255,50.637519]]],[[[138.046723,55.058051],[137.60613,55.2001],[137.485362,54.87934],[137.706065,54.624986],[137.986176,54.797431],[138.046723,55.058051]]],[[[164.7069,58.976828],[164.558116,59.239691],[163.966698,59.028561],[164.121247,58.780718],[164.7069,58.976828]]],[[[50.323009,69.150539],[49.271739,69.507961],[48.806326,69.493232],[48.30421,69.276801],[48.218761,68.909247],[48.592052,68.730862],[49.719737,68.88996],[50.323009,69.150539]]],[[[169.446462,69.849107],[168.264659,70.024115],[167.790863,69.808336],[168.874522,69.567857],[169.446462,69.849107]]],[[[60.539806,69.818671],[59.023611,70.479804],[58.522309,70.331122],[58.695567,70.002834],[59.431488,69.889472],[59.563487,69.715033],[60.20102,69.685126],[60.539806,69.818671]]],[[[53.231781,71.215888],[52.741059,71.405829],[52.257823,71.348944],[52.799815,71.092963],[53.231781,71.215888]]],[[[78.279063,72.552191],[77.610199,72.634711],[76.917979,72.293036],[77.586436,72.285305],[78.279063,72.552191]]],[[[79.562999,72.768256],[79.140391,73.095404],[78.592296,72.862128],[79.562999,72.768256]]],[[[71.669119,73.227484],[70.948741,73.517483],[69.982677,73.408108],[70.256602,73.038275],[71.669119,73.227484]]],[[[143.474946,73.320624],[143.407237,73.542792],[142.045177,73.916571],[141.127208,73.881659],[140.493302,73.485044],[141.512435,73.299352],[143.174945,73.17658],[143.474946,73.320624]]],[[[113.405772,74.444037],[112.110118,74.551215],[111.581309,74.260159],[112.774913,74.08808],[113.405772,74.444037]]],[[[150.827647,75.163398],[149.126801,75.268622],[148.407725,75.421088],[147.373871,75.440375],[146.389171,75.58515],[146.071788,75.240302],[148.17213,74.803534],[149.208995,74.758002],[150.609223,74.8935],[150.827647,75.163398]]],[[[145.366222,75.540229],[143.947113,75.834784],[142.546886,75.862982],[141.702159,76.120998],[140.150401,75.800523],[139.10963,76.096869],[138.138031,76.118842],[137.067638,75.725775],[137.430675,75.38935],[137.149099,75.134223],[138.165701,74.77619],[139.343435,74.687405],[140.068696,74.827948],[141.843761,74.998969],[142.355642,74.82453],[143.464529,74.900051],[144.331228,75.04678],[144.72934,75.431586],[145.366222,75.540229]]],[[[105.415538,78.583441],[103.989106,79.130845],[102.302908,79.432807],[101.309906,79.238756],[100.254649,78.665351],[100.049653,78.343207],[99.268321,78.041571],[100.037283,77.961615],[101.209809,78.193508],[102.865733,78.219143],[104.787364,78.336371],[105.415538,78.583441]]],[[[93.628184,79.933417],[91.782074,80.063788],[91.26238,79.903022],[92.624766,79.672797],[93.628184,79.933417]]],[[[99.885997,79.04149],[99.583181,79.172797],[100.022472,79.823554],[97.592133,80.174872],[94.935557,80.071275],[93.748871,79.54385],[95.01824,79.03852],[96.798513,78.989203],[97.760753,78.808783],[99.40561,78.822455],[99.885997,79.04149]]],[[[62.221934,80.813218],[59.693858,80.837144],[59.229259,80.64411],[59.636404,80.43122],[61.044607,80.405178],[62.072276,80.614163],[62.221934,80.813218]]],[[[51.689301,80.727281],[50.724294,80.895453],[49.003673,80.775702],[49.631033,80.639594],[47.427989,80.322699],[47.633149,80.117825],[49.107188,80.189521],[49.727794,80.49433],[50.949555,80.53677],[51.689301,80.727281]]],[[[97.747081,80.741604],[95.776622,81.288804],[93.052745,80.995429],[92.740489,80.513007],[91.918468,80.468411],[92.504893,80.15766],[93.694102,79.998114],[95.033946,80.138251],[97.187999,80.233588],[97.020763,80.525865],[97.747081,80.741604]]],[[[55.712087,80.103461],[56.956798,80.066311],[57.131033,80.306138],[55.989268,80.336656],[55.712087,80.103461]]],[[[62.770518,80.885565],[63.130707,80.683092],[64.425629,80.740871],[65.445811,80.919623],[65.229828,81.136705],[62.770518,80.885565]]]]},"properties":{"name":"Russia","ISO3166-1-Alpha-3":"RUS","ISO3166-1-Alpha-2":"RU"}},
{"type":"Feature","geometry":{"type":"Polygon","coordinates":[[[14.810393,50.858447],[14.381892,50.920872],[13.834535,50.723675],[13.601939,50.712151],[12.336487,50.258587],[12.24688,50.044957],[12.524072,49.904965],[12.383616,49.742856],[12.797751,49.327843],[13.815725,48.76643],[14.07483,48.591712],[14.695671,48.589542],[14.919327,48.761573],[14.982062,49.007914],[15.262872,48.982593],[16.032334,48.758059],[16.43572,48.794542],[16.873006,48.718991],[16.945043,48.604166],[17.167458,48.859758],[17.535084,48.812991],[18.102905,49.09225],[18.190031,49.276942],[18.535643,49.481684],[18.833196,49.510261],[18.559208,49.907187],[18.091639,50.017207],[17.839355,49.973643],[17.185442,50.375686],[16.701233,50.094928],[16.334227,50.371862],[16.331644,50.644042],[15.349688,50.783723],[15.227111,50.977406],[14.810393,50.858447]]]},"properties":{"name":"Czechia","ISO3166-1-Alpha-3":"CZE","ISO3166-1-Alpha-2":"CZ"}},
{"type":"Feature","geometry":{"type":"Polygon","coordinates":[[[13.815725,48.76643],[12.797751,49.327843],[12.383616,49.742856],[12.524072,49.904965],[12.24688,50.044957],[12.336487,50.258587],[13.601939,50.712151],[13.834535,50.723675],[14.381892,50.920872],[14.810393,50.858447],[15.019476,51.271678],[14.732155,51.515823],[14.585807,51.803893],[14.761403,52.076667],[14.539815,52.421866],[14.644821,52.576921],[14.21601,52.817992],[14.409384,53.272434],[14.263901,53.699976],[13.984223,53.773993],[13.683442,54.168036],[13.479259,54.12519],[12.501964,54.473578],[12.108897,54.18301],[11.657888,54.142239],[11.458995,53.916693],[11.175059,54.018012],[11.077403,54.342231],[10.77711,54.315131],[10.02003,54.545844],[9.97047,54.762641],[9.437503,54.810411],[8.660776,54.896311],[8.688731,54.735297],[9.011567,54.506334],[8.629161,54.387681],[9.018321,54.097886],[8.860688,53.831],[8.167979,53.553209],[7.951427,53.72191],[7.226085,53.66649],[7.023285,53.450507],[7.194591,53.245022],[7.036655,52.647382],[6.695074,52.475609],[7.048231,52.365074],[6.765871,52.108397],[6.716675,51.899262],[5.928041,51.806736],[6.193348,51.509338],[5.982921,51.074687],[5.99491,50.749927],[6.337732,50.368089],[6.117487,50.120456],[6.2227,49.887137],[6.500099,49.794481],[6.345307,49.455349],[6.843489,49.211054],[7.648814,49.035716],[8.18873,48.965746],[7.810252,48.615018],[7.572643,48.094972],[7.586028,47.584619],[8.087237,47.567382],[8.558216,47.801166],[8.906205,47.651795],[9.273211,47.65009],[9.547482,47.534547],[9.948726,47.524232],[10.305913,47.302178],[10.60791,47.562266],[11.083747,47.389512],[11.620458,47.589654],[12.744834,47.66536],[12.991227,47.847106],[12.745041,48.12063],[13.714336,48.523215],[13.815725,48.76643]]]},"properties":{"name":"Germany","ISO3166-1-Alpha-3":"DEU","ISO3166-1-Alpha-2":"DE"}},
{"type":"Feature","geometry":{"type":"MultiPolygon","coordinates":[[[[24.306159,57.868186],[25.16697,58.058731],[26.024747,57.774356],[26.49955,57.515819],[26.838547,57.60987],[27.352935,57.527601],[27.673122,57.912823],[27.495355,58.22146],[27.410606,58.754864],[27.694412,58.975936],[28.019054,59.481757],[27.873302,59.40762],[26.826915,59.476955],[26.66505,59.551947],[25.684825,59.628648],[25.194102,59.52265],[24.399669,59.478827],[24.092052,59.312567],[23.470876,59.212144],[23.493175,58.673407],[23.740977,58.343085],[24.111664,58.241034],[24.528819,58.350653],[24.306159,57.868186]]],[[[23.230642,58.504828],[22.899669,58.620266],[22.321951,58.584784],[21.867849,58.264594],[22.756684,58.242255],[23.230642,58.504828]]],[[[22.291759,58.895209],[22.555675,58.686998],[22.934093,58.984036],[22.597667,59.089504],[22.291759,58.895209]]]]},"properties":{"name":"Estonia","ISO3166-1-Alpha-3":"EST","ISO3166-1-Alpha-2":"EE"}},
{"type":"Feature","geometry":{"type":"Polygon","coordinates":[[[27.352935,57.527601],[26.838547,57.60987],[26.49955,57.515819],[26.024747,57.774356],[25.16697,58.058731],[24.306159,57.868186],[24.379161,57.230211],[23.69516,56.967271],[23.250499,57.114447],[23.130219,57.370795],[22.483735,57.742499],[21.699229,57.555325],[21.421397,57.288723],[21.401622,57.037502],[21.065196,56.84634],[20.969086,56.253485],[21.053396,56.072618],[21.596025,56.307882],[22.094082,56.41741],[23.016714,56.32385],[23.288428,56.373046],[24.44722,56.260521],[24.892258,56.438727],[25.109196,56.183083],[25.649679,56.143809],[26.594531,55.666991],[26.981071,55.826878],[27.592713,55.794244],[27.911453,56.100246],[28.148907,56.142414],[28.126117,56.547764],[27.918895,56.805888],[27.648731,56.879268],[27.840295,57.290639],[27.352935,57.527601]]]},"properties":{"name":"Latvia","ISO3166-1-Alpha-3":"LVA","ISO3166-1-Alpha-2":"LV"}},
{"type":"Feature","geometry":{"type":"MultiPolygon","coordinates":[[[[20.623165,69.036356],[21.313562,69.291431],[21.662894,69.263215],[22.596481,68.724643],[23.197581,68.618035],[23.929009,68.816214],[25.117567,68.637672],[25.651643,68.883497],[26.031982,69.696677],[26.500687,69.918317],[27.3118,69.929479],[27.866908,70.07531],[28.40455,69.802252],[29.131224,69.674198],[29.344544,69.464392],[28.86478,69.216603],[28.954077,69.027261],[29.334519,69.277375],[30.511657,69.536325],[30.840954,69.805842],[29.685883,69.96955],[31.063324,70.366767],[30.206798,70.681464],[29.380544,70.769436],[28.546072,70.979926],[27.568696,71.097235],[26.976085,70.527411],[26.613617,70.949123],[25.441091,70.342231],[25.245942,70.527899],[25.825206,70.82746],[24.860199,70.928371],[24.264334,70.606269],[23.513194,70.365546],[23.357758,70.115302],[21.986827,70.323432],[21.209239,70.208482],[21.170421,69.875637],[20.511974,69.769477],[19.098318,69.736151],[18.852712,69.552314],[18.300955,69.486762],[18.003103,69.285712],[18.081309,69.169135],[17.679373,69.091864],[17.234386,68.756049],[16.629242,68.641669],[15.788748,67.951361],[15.063243,67.838772],[15.040701,67.677558],[14.406912,67.278062],[14.22283,66.981513],[13.688324,66.835028],[13.081798,66.497992],[13.225352,66.185777],[12.348888,65.638373],[12.602224,65.432318],[11.402029,64.663153],[10.615245,64.4501],[10.013682,64.118801],[9.993907,63.929389],[9.545909,63.7744],[9.918224,63.514716],[10.755707,63.625067],[10.77768,63.487494],[9.960623,63.42772],[9.699067,63.644477],[9.167735,63.402004],[8.791759,63.43122],[7.748302,62.942084],[7.271169,63.014106],[6.910167,62.929389],[6.970388,62.725572],[6.304698,62.459174],[5.928722,62.19892],[5.297862,62.068183],[5.229259,61.62873],[4.964122,61.265692],[5.03297,60.741685],[5.300059,60.560777],[5.304047,60.190619],[6.097992,60.091864],[5.182302,59.511217],[5.475434,59.278754],[6.112315,59.274563],[5.477951,58.754747],[5.704171,58.520767],[6.14031,58.339667],[6.626231,58.244696],[6.99936,58.030707],[8.122895,58.102037],[9.340505,58.751166],[9.428071,58.893134],[10.281993,59.099677],[10.483735,59.514472],[10.850271,59.180365],[11.437511,58.991726],[11.811661,59.249666],[11.677406,59.559053],[12.510946,60.117985],[12.594352,60.514938],[12.256078,60.981318],[12.682512,61.040332],[12.877126,61.370984],[12.161717,61.724838],[12.31747,62.234032],[12.091231,62.58631],[12.222695,63.001479],[11.992425,63.288903],[12.170295,63.598135],[12.681892,63.956356],[13.234106,64.090869],[13.939438,64.009531],[14.16144,64.205436],[14.115551,64.441236],[13.642764,64.584018],[14.310682,65.084142],[14.514287,65.318081],[14.644408,65.842907],[14.540538,66.125448],[15.481876,66.274871],[15.426272,66.491214],[16.415566,67.052704],[16.127108,67.422759],[16.482952,67.557841],[16.807997,67.910636],[17.321454,68.105301],[17.895372,67.969651],[18.166674,68.158476],[18.171841,68.535921],[19.038145,68.505639],[19.93101,68.350196],[20.245927,68.477372],[20.341115,68.910058],[20.623165,69.036356]]],[[[16.528575,68.721991],[15.933116,68.684149],[15.459158,68.796129],[15.216563,68.335395],[15.903982,68.369859],[16.528575,68.721991]]],[[[18.070811,69.437934],[17.772227,69.547797],[16.915294,69.317572],[16.823253,69.054429],[17.958263,69.180487],[17.923106,69.332343],[18.070811,69.437934]]],[[[24.424765,77.825936],[23.120453,77.985907],[22.966075,78.256293],[20.880138,78.085395],[21.661794,77.918036],[20.921723,77.442369],[22.191742,77.504136],[22.429698,77.263739],[23.234541,77.263683],[24.424765,77.825936]]],[[[21.024262,78.219143],[22.271251,78.267524],[22.235362,78.48786],[21.178233,78.623236],[20.183116,78.495347],[21.024262,78.219143]]],[[[20.208751,78.638088],[21.037364,78.644232],[21.522146,78.853705],[18.945079,79.156968],[18.881847,79.441107],[17.562511,79.897854],[16.616466,79.985053],[15.651622,79.850287],[15.26238,79.618842],[13.797048,79.881903],[12.767589,79.773261],[11.822276,79.845038],[10.708018,79.561428],[11.64324,78.74726],[12.858084,78.359687],[13.855968,78.212877],[14.383556,78.500922],[15.209321,78.656195],[15.795095,78.342922],[15.034679,78.116645],[13.589122,78.055854],[13.910655,77.534491],[14.373709,77.198676],[15.040212,77.134752],[16.336762,76.616441],[17.323741,76.978949],[17.483246,77.306098],[18.194102,77.49018],[18.330414,77.904975],[18.920584,78.178534],[18.993012,78.466986],[20.208751,78.638088]]],[[[27.171072,80.073432],[24.375987,80.332343],[22.56422,80.310858],[22.373709,80.110989],[20.882579,80.211249],[19.802257,80.492987],[19.105154,80.258043],[18.007823,80.190375],[18.146739,79.916449],[18.783865,79.72309],[21.887706,79.823554],[21.850352,79.706936],[19.633311,79.611314],[20.816905,79.378079],[22.416677,79.409735],[22.925629,79.222846],[25.645681,79.397691],[25.82602,79.626044],[27.149669,79.854967],[27.171072,80.073432]]]]},"properties":{"name":"Norway","ISO3166-1-Alpha-3":"-99","ISO3166-1-Alpha-2":"-99"}},
{"type":"Feature","geometry":{"type":"MultiPolygon","coordinates":[[[[20.623165,69.036356],[20.341115,68.910058],[20.245927,68.477372],[19.93101,68.350196],[19.038145,68.505639],[18.171841,68.535921],[18.166674,68.158476],[17.895372,67.969651],[17.321454,68.105301],[16.807997,67.910636],[16.482952,67.557841],[16.127108,67.422759],[16.415566,67.052704],[15.426272,66.491214],[15.481876,66.274871],[14.540538,66.125448],[14.644408,65.842907],[14.514287,65.318081],[14.310682,65.084142],[13.642764,64.584018],[14.115551,64.441236],[14.16144,64.205436],[13.939438,64.009531],[13.234106,64.090869],[12.681892,63.956356],[12.170295,63.598135],[11.992425,63.288903],[12.222695,63.001479],[12.091231,62.58631],[12.31747,62.234032],[12.161717,61.724838],[12.877126,61.370984],[12.682512,61.040332],[12.256078,60.981318],[12.594352,60.514938],[12.510946,60.117985],[11.677406,59.559053],[11.811661,59.249666],[11.437511,58.991726],[11.2317,58.799628],[11.224864,58.370673],[11.875743,58.199164],[11.693614,57.881171],[12.059255,57.458808],[12.375011,56.912055],[12.934418,56.547065],[12.833507,56.265692],[12.609548,56.116523],[12.922618,55.749457],[13.000011,55.400092],[13.381358,55.346015],[14.363048,55.523627],[14.195811,55.725653],[14.346446,55.953315],[14.685802,56.147406],[15.492931,56.176337],[15.851736,56.086371],[16.356619,56.75845],[16.688975,57.471747],[16.675466,57.764472],[16.460297,57.89468],[16.8213,58.207099],[16.635916,58.626776],[17.093028,58.660834],[18.392589,59.175767],[18.276866,59.422553],[18.686534,59.60578],[18.861583,59.803046],[18.824474,60.068305],[18.419932,60.193508],[17.967459,60.518948],[17.238048,60.697699],[17.212738,61.235297],[17.097179,61.636135],[17.569509,62.204739],[17.347016,62.403306],[18.042491,62.592108],[17.926443,62.822252],[18.512543,62.90412],[18.611339,63.1789],[19.032481,63.182034],[19.276134,63.442694],[19.753184,63.524319],[20.503429,63.822008],[21.489757,64.487006],[21.181326,64.835842],[22.360606,65.761217],[24.163097,65.822699],[23.724164,66.206632],[23.642308,66.436256],[24.001253,66.812435],[23.58133,67.153137],[23.765195,67.420072],[23.498855,67.882163],[23.052164,68.29821],[22.072172,68.47701],[20.623165,69.036356]]],[[[19.040212,57.867906],[18.463064,57.803168],[18.11199,57.511054],[18.099376,57.258979],[18.431163,57.154283],[18.714122,57.242906],[18.810313,57.709662],[19.040212,57.867906]]]]},"properties":{"name":"Sweden","ISO3166-1-Alpha-3":"SWE","ISO3166-1-Alpha-2":"SE"}},
{"type":"Feature","geometry":{"type":"Polygon","coordinates":[[[28.954077,69.027261],[28.86478,69.216603],[29.344544,69.464392],[29.131224,69.674198],[28.40455,69.802252],[27.866908,70.07531],[27.3118,69.929479],[26.500687,69.918317],[26.031982,69.696677],[25.651643,68.883497],[25.117567,68.637672],[23.929009,68.816214],[23.197581,68.618035],[22.596481,68.724643],[21.662894,69.263215],[21.313562,69.291431],[20.623165,69.036356],[22.072172,68.47701],[23.052164,68.29821],[23.498855,67.882163],[23.765195,67.420072],[23.58133,67.153137],[24.001253,66.812435],[23.642308,66.436256],[23.724164,66.206632],[24.163097,65.822699],[25.351817,65.484117],[25.282481,65.191392],[25.443533,64.966783],[24.773123,64.86579],[24.344086,64.530748],[23.724376,64.20893],[23.604503,64.027655],[22.497244,63.622992],[22.373709,63.321357],[21.615408,63.203925],[21.382823,62.874579],[21.113536,62.781195],[21.115571,62.495795],[21.339041,62.355536],[21.236583,61.985012],[21.623383,61.545885],[21.335704,61.004584],[21.469981,60.608303],[22.064464,60.436347],[22.627615,60.375393],[23.237153,59.898017],[24.295909,60.072211],[25.735525,60.24726],[26.094574,60.423326],[26.687348,60.418158],[27.054373,60.54682],[27.456798,60.46369],[27.807872,60.553046],[28.797601,61.09684],[29.203158,61.245901],[29.779143,61.593115],[30.635008,62.184009],[31.222156,62.491716],[31.569525,62.905929],[31.22567,63.19604],[30.488661,63.462122],[29.980785,63.741537],[30.509331,63.991392],[30.558475,64.219699],[30.093129,64.361241],[29.588147,64.991435],[29.820484,65.093651],[29.702869,65.62938],[30.111733,65.712011],[29.900169,66.108059],[29.089159,66.837549],[29.099908,66.991132],[29.916241,67.508129],[30.009413,67.685844],[29.298656,68.081789],[28.663759,68.204003],[28.447441,68.514889],[28.954077,69.027261]]]},"properties":{"name":"Finland","ISO3166-1-Alpha-3":"FIN","ISO3166-1-Alpha-2":"FI"}},
{"type":"Feature","geometry":{"type":"Polygon","coordinates":[[[107.520393,14.704582],[107.31994,14.119837],[107.596925,13.535066],[107.606951,13.369754],[107.460396,13.021609],[107.565093,12.606415],[107.514295,12.343847],[107.152508,12.27703],[106.977687,12.097247],[106.70158,11.970795],[106.394002,11.969813],[106.287341,11.674586],[106.01542,11.770497],[105.853208,11.546867],[105.843441,11.304091],[106.063066,11.093329],[106.15505,10.784847],[105.861011,10.839314],[105.752904,11.015608],[105.066227,10.746425],[104.854406,10.531322],[104.55401,10.518326],[104.451345,10.419664],[104.588878,10.260891],[104.804861,10.207099],[105.087657,9.996731],[104.892789,9.851095],[104.774595,8.817867],[104.856212,8.565579],[105.101472,8.634275],[105.333976,8.839699],[105.538748,9.12934],[106.19337,9.36933],[106.197032,9.541164],[106.575531,9.648627],[106.788097,10.393134],[106.733409,10.522447],[107.32602,10.44245],[107.882335,10.716986],[108.106456,10.918158],[108.344981,10.953803],[108.577403,11.179145],[109.018077,11.355902],[109.027843,11.517483],[109.242931,11.735663],[109.198741,11.948147],[109.204926,12.64643],[109.465017,12.913316],[109.232188,13.393134],[109.303966,13.759263],[109.080821,14.729478],[108.942638,14.97956],[108.882823,15.336168],[108.703949,15.445136],[108.305919,15.955227],[108.151215,16.216986],[107.7588,16.46308],[107.216482,16.907945],[107.111827,17.088284],[106.763927,17.335517],[106.470063,17.748196],[106.52475,17.949612],[106.098155,18.290025],[105.825938,18.593899],[105.648285,18.892727],[105.737071,19.108466],[105.810557,19.599595],[105.955577,19.925482],[106.569615,20.231994],[106.567719,20.524888],[106.755138,20.938544],[107.160899,20.93244],[107.333832,21.005845],[107.391612,21.280422],[107.599213,21.298774],[107.881928,21.534084],[107.991222,21.485663],[107.744823,21.657542],[107.348155,21.599355],[107.021147,21.892257],[106.722354,22.006978],[106.526913,22.427779],[106.735531,22.695412],[106.667473,22.86752],[106.31566,22.8538],[105.999245,22.975369],[105.853879,22.90465],[105.332258,23.317958],[104.797923,23.085569],[104.728212,22.839098],[104.340173,22.686368],[104.213256,22.825016],[103.866817,22.575419],[103.646934,22.799049],[103.473146,22.591645],[103.309642,22.787938],[102.989093,22.437598],[102.845174,22.585238],[102.442718,22.765175],[102.218029,22.410675],[102.118655,22.397549],[102.226246,22.228412],[102.59103,21.901352],[102.650664,21.657801],[102.947804,21.737124],[102.887859,21.226923],[103.115287,20.868391],[103.426586,20.820694],[103.665383,20.658275],[103.775557,20.834905],[104.056676,20.958825],[104.295267,20.879812],[104.600726,20.660549],[104.542642,20.535699],[104.907994,20.175333],[104.953211,20.009271],[104.805003,19.790886],[104.505848,19.60281],[104.228966,19.706008],[104.089956,19.48367],[103.85674,19.317194],[104.14773,19.182887],[104.721959,18.792007],[105.112684,18.698343],[105.156661,18.319839],[105.476021,18.127318],[105.735282,17.664039],[106.420253,16.98868],[106.655174,16.47083],[107.116851,16.254616],[107.390633,15.935824],[107.16026,15.758729],[107.369342,15.496058],[107.657594,15.282427],[107.520393,14.704582]]]},"properties":{"name":"Vietnam","ISO3166-1-Alpha-3":"VNM","ISO3166-1-Alpha-2":"VN"}},
{"type":"Feature","geometry":{"type":"Polygon","coordinates":[[[107.520393,14.704582],[107.414921,14.543429],[106.946113,14.32352],[106.792995,14.322589],[106.512496,14.590351],[105.96917,14.33202],[106.144559,14.072398],[105.873051,13.936851],[105.533175,14.16433],[105.347864,14.106065],[105.184308,14.34574],[104.771672,14.439869],[104.461975,14.357109],[104.247466,14.401086],[103.870331,14.34326],[103.550247,14.42186],[103.085005,14.295821],[102.513205,13.567157],[102.332234,13.5646],[102.328203,13.27516],[102.473156,13.006132],[102.558628,12.63122],[102.765127,12.416349],[102.699963,12.138743],[102.9138,11.765536],[102.913585,11.645901],[103.114513,11.458238],[103.095551,10.933987],[103.40211,10.884345],[103.474457,11.133694],[103.659516,11.029771],[103.623871,10.500922],[103.854259,10.586493],[104.286306,10.540473],[104.451345,10.419664],[104.55401,10.518326],[104.854406,10.531322],[105.066227,10.746425],[105.752904,11.015608],[105.861011,10.839314],[106.15505,10.784847],[106.063066,11.093329],[105.843441,11.304091],[105.853208,11.546867],[106.01542,11.770497],[106.287341,11.674586],[106.394002,11.969813],[106.70158,11.970795],[106.977687,12.097247],[107.152508,12.27703],[107.514295,12.343847],[107.565093,12.606415],[107.460396,13.021609],[107.606951,13.369754],[107.596925,13.535066],[107.31994,14.119837],[107.520393,14.704582]]]},"properties":{"name":"Cambodia","ISO3166-1-Alpha-3":"KHM","ISO3166-1-Alpha-2":"KH"}},
{"type":"Feature","geometry":{"type":"Polygon","coordinates":[[[6.117487,50.120456],[5.714927,49.881866],[5.790685,49.537753],[6.345307,49.455349],[6.500099,49.794481],[6.2227,49.887137],[6.117487,50.120456]]]},"properties":{"name":"Luxembourg","ISO3166-1-Alpha-3":"LUX","ISO3166-1-Alpha-2":"LU"}},
{"type":"Feature","geometry":{"type":"Polygon","coordinates":[[[56.279055,25.627446],[56.145131,25.670837],[56.183475,26.014537],[56.077397,26.061048],[55.842459,25.713813],[55.524669,25.542629],[55.082286,25.016832],[54.707042,24.8039],[54.445974,24.316148],[54.122569,24.144721],[53.581309,24.048529],[52.670095,24.144721],[52.224376,23.974026],[51.809418,24.000678],[51.771983,24.176337],[51.569347,24.256171],[51.593522,24.078325],[52.538477,22.95475],[52.583074,22.931108],[54.134297,22.740319],[55.105297,22.620946],[55.186843,22.703577],[55.191287,22.995368],[55.538346,23.770049],[55.499795,23.970605],[55.997853,24.08127],[55.807373,24.340789],[55.788667,24.855202],[56.005604,24.956178],[56.118259,24.735416],[56.383311,24.978217],[56.369965,25.525702],[56.279055,25.627446]]]},"properties":{"name":"United Arab Emirates","ISO3166-1-Alpha-3":"ARE","ISO3166-1-Alpha-2":"AE"}},
{"type":"Feature","geometry":{"type":"Polygon","coordinates":[[[2.5218,51.087541],[2.786734,50.723365],[3.146195,50.768892],[3.271045,50.526943],[3.755047,50.346334],[4.022731,50.338117],[4.210006,50.06015],[4.435109,49.93225],[4.788265,49.974263],[4.98908,49.790554],[5.402078,49.602451],[5.790685,49.537753],[5.714927,49.881866],[6.117487,50.120456],[6.337732,50.368089],[5.99491,50.749927],[5.64072,50.815039],[5.840501,51.138921],[5.471635,51.288085],[5.215423,51.258733],[4.731215,51.485618],[4.261068,51.369379],[4.221491,51.368001],[3.927026,51.206255],[3.349415,51.375223],[2.5218,51.087541]]]},"properties":{"name":"Belgium","ISO3166-1-Alpha-3":"BEL","ISO3166-1-Alpha-2":"BE"}},
{"type":"Feature","geometry":{"type":"Polygon","coordinates":[[[39.985976,43.38899],[40.335134,43.140855],[40.855968,43.063056],[41.150238,42.79564],[41.500173,42.64057],[41.773936,41.821601],[41.520763,41.514228],[42.437854,41.430857],[42.565184,41.567128],[42.957719,41.437007],[43.230622,41.17263],[43.440428,41.106588],[43.729713,41.106691],[44.190977,41.230043],[44.551523,41.177023],[45.0024,41.290452],[45.24962,41.4445],[45.464801,41.430185],[45.969163,41.168289],[46.210595,41.200174],[46.496779,41.044834],[46.694803,41.269782],[46.192767,41.610174],[46.430892,41.890442],[45.947562,42.022914],[45.62138,42.224478],[45.698688,42.507587],[45.35597,42.519964],[45.184198,42.674838],[44.85936,42.75951],[44.272005,42.702382],[43.939726,42.55221],[43.800613,42.746462],[43.194345,42.926761],[42.75153,43.176952],[41.550569,43.226277],[41.011791,43.375416],[40.651916,43.538971],[40.23313,43.575765],[39.985976,43.38899]]]},"properties":{"name":"Georgia","ISO3166-1-Alpha-3":"GEO","ISO3166-1-Alpha-2":"GE"}},
{"type":"Feature","geometry":{"type":"Polygon","coordinates":[[[20.567147,41.873182],[20.444157,41.549661],[20.477747,41.319598],[20.702746,40.936314],[20.965262,40.849394],[21.581556,40.866292],[21.909081,41.097493],[22.727222,41.165809],[22.916978,41.335773],[23.009582,41.71637],[22.843701,42.014465],[22.531058,42.129109],[22.345023,42.313439],[21.941534,42.333102],[21.564066,42.246289],[21.098484,42.195953],[20.765378,42.064333],[20.567147,41.873182]]]},"properties":{"name":"North Macedonia","ISO3166-1-Alpha-3":"MKD","ISO3166-1-Alpha-2":"MK"}},
{"type":"Feature","geometry":{"type":"Polygon","coordinates":[[[20.567147,41.873182],[20.500795,42.211223],[20.249647,42.318607],[20.064956,42.546758],[19.819596,42.466479],[19.605035,42.584844],[19.272033,42.180682],[19.365082,41.852362],[19.585216,41.818549],[19.414236,41.382799],[19.516612,41.256415],[19.309825,40.644355],[19.47877,40.453925],[19.476248,40.21369],[19.855235,40.049872],[19.999848,39.693508],[20.199935,39.640062],[20.432789,40.063809],[20.640218,40.090112],[20.826666,40.464818],[21.036679,40.639743],[20.965262,40.849394],[20.702746,40.936314],[20.477747,41.319598],[20.444157,41.549661],[20.567147,41.873182]]]},"properties":{"name":"Albania","ISO3166-1-Alpha-3":"ALB","ISO3166-1-Alpha-2":"AL"}},
{"type":"Feature","geometry":{"type":"MultiPolygon","coordinates":[[[[45.0024,41.290452],[45.221611,41.014449],[45.555855,40.776582],[45.373643,40.675296],[45.526192,40.441047],[45.97924,40.223592],[45.861882,39.804548],[46.206461,39.587921],[46.597858,39.225075],[46.514039,38.882176],[46.866162,39.165362],[47.846877,39.685279],[48.052033,39.650087],[48.33894,39.378941],[48.124587,39.297602],[48.306798,39.045396],[48.058544,38.948373],[48.21037,38.729756],[48.607865,38.395978],[48.874278,38.434068],[48.863129,38.756659],[48.967621,39.183824],[49.193858,39.016343],[49.318044,39.621405],[49.577159,40.216742],[49.893403,40.369045],[50.052013,40.584296],[49.58961,40.62519],[49.538829,40.788072],[49.195486,41.057278],[49.042491,41.414374],[48.578949,41.845282],[48.370153,41.58015],[48.053532,41.461295],[47.871114,41.208183],[47.268411,41.302803],[46.745033,41.840135],[46.430892,41.890442],[46.192767,41.610174],[46.694803,41.269782],[46.496779,41.044834],[46.210595,41.200174],[45.969163,41.168289],[45.464801,41.430185],[45.24962,41.4445],[45.0024,41.290452]]],[[[46.135871,38.863701],[45.767004,39.354395],[45.16792,39.565545],[45.033509,39.77039],[44.774559,39.702797],[44.806993,39.639902],[45.438601,39.004235],[46.135871,38.863701]]]]},"properties":{"name":"Azerbaijan","ISO3166-1-Alpha-3":"AZE","ISO3166-1-Alpha-2":"AZ"}},
{"type":"Feature","geometry":{"type":"Polygon","coordinates":[[[20.064956,42.546758],[20.249647,42.318607],[20.500795,42.211223],[20.567147,41.873182],[20.765378,42.064333],[21.098484,42.195953],[21.564066,42.246289],[21.738652,42.68215],[21.378674,42.744136],[21.092593,43.090678],[20.838552,43.170467],[20.345352,42.827439],[20.076325,42.773437],[20.064956,42.546758]]]},"properties":{"name":"Kosovo","ISO3166-1-Alpha-3":"-99","ISO3166-1-Alpha-2":"-99"}},
{"type":"Feature","geometry":{"type":"MultiPolygon","coordinates":[[[[43.440428,41.106588],[43.230622,41.17263],[42.957719,41.437007],[42.565184,41.567128],[42.437854,41.430857],[41.520763,41.514228],[41.390391,41.37934],[40.698253,41.098131],[40.142751,40.922797],[39.592052,41.025092],[38.927501,41.042629],[38.330903,40.917873],[37.504731,41.042914],[37.039724,41.181545],[36.619884,41.375067],[36.45102,41.240424],[35.893809,41.707465],[35.530121,41.634263],[35.224783,41.761868],[35.104503,42.021877],[34.694184,41.94595],[33.324474,42.019029],[32.263357,41.72016],[32.134125,41.599433],[31.403575,41.316474],[31.248871,41.105658],[30.833263,41.079901],[30.271251,41.211168],[29.884613,41.148993],[29.231781,41.240709],[29.028087,40.982123],[29.263927,40.869778],[29.281586,40.66592],[28.986339,40.644761],[28.637706,40.36518],[28.11199,40.396064],[27.452322,40.322008],[27.303396,40.458441],[26.735606,40.403551],[26.152599,39.942613],[26.152843,39.459215],[26.893403,39.584377],[26.670258,39.305976],[27.013357,38.871161],[26.719086,38.720933],[26.93865,38.434231],[26.265391,38.286689],[26.607107,38.108303],[27.239106,37.987942],[27.190766,37.357327],[27.263194,36.963365],[27.986583,37.035142],[28.111501,36.604193],[28.424815,36.829088],[28.603526,36.733547],[29.096365,36.665229],[29.124278,36.418158],[29.322276,36.246894],[29.795258,36.145209],[30.254568,36.308295],[30.440766,36.239325],[30.686534,36.891181],[31.340831,36.80858],[32.026052,36.543443],[32.365489,36.177965],[32.670665,36.046698],[33.5442,36.144477],[34.077891,36.328843],[34.077322,36.413886],[34.554698,36.767646],[34.770763,36.816067],[35.347992,36.544379],[35.6067,36.740383],[36.020274,36.926337],[36.189138,36.60399],[35.788748,36.320258],[35.975434,36.0185],[35.911305,35.91775],[36.138497,35.819779],[36.355538,36.022402],[36.360498,36.181669],[36.587771,36.324812],[36.535475,36.494001],[36.658568,36.827521],[37.014515,36.642261],[37.446117,36.634199],[38.190051,36.905526],[38.66413,36.719517],[39.239599,36.661278],[39.765252,36.742151],[40.708967,37.100476],[41.479773,37.075568],[42.009249,37.175613],[42.357238,37.109984],[42.561257,37.146623],[42.77158,37.374903],[43.083706,37.368831],[43.479599,37.243361],[44.223171,37.254058],[44.234281,36.983661],[44.57824,37.166415],[44.766135,37.14192],[44.801585,37.292686],[44.565941,37.447173],[44.59612,37.716381],[44.219605,37.875312],[44.424657,38.377038],[44.289524,38.382258],[44.275002,38.843573],[44.139197,38.993952],[44.061372,39.400284],[44.404814,39.43439],[44.459487,39.698457],[44.806993,39.639902],[44.774559,39.702797],[44.464345,39.97229],[44.032433,40.008618],[43.721393,40.169384],[43.594217,40.345445],[43.729351,40.677105],[43.440428,41.106588]]],[[[28.016775,41.972561],[27.533182,41.908063],[27.273353,42.091747],[26.623573,41.969041],[26.333359,41.713036],[26.596288,41.59754],[26.636596,41.378457],[26.331705,41.254124],[26.359093,40.964684],[26.043956,40.738471],[26.076915,40.611802],[26.790375,40.66059],[26.219086,40.331448],[26.375824,40.15351],[26.68336,40.455471],[27.177745,40.632636],[27.524181,40.989203],[27.941254,40.971096],[28.236664,41.08515],[28.625255,40.968411],[28.981944,41.001654],[29.109223,41.235297],[28.384288,41.447455],[28.113292,41.611558],[28.016775,41.972561]]]]},"properties":{"name":"Turkey","ISO3166-1-Alpha-3":"TUR","ISO3166-1-Alpha-2":"TR"}},
{"type":"Feature","geometry":{"type":"MultiPolygon","coordinates":[[[[-1.794075,43.386015],[-2.367421,43.315701],[-2.755849,43.450263],[-3.112375,43.354071],[-3.554351,43.516913],[-4.188588,43.405382],[-4.734934,43.4171],[-5.424224,43.561143],[-6.222768,43.595893],[-7.230092,43.56863],[-7.367055,43.68008],[-8.059316,43.709418],[-8.505971,43.331529],[-8.841176,43.338935],[-9.2176,43.155341],[-9.070872,42.596137],[-8.822987,42.569525],[-8.750803,41.96898],[-8.222362,42.15363],[-8.048574,41.816389],[-7.72203,41.899252],[-7.251465,41.863699],[-7.145373,41.98749],[-6.656772,41.933075],[-6.55528,41.674899],[-6.205947,41.57028],[-6.818003,41.054136],[-6.857122,40.442132],[-7.043105,40.181373],[-6.879705,40.009187],[-7.035767,39.689258],[-7.557286,39.679801],[-7.313528,39.457438],[-7.167491,39.113479],[-6.973291,39.013951],[-7.27043,38.737507],[-7.35921,38.446362],[-7.023985,38.022564],[-7.268621,37.949235],[-7.529691,37.567165],[-7.414418,37.192816],[-7.029368,37.205512],[-6.499582,36.959662],[-6.036773,36.189521],[-5.611765,36.006456],[-5.358387,36.141109],[-5.338773,36.14112],[-5.186554,36.4112],[-4.722768,36.492987],[-4.433258,36.710679],[-3.6011,36.74255],[-3.415155,36.695516],[-2.576894,36.811306],[-2.071156,36.775336],[-1.898671,36.950059],[-1.670888,37.363308],[-1.323735,37.561991],[-0.92516,37.555894],[-0.65453,37.989325],[-0.609486,38.178046],[-0.329416,38.470038],[-0.090199,38.535346],[0.23406,38.75788],[-0.210027,39.07869],[-0.323354,39.516221],[-0.194488,39.71544],[0.990408,41.0397],[2.060313,41.274604],[2.296723,41.465318],[3.150165,41.845351],[3.18097,42.431484],[2.933702,42.470225],[2.464893,42.340621],[2.051688,42.352351],[1.707006,42.502781],[1.429297,42.595386],[1.319123,42.713363],[0.656321,42.83842],[0.608159,42.68799],[-0.038933,42.685148],[-0.307418,42.831831],[-0.561175,42.77354],[-0.759665,42.946501],[-1.274879,43.046831],[-1.403501,43.243331],[-1.794075,43.386015]]],[[[-15.391591,28.030219],[-15.706207,28.167385],[-15.786,27.844224],[-15.577952,27.734361],[-15.377838,27.852281],[-15.391591,28.030219]]],[[[-16.427695,28.14967],[-16.507135,28.424134],[-16.916058,28.35497],[-16.67634,27.997096],[-16.427695,28.14967]]],[[[-13.972646,28.735907],[-14.146392,28.423326],[-13.847768,28.397406],[-13.83552,28.715481],[-13.972646,28.735907]]],[[[3.354503,39.784369],[2.933279,39.914496],[2.357677,39.611884],[2.492686,39.470242],[3.060802,39.26907],[3.221039,39.35989],[3.468516,39.739325],[3.354503,39.784369]]]]},"properties":{"name":"Spain","ISO3166-1-Alpha-3":"ESP","ISO3166-1-Alpha-2":"ES"}},
{"type":"Feature","geometry":{"type":"Polygon","coordinates":[[[102.118655,22.397549],[101.654549,22.446125],[101.518227,22.228205],[101.751546,21.80637],[101.722504,21.30423],[101.275296,21.174109],[101.159024,21.552691],[100.725407,21.311672],[100.515704,20.886478],[100.21133,20.697394],[100.099295,20.317805],[100.364395,20.368965],[100.543351,20.06658],[100.383516,19.763859],[100.46196,19.537103],[100.745509,19.485013],[100.874597,19.612912],[101.192872,19.452793],[101.240104,18.673642],[101.030298,18.427791],[101.145536,18.336246],[101.165173,18.053421],[101.008284,17.89524],[100.901934,17.561927],[101.132307,17.461674],[101.577551,17.868109],[101.729067,17.912189],[102.078503,18.213799],[102.595577,17.850074],[103.037927,17.990686],[103.260756,18.400196],[103.396768,18.441408],[104.000039,18.318444],[104.481198,17.640423],[104.816423,17.372791],[104.745317,17.024802],[104.754515,16.528915],[105.015481,16.276734],[105.042456,16.141445],[105.404915,16.018817],[105.447961,15.764879],[105.650998,15.634602],[105.563975,15.272531],[105.443775,15.133806],[105.58356,14.977588],[105.415973,14.428164],[105.184308,14.34574],[105.347864,14.106065],[105.533175,14.16433],[105.873051,13.936851],[106.144559,14.072398],[105.96917,14.33202],[106.512496,14.590351],[106.792995,14.322589],[106.946113,14.32352],[107.414921,14.543429],[107.520393,14.704582],[107.657594,15.282427],[107.369342,15.496058],[107.16026,15.758729],[107.390633,15.935824],[107.116851,16.254616],[106.655174,16.47083],[106.420253,16.98868],[105.735282,17.664039],[105.476021,18.127318],[105.156661,18.319839],[105.112684,18.698343],[104.721959,18.792007],[104.14773,19.182887],[103.85674,19.317194],[104.089956,19.48367],[104.228966,19.706008],[104.505848,19.60281],[104.805003,19.790886],[104.953211,20.009271],[104.907994,20.175333],[104.542642,20.535699],[104.600726,20.660549],[104.295267,20.879812],[104.056676,20.958825],[103.775557,20.834905],[103.665383,20.658275],[103.426586,20.820694],[103.115287,20.868391],[102.887859,21.226923],[102.947804,21.737124],[102.650664,21.657801],[102.59103,21.901352],[102.226246,22.228412],[102.118655,22.397549]]]},"properties":{"name":"Laos","ISO3166-1-Alpha-3":"LAO","ISO3166-1-Alpha-2":"LA"}},
{"type":"Feature","geometry":{"type":"Polygon","coordinates":[[[80.210328,42.189519],[79.917943,42.42444],[79.47642,42.453973],[79.030866,42.756151],[78.496118,42.875601],[77.163693,42.921981],[75.770599,42.92565],[75.646163,42.806096],[75.178594,42.84966],[74.71392,42.999883],[74.25865,43.215761],[73.634089,43.062463],[73.41002,42.58965],[72.840752,42.555698],[72.725824,42.652876],[71.847738,42.834053],[71.404613,42.794883],[71.00319,42.563527],[70.947793,42.248146],[70.825113,41.93633],[70.169288,41.578342],[70.75628,41.269627],[71.276145,41.113151],[71.585532,41.323525],[72.169889,41.168651],[72.619474,40.88009],[73.00343,40.870168],[72.370497,40.38565],[72.099299,40.426371],[71.673072,40.147886],[71.365132,40.294131],[70.958955,40.238372],[70.627399,39.993891],[69.969558,40.211603],[69.313991,39.986914],[69.286189,39.539707],[69.669421,39.577792],[70.20603,39.5241],[70.622128,39.563529],[70.739744,39.386228],[71.009288,39.407622],[71.459545,39.612105],[71.740251,39.448343],[72.31634,39.328815],[72.65048,39.393772],[73.167864,39.355377],[73.632642,39.448343],[73.926784,39.592882],[73.823018,39.805685],[74.003989,40.060812],[74.369858,40.105822],[74.835359,40.511637],[75.19389,40.441254],[75.559863,40.63287],[75.681819,40.291702],[76.244162,40.441202],[76.449111,40.415519],[76.860972,41.013208],[77.474888,40.982047],[78.074955,41.039512],[78.359899,41.377527],[79.30413,41.787554],[79.747514,41.879745],[79.842909,42.00183],[80.181906,42.020976],[80.210328,42.189519]]]},"properties":{"name":"Kyrgyzstan","ISO3166-1-Alpha-3":"KGZ","ISO3166-1-Alpha-2":"KG"}},
{"type":"Feature","geometry":{"type":"Polygon","coordinates":[[[45.0024,41.290452],[44.551523,41.177023],[44.190977,41.230043],[43.729713,41.106691],[43.440428,41.106588],[43.729351,40.677105],[43.594217,40.345445],[43.721393,40.169384],[44.032433,40.008618],[44.464345,39.97229],[44.774559,39.702797],[45.033509,39.77039],[45.16792,39.565545],[45.767004,39.354395],[46.135871,38.863701],[46.514039,38.882176],[46.597858,39.225075],[46.206461,39.587921],[45.861882,39.804548],[45.97924,40.223592],[45.526192,40.441047],[45.373643,40.675296],[45.555855,40.776582],[45.221611,41.014449],[45.0024,41.290452]]]},"properties":{"name":"Armenia","ISO3166-1-Alpha-3":"ARM","ISO3166-1-Alpha-2":"AM"}},
{"type":"Feature","geometry":{"type":"MultiPolygon","coordinates":[[[[8.660776,54.896311],[9.437503,54.810411],[9.738617,54.980862],[9.494395,55.160549],[9.586762,55.427436],[10.245372,55.914618],[10.376964,56.203315],[10.750011,56.216051],[10.964122,56.448432],[10.36085,56.561713],[10.26588,56.907701],[10.539073,57.236721],[10.430431,57.570543],[9.96697,57.591376],[9.41212,57.165432],[9.112804,57.038642],[8.601085,56.501125],[8.122406,56.551663],[8.106456,56.119452],[8.386892,55.9265],[8.193614,55.811835],[8.290212,55.583808],[8.617686,55.437934],[8.660776,54.896311]]],[[[11.845225,54.73192],[11.725759,54.873358],[11.018809,54.903388],[11.030528,54.760647],[11.451834,54.628363],[11.845225,54.73192]]],[[[10.66627,55.064276],[10.82838,55.306586],[10.307628,55.618232],[9.888194,55.508694],[9.883962,55.253485],[10.312755,55.063666],[10.66627,55.064276]]],[[[12.040375,54.893012],[12.046641,55.140082],[12.392426,55.255316],[12.24822,55.546129],[12.602224,55.708564],[12.245128,56.12873],[11.762706,55.749498],[11.64088,55.943427],[11.071056,55.676947],[11.245372,55.214789],[11.649425,55.180976],[12.040375,54.893012]]]]},"properties":{"name":"Denmark","ISO3166-1-Alpha-3":"DNK","ISO3166-1-Alpha-2":"DK"}},
{"type":"Feature","geometry":{"type":"Polygon","coordinates":[[[11.505112,33.181225],[11.444035,32.36849],[10.873217,32.136696],[10.605946,31.953606],[10.513549,31.757029],[10.263952,31.680496],[10.108096,31.411831],[10.270153,30.915633],[10.192225,30.731252],[9.871314,30.355151],[9.519708,30.228905],[9.286544,30.117129],[9.667709,29.608323],[9.826149,29.128533],[9.851264,28.785996],[9.776953,28.267578],[9.93591,27.866724],[9.721349,27.291875],[9.910588,26.843117],[9.835761,26.504223],[9.482604,26.352553],[9.401162,26.113394],[9.9695,25.395402],[10.032028,24.856339],[10.260335,24.576641],[10.450194,24.476931],[10.720668,24.552301],[11.567128,24.26684],[11.968861,23.517351],[13.482257,23.179672],[14.23172,22.617949],[14.979909,22.995664],[15.985101,23.44472],[17.434832,22.728795],[19.164132,21.874893],[20.522809,21.203926],[21.634472,20.654968],[23.240162,19.862096],[23.981306,19.496124],[23.981306,19.995421],[24.968016,19.994956],[24.981245,21.995351],[24.981245,23.746278],[24.981245,25.205439],[24.981245,26.664523],[24.981245,27.666503],[24.981245,29.181372],[24.873758,29.468332],[24.811643,29.89089],[24.688343,30.144156],[24.907658,30.498656],[24.994887,30.785099],[24.859495,31.145955],[24.861252,31.38036],[25.15089,31.65648],[24.9817,31.967922],[24.090668,32.005764],[23.669688,32.183254],[23.2435,32.220608],[23.095551,32.323554],[23.086436,32.64647],[22.096202,32.923082],[21.608653,32.930732],[21.4546,32.812567],[21.09669,32.781073],[20.562673,32.557847],[20.071544,32.176418],[19.920665,31.717719],[20.146658,31.216783],[20.036469,30.819078],[19.748871,30.510932],[19.338552,30.298814],[19.056814,30.266181],[18.653168,30.422309],[18.175304,30.786078],[17.365896,31.086615],[16.728038,31.223822],[16.044607,31.275539],[15.761485,31.388129],[15.490408,31.664862],[15.370453,32.159084],[15.195974,32.389797],[14.469493,32.519029],[14.175548,32.717678],[13.571462,32.802802],[13.351736,32.904242],[12.729828,32.79857],[12.348318,32.832668],[11.847016,33.082831],[11.505112,33.181225]]]},"properties":{"name":"Libya","ISO3166-1-Alpha-3":"LBY","ISO3166-1-Alpha-2":"LY"}},
{"type":"Feature","geometry":{"type":"Polygon","coordinates":[[[11.505112,33.181225],[11.179535,33.211086],[11.108165,33.549628],[10.717133,33.483547],[10.716645,33.706936],[10.330251,33.702826],[10.048839,33.983466],[10.12672,34.325629],[10.597023,34.544713],[10.916336,34.873569],[11.111578,35.205595],[11.011974,35.657904],[10.608572,35.855862],[10.479528,36.079327],[10.519085,36.337472],[10.799929,36.451885],[11.116767,36.838412],[11.012706,37.084784],[10.538233,36.772026],[10.220063,36.97663],[10.146251,37.236518],[9.66627,37.335435],[9.210704,37.233832],[8.802013,36.97309],[8.60251,36.939511],[8.444011,36.796205],[8.24144,35.827737],[8.323605,35.652192],[8.313683,35.103078],[8.236479,34.647654],[7.831542,34.414386],[7.517453,34.095026],[7.479832,33.893901],[7.75072,33.207664],[8.086824,33.094286],[8.282884,32.836369],[8.319574,32.560598],[9.045008,32.071842],[9.519708,30.228905],[9.871314,30.355151],[10.192225,30.731252],[10.270153,30.915633],[10.108096,31.411831],[10.263952,31.680496],[10.513549,31.757029],[10.605946,31.953606],[10.873217,32.136696],[11.444035,32.36849],[11.505112,33.181225]]]},"properties":{"name":"Tunisia","ISO3166-1-Alpha-3":"TUN","ISO3166-1-Alpha-2":"TN"}},
{"type":"Feature","geometry":{"type":"Polygon","coordinates":[[[22.877601,47.946739],[22.745826,47.824989],[22.261721,47.715848],[21.632819,47.022686],[21.483577,46.684852],[21.316249,46.616639],[21.164527,46.318259],[20.819638,46.271699],[20.663989,46.137753],[20.242826,46.108091],[20.713392,45.733334],[20.760727,45.493348],[20.981489,45.33279],[21.493292,45.145101],[21.368545,44.86486],[21.65628,44.687661],[22.319702,44.685336],[22.69164,44.228435],[22.919562,43.834225],[23.325151,43.886592],[24.159383,43.752938],[24.500137,43.799498],[25.35962,43.654287],[25.781144,43.732009],[26.150734,44.012405],[27.027476,44.177046],[27.383837,44.015092],[27.935845,43.964398],[28.221254,43.761981],[28.57838,43.741278],[28.671235,44.003323],[28.64088,44.328559],[28.844005,44.49372],[28.788829,44.706244],[29.611176,44.849311],[29.659028,45.215888],[29.322117,45.443842],[28.710061,45.226956],[28.330239,45.322919],[28.199498,45.461774],[28.08612,46.000552],[28.246058,46.427865],[28.234121,46.662424],[28.037027,47.016459],[27.80655,47.144617],[27.272009,47.71497],[27.048044,48.122232],[26.617889,48.258968],[26.30349,48.212045],[26.173058,47.993144],[25.261744,47.898576],[24.896599,47.710061],[24.561632,47.940537],[23.360052,47.993144],[22.877601,47.946739]]]},"properties":{"name":"Romania","ISO3166-1-Alpha-3":"ROU","ISO3166-1-Alpha-2":"RO"}},
{"type":"Feature","geometry":{"type":"Polygon","coordinates":[[[22.877601,47.946739],[22.13284,48.404798],[21.727697,48.340901],[21.424563,48.561275],[21.109336,48.489109],[20.481674,48.526083],[20.272385,48.252456],[19.884295,48.129621],[19.623226,48.227006],[19.428199,48.085852],[18.838467,48.040015],[18.767671,47.822302],[17.825713,47.750006],[17.148338,48.005443],[17.054804,47.702025],[16.797455,47.675463],[16.424971,47.351116],[16.437167,47.031782],[16.094035,46.862774],[16.272009,46.863962],[16.515302,46.501711],[16.837659,46.381873],[17.345328,45.955697],[17.889791,45.792141],[18.411723,45.743204],[18.901306,45.931203],[19.263454,45.981432],[19.549948,46.16416],[20.242826,46.108091],[20.663989,46.137753],[20.819638,46.271699],[21.164527,46.318259],[21.316249,46.616639],[21.483577,46.684852],[21.632819,47.022686],[22.261721,47.715848],[22.745826,47.824989],[22.877601,47.946739]]]},"properties":{"name":"Hungary","ISO3166-1-Alpha-3":"HUN","ISO3166-1-Alpha-2":"HU"}},
{"type":"Feature","geometry":{"type":"Polygon","coordinates":[[[22.539637,49.0722],[22.012434,49.211054],[21.819577,49.377246],[21.274391,49.447267],[20.942422,49.295855],[20.329539,49.391767],[20.07002,49.183097],[19.751797,49.219064],[19.443392,49.60178],[19.172504,49.402257],[18.833196,49.510261],[18.535643,49.481684],[18.190031,49.276942],[18.102905,49.09225],[17.535084,48.812991],[17.167458,48.859758],[16.945043,48.604166],[16.84448,48.365602],[17.148338,48.005443],[17.825713,47.750006],[18.767671,47.822302],[18.838467,48.040015],[19.428199,48.085852],[19.623226,48.227006],[19.884295,48.129621],[20.272385,48.252456],[20.481674,48.526083],[21.109336,48.489109],[21.424563,48.561275],[21.727697,48.340901],[22.13284,48.404798],[22.539637,49.0722]]]},"properties":{"name":"Slovakia","ISO3166-1-Alpha-3":"SVK","ISO3166-1-Alpha-2":"SK"}},
{"type":"Feature","geometry":{"type":"Polygon","coordinates":[[[18.833196,49.510261],[19.172504,49.402257],[19.443392,49.60178],[19.751797,49.219064],[20.07002,49.183097],[20.329539,49.391767],[20.942422,49.295855],[21.274391,49.447267],[21.819577,49.377246],[22.012434,49.211054],[22.539637,49.0722],[22.744482,49.045535],[22.640922,49.528761],[23.101463,49.957107],[23.747522,50.38938],[24.106466,50.538622],[23.874749,51.13613],[23.606238,51.517399],[23.637451,52.084471],[23.165645,52.289393],[23.392298,52.509638],[23.868961,52.670042],[23.893663,53.151951],[23.590942,53.611251],[23.485625,53.939293],[23.432502,54.169305],[22.973305,54.37539],[22.76722,54.35627],[20.929606,54.397818],[19.609548,54.456732],[19.002126,54.344916],[18.588064,54.433661],[18.42921,54.781684],[17.885427,54.824123],[17.337413,54.74901],[16.569591,54.557196],[16.220063,54.276597],[15.859711,54.249986],[14.210053,53.938463],[14.200819,53.878157],[14.263901,53.699976],[14.409384,53.272434],[14.21601,52.817992],[14.644821,52.576921],[14.539815,52.421866],[14.761403,52.076667],[14.585807,51.803893],[14.732155,51.515823],[15.019476,51.271678],[14.810393,50.858447],[15.227111,50.977406],[15.349688,50.783723],[16.331644,50.644042],[16.334227,50.371862],[16.701233,50.094928],[17.185442,50.375686],[17.839355,49.973643],[18.091639,50.017207],[18.559208,49.907187],[18.833196,49.510261]]]},"properties":{"name":"Poland","ISO3166-1-Alpha-3":"POL","ISO3166-1-Alpha-2":"PL"}},
{"type":"Feature","geometry":{"type":"Polygon","coordinates":[[[-7.2471,55.069322],[-6.939565,55.239081],[-7.332509,55.372789],[-7.814198,55.20185],[-8.26301,55.161078],[-8.596913,54.619289],[-8.120839,54.646552],[-8.485951,54.288642],[-9.209462,54.267564],[-9.785512,54.33808],[-9.988189,54.213121],[-9.838531,53.963568],[-10.025746,53.385403],[-9.272206,53.146674],[-9.576975,52.57038],[-9.848378,52.428412],[-9.837229,52.254299],[-10.275787,52.268134],[-10.234609,51.85102],[-9.770334,51.592231],[-9.107737,51.549384],[-8.539174,51.648383],[-7.589915,51.991156],[-7.435455,52.125678],[-6.369862,52.179999],[-6.448069,52.355902],[-6.209096,52.545844],[-5.996571,52.964911],[-6.092397,53.577135],[-6.222768,53.646064],[-6.269887,54.097927],[-6.640339,54.168013],[-7.049255,54.411512],[-7.310324,54.114683],[-7.836959,54.204341],[-8.156035,54.439055],[-7.906619,54.661316],[-7.551705,54.754695],[-7.2471,55.069322]]]},"properties":{"name":"Ireland","ISO3166-1-Alpha-3":"IRL","ISO3166-1-Alpha-2":"IE"}},
{"type":"Feature","geometry":{"type":"MultiPolygon","coordinates":[[[[-7.2471,55.069322],[-7.551705,54.754695],[-7.906619,54.661316],[-8.156035,54.439055],[-7.836959,54.204341],[-7.310324,54.114683],[-7.049255,54.411512],[-6.640339,54.168013],[-6.269887,54.097927],[-5.61262,54.255561],[-5.433461,54.466254],[-5.53661,54.657457],[-6.062082,55.074123],[-6.475942,55.248684],[-7.2471,55.069322]]],[[[-2.665354,51.617255],[-3.057525,51.208157],[-3.769154,51.247707],[-4.152333,51.211615],[-4.79247,50.595201],[-5.437978,50.194322],[-5.210357,49.966742],[-4.752105,50.330308],[-4.216135,50.415717],[-3.645619,50.22602],[-3.467275,50.585598],[-2.864817,50.733791],[-1.983713,50.596625],[-1.94929,50.713324],[-1.317291,50.800238],[-0.812815,50.734768],[-0.173166,50.829006],[0.271007,50.747382],[1.357188,51.131008],[1.423839,51.392076],[0.977224,51.349189],[0.92449,51.588324],[1.582286,52.081488],[1.771169,52.485907],[1.644216,52.775824],[1.274669,52.929185],[0.569591,52.969306],[0.379242,52.790839],[0.022146,52.912584],[0.329845,53.086493],[0.133474,53.642646],[-0.562978,54.477362],[-1.275461,54.74844],[-1.570058,55.2862],[-1.630849,55.58511],[-2.14684,55.917304],[-2.964345,56.205634],[-2.219879,56.872626],[-1.980295,57.319281],[-1.759348,57.473578],[-2.108144,57.704983],[-2.432851,57.668118],[-3.491851,57.713121],[-3.837473,57.592963],[-4.030141,57.953192],[-3.22053,58.305569],[-3.204091,58.661119],[-4.382395,58.524644],[-4.988189,58.628323],[-5.31078,58.243394],[-5.292633,57.980618],[-5.807362,57.84394],[-5.807769,57.354926],[-5.599436,57.279242],[-5.735504,56.89411],[-6.003407,56.61872],[-5.667388,56.498481],[-5.522532,56.165758],[-5.696401,55.915961],[-5.581207,55.757636],[-4.983144,55.871039],[-4.617787,55.495592],[-5.170806,55.008694],[-4.85912,54.866278],[-3.964182,54.771918],[-3.387929,54.883368],[-3.634185,54.512885],[-3.017568,53.931952],[-2.951731,53.708075],[-3.058258,53.43476],[-3.562327,53.29442],[-4.151519,53.228095],[-4.358225,53.028469],[-4.129872,52.889228],[-4.053131,52.542426],[-4.197133,52.279283],[-4.513824,52.135688],[-5.28893,51.916938],[-4.941029,51.596503],[-4.645375,51.732123],[-4.27245,51.554755],[-3.974599,51.562974],[-3.539174,51.398505],[-2.665354,51.617255]]],[[[-6.564117,57.346584],[-6.318349,57.161038],[-6.023508,57.195746],[-6.153879,57.589545],[-6.706451,57.510932],[-6.564117,57.346584]]],[[[-6.955149,57.743842],[-6.352447,58.038642],[-6.345611,58.463202],[-7.126454,58.123969],[-6.955149,57.743842]]],[[[-1.097035,60.41649],[-1.669749,60.239569],[-1.262603,60.115058],[-1.097035,60.41649]]]]},"properties":{"name":"United Kingdom","ISO3166-1-Alpha-3":"GBR","ISO3166-1-Alpha-2":"GB"}},
{"type":"Feature","geometry":{"type":"MultiPolygon","coordinates":[[[[20.965262,40.849394],[21.036679,40.639743],[20.826666,40.464818],[20.640218,40.090112],[20.432789,40.063809],[20.199935,39.640062],[19.999848,39.693508],[20.292817,39.333441],[20.686534,39.072455],[21.024669,38.608466],[21.15561,38.3039],[21.535411,38.313951],[21.987641,38.41059],[23.10963,38.21011],[22.867198,37.939521],[22.680431,38.066596],[22.226573,38.18594],[21.955903,38.336737],[21.325938,38.02143],[21.122081,37.837388],[21.549978,37.561469],[21.682302,37.283922],[21.567556,37.156317],[21.707367,36.81802],[22.153168,37.021186],[22.370616,36.67357],[22.765147,36.804185],[22.972423,36.520209],[23.095551,36.807034],[22.723155,37.541653],[23.16863,37.614163],[23.094086,37.911038],[23.449962,38.02143],[24.072113,37.689521],[23.95102,38.29092],[23.709972,38.336737],[23.204926,38.682685],[22.769542,38.784817],[23.023285,39.00845],[22.826182,39.221259],[23.101817,39.497382],[22.5713,40.054267],[22.710948,40.511623],[23.299083,40.235419],[23.868175,40.41352],[23.809255,40.780422],[24.110118,40.727851],[24.415538,40.945543],[24.802013,40.853461],[25.299653,40.95185],[25.91863,40.852973],[26.043956,40.738471],[26.359093,40.964684],[26.331705,41.254124],[26.636596,41.378457],[26.596288,41.59754],[26.333359,41.713036],[26.120865,41.357787],[25.285722,41.239396],[24.530936,41.547543],[24.047348,41.525735],[23.612439,41.371016],[22.916978,41.335773],[22.727222,41.165809],[21.909081,41.097493],[21.581556,40.866292],[20.965262,40.849394]]],[[[26.321137,35.315253],[25.830333,35.122382],[25.766368,35.335679],[25.481944,35.297431],[24.720958,35.427232],[24.340099,35.348334],[24.044688,35.527655],[23.573497,35.43476],[23.587169,35.239488],[24.40211,35.191107],[24.70753,35.096137],[24.738536,34.931627],[26.240977,35.039049],[26.321137,35.315253]]],[[[28.239757,36.432522],[27.899669,36.340155],[27.700694,36.163398],[27.780447,35.890041],[28.130544,36.185452],[28.239757,36.432522]]],[[[24.587657,38.159247],[24.326996,38.18594],[24.07309,38.679389],[23.857595,38.682522],[23.450694,38.874579],[23.202322,38.829901],[23.635509,38.528551],[24.049083,38.394517],[24.371755,37.97191],[24.587657,38.159247]]],[[[26.612315,39.049262],[26.343028,39.383002],[25.858653,39.259223],[25.888927,39.144721],[26.424164,38.967353],[26.612315,39.049262]]]]},"properties":{"name":"Greece","ISO3166-1-Alpha-3":"GRC","ISO3166-1-Alpha-2":"GR"}},
{"type":"Feature","geometry":{"type":"Polygon","coordinates":[[[32.920863,-9.4079],[32.518046,-9.258245],[32.383015,-9.133912],[31.672671,-8.913047],[31.353311,-8.587175],[30.959536,-8.550485],[30.752107,-8.194124],[28.915268,-8.472867],[28.930461,-8.679883],[28.765407,-8.934027],[28.372304,-9.235094],[28.515964,-9.378341],[28.668462,-9.821622],[28.623865,-9.951019],[28.634924,-10.51946],[28.439587,-11.348247],[28.357008,-11.446949],[28.497154,-11.857363],[28.835015,-12.092181],[29.030352,-12.376194],[29.446554,-12.33506],[29.799297,-12.154089],[29.797643,-13.424244],[29.574401,-13.225393],[29.168948,-13.433856],[28.993971,-13.395925],[28.903434,-13.162296],[28.42274,-12.521302],[27.933881,-12.303331],[27.638189,-12.293615],[27.420734,-11.921959],[27.234182,-11.809097],[27.180129,-11.569629],[27.010268,-11.609833],[26.967325,-11.870385],[26.643521,-11.985521],[26.414594,-11.91183],[25.994051,-11.904802],[25.850701,-11.793801],[25.351971,-11.64611],[25.278798,-11.199935],[24.67408,-11.341632],[24.564733,-11.444675],[24.310071,-11.406641],[24.381798,-11.12056],[24.124243,-11.043252],[23.967457,-10.872307],[24.061094,-11.394962],[23.959912,-11.617171],[23.959602,-12.19667],[24.030812,-12.385083],[23.865654,-12.789709],[24.000633,-13.001479],[21.979878,-13.001479],[21.980808,-14.357624],[21.983805,-16.165886],[22.15165,-16.597694],[22.333654,-16.673658],[22.755851,-17.154869],[23.381652,-17.641144],[24.220464,-17.4795],[24.95799,-17.551744],[25.259781,-17.794107],[25.681409,-17.81147],[25.978548,-17.998952],[26.203031,-17.887227],[26.71194,-18.065821],[27.048457,-17.944278],[27.157081,-17.769302],[27.577314,-17.363125],[27.777301,-17.001183],[28.280113,-16.706524],[28.822509,-16.470776],[28.870981,-16.087234],[29.186311,-15.812832],[29.837331,-15.614808],[30.396263,-15.635995],[30.369185,-15.374719],[30.214465,-14.981462],[30.815772,-14.768245],[31.410878,-14.633576],[31.658408,-14.519578],[33.202707,-14.013872],[33.049434,-13.996612],[32.722839,-13.573382],[32.995071,-13.190873],[33.024836,-12.612666],[33.373239,-12.518511],[33.2549,-12.072647],[33.302649,-11.60973],[33.230302,-11.416563],[33.390912,-11.164795],[33.319082,-10.81815],[33.500983,-10.769161],[33.674203,-10.577028],[33.533281,-10.231209],[33.309987,-10.012721],[33.216711,-9.727054],[32.97471,-9.601273],[32.920863,-9.4079]]]},"properties":{"name":"Zambia","ISO3166-1-Alpha-3":"ZMB","ISO3166-1-Alpha-2":"ZM"}},
{"type":"Feature","geometry":{"type":"Polygon","coordinates":[[[-10.282236,8.484625],[-10.519276,8.33479],[-10.638855,8.519895],[-10.481862,8.672469],[-10.600201,8.819024],[-10.675132,9.306461],[-10.854862,9.455264],[-11.010098,9.74274],[-11.272666,9.996006],[-11.910095,9.992518],[-12.141347,9.874876],[-12.508327,9.860381],[-12.701597,9.420227],[-12.957912,9.272433],[-13.028864,9.095983],[-13.301096,9.04149],[-13.144399,8.43122],[-12.978749,8.242011],[-12.875885,7.828681],[-12.531402,7.687079],[-12.506581,7.389838],[-11.839589,7.148993],[-11.476186,6.91942],[-11.373229,7.138842],[-10.615187,7.769036],[-10.617668,8.010778],[-10.364918,8.148212],[-10.282236,8.484625]]]},"properties":{"name":"Sierra Leone","ISO3166-1-Alpha-3":"SLE","ISO3166-1-Alpha-2":"SL"}},
{"type":"Feature","geometry":{"type":"Polygon","coordinates":[[[-13.301096,9.04149],[-13.028864,9.095983],[-12.957912,9.272433],[-12.701597,9.420227],[-12.508327,9.860381],[-12.141347,9.874876],[-11.910095,9.992518],[-11.272666,9.996006],[-11.010098,9.74274],[-10.854862,9.455264],[-10.675132,9.306461],[-10.600201,8.819024],[-10.481862,8.672469],[-10.638855,8.519895],[-10.519276,8.33479],[-10.282236,8.484625],[-9.683513,8.487054],[-9.42234,8.015791],[-9.353507,7.62243],[-9.438101,7.421564],[-9.11962,7.237957],[-8.925419,7.248603],[-8.729617,7.50869],[-8.485446,7.557989],[-8.228976,7.544295],[-8.021702,8.117723],[-8.265977,8.245984],[-8.200296,8.491834],[-7.970542,8.49695],[-7.77102,8.386518],[-7.691593,8.606142],[-7.958915,8.781997],[-7.865381,9.409918],[-8.087176,9.415395],[-8.16159,9.575644],[-8.173837,9.941875],[-7.989663,10.161991],[-8.015708,10.339344],[-8.295535,10.537446],[-8.311142,11.000803],[-8.505755,11.052789],[-8.527563,11.423387],[-8.847233,11.657946],[-8.797004,11.913227],[-8.926298,12.064278],[-8.993839,12.387514],[-9.308497,12.345036],[-9.628167,12.170163],[-9.722994,12.025417],[-10.26694,12.217808],[-10.711357,11.890386],[-10.909794,12.200135],[-11.191173,12.01441],[-11.507794,12.191608],[-11.388422,12.403895],[-12.07918,12.408133],[-12.36092,12.305607],[-12.773272,12.435056],[-13.076458,12.635922],[-13.728279,12.673388],[-13.729932,11.709829],[-14.015135,11.63712],[-14.278736,11.665077],[-14.686773,11.51072],[-15.020985,10.967475],[-14.749257,10.816107],[-14.463043,10.330024],[-14.153188,10.05565],[-13.624379,9.720282],[-13.561391,9.508979],[-13.322174,9.345404],[-13.301096,9.04149]]]},"properties":{"name":"Guinea","ISO3166-1-Alpha-3":"GIN","ISO3166-1-Alpha-2":"GN"}},
{"type":"Feature","geometry":{"type":"Polygon","coordinates":[[[-11.476186,6.91942],[-11.353179,6.701158],[-10.82433,6.43773],[-10.788319,6.292955],[-10.395619,6.176988],[-9.497467,5.38939],[-9.278717,5.145738],[-8.257314,4.579983],[-7.540666,4.352845],[-7.6055,4.897428],[-7.393627,5.523979],[-7.446543,5.845949],[-7.799648,5.974468],[-7.934886,6.271427],[-8.388811,6.355091],[-8.566113,6.550919],[-8.351759,6.755351],[-8.284115,7.017867],[-8.485446,7.557989],[-8.729617,7.50869],[-8.925419,7.248603],[-9.11962,7.237957],[-9.438101,7.421564],[-9.353507,7.62243],[-9.42234,8.015791],[-9.683513,8.487054],[-10.282236,8.484625],[-10.364918,8.148212],[-10.617668,8.010778],[-10.615187,7.769036],[-11.373229,7.138842],[-11.476186,6.91942]]]},"properties":{"name":"Liberia","ISO3166-1-Alpha-3":"LBR","ISO3166-1-Alpha-2":"LR"}},
{"type":"Feature","geometry":{"type":"Polygon","coordinates":[[[22.861064,10.919154],[22.460468,11.000828],[22.176351,10.816214],[21.722632,10.636716],[21.751054,10.41182],[21.65628,10.233666],[21.256924,9.975749],[20.82615,9.418083],[20.496144,9.270882],[20.359408,9.116421],[20.068676,9.138126],[19.889463,9.046374],[19.10057,9.015265],[18.892727,8.897933],[19.124135,8.675079],[18.589283,8.047882],[17.679778,7.985198],[17.250864,7.822831],[17.101932,7.677724],[16.768619,7.550238],[16.548685,7.870012],[16.370814,7.672504],[15.793899,7.457996],[15.481049,7.523263],[15.223908,7.247517],[15.042213,6.790775],[14.932452,6.710289],[14.719029,6.257862],[14.397705,6.019169],[14.584773,5.923412],[14.631075,5.738049],[14.523899,5.279679],[14.663218,5.141832],[14.717272,4.622019],[15.000562,4.403195],[15.171301,3.758971],[15.78563,3.107977],[15.913995,3.097952],[16.092382,2.863289],[16.090315,2.510494],[16.196665,2.236454],[16.479128,2.836314],[16.567701,3.464389],[17.334373,3.618514],[17.458913,3.708276],[17.856408,3.537305],[18.513422,3.592237],[18.626387,3.476869],[18.645301,3.982445],[18.53709,4.306069],[18.721058,4.377357],[19.08331,4.90934],[19.408975,5.130386],[19.71955,5.135967],[20.338944,4.771906],[20.603114,4.409732],[20.871521,4.453373],[21.538147,4.244652],[21.722942,4.295139],[22.207254,4.150316],[22.492714,4.174036],[22.78603,4.724648],[22.898374,4.823583],[23.38837,4.587266],[23.566551,4.724441],[24.162897,4.907789],[24.459623,5.107441],[24.664365,4.924403],[25.307633,5.032278],[25.36365,5.310556],[25.58126,5.374919],[26.026917,5.189969],[26.12996,5.258879],[26.462653,5.059641],[27.11636,5.200304],[27.441301,5.070725],[27.30131,5.205187],[27.170413,5.72035],[26.705016,6.009789],[26.527972,6.043172],[26.452008,6.28029],[26.28964,6.387208],[26.378007,6.65329],[26.080971,6.842348],[26.026091,6.99668],[25.360033,7.335574],[25.190431,7.501197],[25.279418,7.659482],[24.832107,8.16573],[24.131374,8.343058],[24.243719,8.570176],[24.170328,8.689327],[23.72127,8.702002],[23.482318,8.783393],[23.45772,9.146161],[23.63218,9.277574],[23.674038,9.69034],[23.624015,9.907768],[23.291219,10.439726],[23.005551,10.686817],[22.861064,10.919154]]]},"properties":{"name":"Central African Republic","ISO3166-1-Alpha-3":"CAF","ISO3166-1-Alpha-2":"CF"}},
{"type":"Feature","geometry":{"type":"Polygon","coordinates":[[[22.861064,10.919154],[23.005551,10.686817],[23.291219,10.439726],[23.624015,9.907768],[23.674038,9.69034],[23.63218,9.277574],[23.45772,9.146161],[23.482318,8.783393],[23.72127,8.702002],[24.170328,8.689327],[24.558377,8.886746],[24.680178,9.373357],[24.794383,9.532184],[24.792677,9.798369],[24.976284,9.967351],[25.084081,10.293223],[25.843053,10.417815],[25.90093,10.191059],[26.179466,9.95898],[26.556859,9.520454],[26.694318,9.476942],[27.080393,9.606831],[27.895072,9.59541],[28.04511,9.331407],[28.843841,9.324545],[29.009474,9.603239],[29.483089,9.761679],[29.615432,10.058147],[30.012979,10.270485],[30.484578,9.972028],[30.749265,9.735763],[31.234817,9.792323],[31.664816,10.214236],[31.942887,10.655552],[32.414073,11.050851],[32.34524,11.709106],[32.082207,11.999811],[32.746662,12.002731],[32.731779,12.216155],[33.209218,12.210367],[33.082921,11.584565],[33.182088,10.843241],[33.902096,10.192041],[33.96912,9.838341],[33.900855,9.45529],[34.070698,9.454592],[34.098208,9.67972],[34.32486,10.268651],[34.279489,10.565506],[34.587067,10.879285],[34.838524,10.72914],[34.933816,10.845308],[34.947148,11.274868],[35.073135,11.54896],[35.048227,11.771376],[35.215555,11.896588],[35.616875,12.575151],[35.728392,12.67437],[36.123614,12.721447],[36.114415,12.933889],[36.233581,13.36164],[36.382099,13.571033],[36.52638,14.263523],[36.423647,15.111508],[36.524933,15.247908],[36.670971,15.723124],[36.944029,16.252859],[36.877263,16.527313],[36.984957,16.765696],[37.000459,17.072602],[37.403432,17.029918],[37.506785,17.318479],[38.343737,17.655926],[38.601573,18.004828],[38.542817,18.118394],[38.151674,18.249331],[37.925505,18.585044],[37.434337,18.861721],[37.238292,19.65526],[37.175141,20.349189],[37.228038,20.565009],[37.148611,21.170966],[36.896821,21.677883],[36.883637,21.995714],[35.486443,21.995558],[34.084179,21.995454],[33.866456,21.749724],[33.558442,21.710957],[33.181136,21.995409],[31.248407,21.994369],[29.458232,21.994628],[28.290345,21.994783],[26.343797,21.995093],[24.981245,21.995351],[24.968016,19.994956],[23.981306,19.995421],[23.981306,19.496124],[23.982753,17.870228],[23.984406,15.72116],[23.592699,15.749014],[23.094642,15.704262],[22.92566,15.563935],[22.965657,15.223904],[22.738901,14.97981],[22.666347,14.681741],[22.465429,14.629289],[22.441038,14.249855],[22.531472,14.122627],[22.243531,13.975427],[22.073722,13.771357],[22.267612,13.334562],[21.935126,13.059152],[21.809449,12.793665],[21.935953,12.63954],[22.204877,12.743358],[22.445689,12.611066],[22.372825,12.463116],[22.592863,11.988933],[22.537053,11.68089],[22.628107,11.509841],[22.914808,11.396101],[22.956459,11.2088],[22.861064,10.919154]]]},"properties":{"name":"Sudan","ISO3166-1-Alpha-3":"SDN","ISO3166-1-Alpha-2":"SD"}},
{"type":"Feature","geometry":{"type":"Polygon","coordinates":[[[43.240733,11.48786],[43.041515,11.798529],[43.377126,12.004828],[43.411388,12.241767],[43.117686,12.707913],[42.852092,12.611738],[42.678252,12.360022],[42.379459,12.465907],[41.74911,11.537953],[41.79872,10.970675],[42.391758,11.005893],[42.615621,11.08966],[42.923715,10.998787],[43.240733,11.48786]]]},"properties":{"name":"Djibouti","ISO3166-1-Alpha-3":"DJI","ISO3166-1-Alpha-2":"DJ"}},
{"type":"Feature","geometry":{"type":"Polygon","coordinates":[[[43.117686,12.707913],[43.086436,12.820868],[42.773936,12.862128],[42.520681,13.2355],[42.379405,13.222642],[42.288422,13.574612],[41.980968,13.837795],[41.676524,13.940253],[41.156098,14.641588],[40.808116,14.702826],[40.55421,14.99018],[40.159434,14.982245],[39.875255,15.504096],[39.718272,15.263902],[39.235606,16.10871],[39.163341,16.62816],[38.929047,17.397121],[38.601573,18.004828],[38.343737,17.655926],[37.506785,17.318479],[37.403432,17.029918],[37.000459,17.072602],[36.984957,16.765696],[36.877263,16.527313],[36.944029,16.252859],[36.670971,15.723124],[36.524933,15.247908],[36.423647,15.111508],[36.52638,14.263523],[36.748072,14.332072],[37.072703,14.285305],[37.293775,14.457439],[37.564973,14.116685],[37.891464,14.879532],[38.006703,14.7244],[38.229325,14.679725],[38.426832,14.417183],[38.866082,14.493664],[39.075475,14.637402],[39.20818,14.440179],[39.489403,14.524489],[39.911186,14.42341],[40.104559,14.465966],[40.421646,14.273755],[40.833197,14.105962],[41.192038,13.615863],[41.7118,13.247926],[41.946617,12.876166],[42.137304,12.77333],[42.379459,12.465907],[42.678252,12.360022],[42.852092,12.611738],[43.117686,12.707913]]]},"properties":{"name":"Eritrea","ISO3166-1-Alpha-3":"ERI","ISO3166-1-Alpha-2":"ER"}},
{"type":"Feature","geometry":{"type":"Polygon","coordinates":[[[16.945043,48.604166],[16.873006,48.718991],[16.43572,48.794542],[16.032334,48.758059],[15.262872,48.982593],[14.982062,49.007914],[14.919327,48.761573],[14.695671,48.589542],[14.07483,48.591712],[13.815725,48.76643],[13.714336,48.523215],[12.745041,48.12063],[12.991227,47.847106],[12.744834,47.66536],[11.620458,47.589654],[11.083747,47.389512],[10.60791,47.562266],[10.305913,47.302178],[9.948726,47.524232],[9.547482,47.534547],[9.521155,47.262801],[9.581203,47.05687],[10.1113,46.847116],[10.453811,46.864427],[10.99693,46.76911],[11.31381,46.987262],[12.111178,46.992998],[12.40501,46.690123],[13.231109,46.552173],[13.700951,46.519746],[14.502194,46.418356],[15.061954,46.649557],[15.462653,46.614649],[15.970529,46.743014],[16.094035,46.862774],[16.437167,47.031782],[16.424971,47.351116],[16.797455,47.675463],[17.054804,47.702025],[17.148338,48.005443],[16.84448,48.365602],[16.945043,48.604166]]]},"properties":{"name":"Austria","ISO3166-1-Alpha-3":"AUT","ISO3166-1-Alpha-2":"AT"}},
{"type":"Feature","geometry":{"type":"Polygon","coordinates":[[[44.766135,37.14192],[44.57824,37.166415],[44.234281,36.983661],[44.223171,37.254058],[43.479599,37.243361],[43.083706,37.368831],[42.77158,37.374903],[42.561257,37.146623],[42.357238,37.109984],[41.843781,36.617869],[41.414867,36.527384],[41.276994,36.354785],[41.240614,36.043021],[41.363501,35.655241],[41.191521,35.182143],[41.195656,34.768473],[40.98802,34.42852],[40.690467,34.331497],[38.774511,33.371685],[39.146375,32.118144],[40.424126,31.920533],[42.075395,31.079861],[42.858707,30.494677],[44.691825,29.201836],[46.357459,29.063137],[46.532436,29.095745],[46.85345,29.44456],[47.110488,29.960911],[47.358225,30.092118],[47.674175,30.098216],[47.948009,29.994045],[48.531016,29.96133],[48.397025,30.220999],[48.013586,30.463878],[48.015446,30.97625],[47.672935,30.994698],[47.678929,31.407851],[47.831323,31.761835],[47.395794,32.33702],[47.12103,32.461043],[46.715887,32.756012],[46.273433,32.959488],[46.155301,33.260219],[45.885964,33.63092],[45.658794,33.681692],[45.419946,33.99436],[45.534357,34.128202],[45.447954,34.36209],[45.500664,34.591688],[45.835011,34.890171],[45.857025,35.021274],[46.165481,35.189946],[45.963995,35.494165],[46.060423,35.857244],[45.814185,35.80934],[45.348322,36.087514],[45.238871,36.402999],[44.991393,36.53374],[44.831248,36.791916],[44.766135,37.14192]]]},"properties":{"name":"Iraq","ISO3166-1-Alpha-3":"IRQ","ISO3166-1-Alpha-2":"IQ"}},
{"type":"Feature","geometry":{"type":"MultiPolygon","coordinates":[[[[7.022083,45.92526],[6.800804,45.826455],[7.062183,45.218533],[6.602728,45.10345],[7.018982,44.738872],[6.838838,44.502918],[7.033451,44.242934],[7.691912,44.084649],[7.502289,43.792222],[7.959727,43.852851],[8.466075,44.304267],[8.76238,44.432115],[9.230642,44.353705],[9.771821,44.079413],[10.105805,44.01675],[10.264008,43.809394],[10.326345,43.476874],[10.54656,43.147121],[10.499522,42.940497],[10.990001,42.710273],[11.18686,42.520819],[11.658214,42.279364],[11.827485,42.034166],[12.147472,41.903469],[12.239024,41.736274],[12.619395,41.459133],[12.893565,41.399319],[13.044607,41.227525],[13.324392,41.294827],[13.721853,41.252387],[14.052257,40.837592],[14.2942,40.838772],[14.5442,40.613593],[14.752208,40.676703],[14.998267,40.397559],[14.911143,40.241645],[15.4101,39.99397],[15.610199,40.073188],[15.995396,39.438768],[16.083018,39.075263],[16.220063,38.899075],[16.12086,38.720933],[15.844493,38.660386],[15.904796,38.473944],[15.650564,38.241034],[15.665782,37.966864],[16.090017,37.949205],[16.169444,38.143215],[16.569591,38.429511],[16.538829,38.723334],[16.838552,38.918199],[17.127696,38.928778],[17.158702,39.406195],[16.515636,39.689602],[16.604747,40.084459],[17.049571,40.51911],[17.512055,40.303697],[17.847667,40.290025],[18.007335,39.98607],[18.383962,39.81391],[18.517426,40.114163],[18.437266,40.26789],[18.007009,40.650702],[17.476085,40.830146],[17.05714,41.081855],[16.593923,41.206977],[16.021658,41.427802],[15.925304,41.640041],[16.192882,41.79092],[16.02711,41.944078],[15.123383,41.934272],[14.740733,42.084621],[14.075369,42.598822],[13.616954,43.531317],[12.710297,43.982896],[12.368826,44.250678],[12.253591,44.751288],[12.376231,45.038967],[12.272716,45.463609],[12.487804,45.456732],[13.131358,45.768866],[13.726248,45.703762],[13.711762,45.593207],[13.778724,45.743411],[13.581269,45.809246],[13.622817,45.966394],[13.365261,46.290302],[13.700951,46.519746],[13.231109,46.552173],[12.40501,46.690123],[12.111178,46.992998],[11.31381,46.987262],[10.99693,46.76911],[10.453811,46.864427],[10.133417,46.414016],[9.674324,46.291801],[9.263186,46.485122],[9.224842,46.231184],[9.002117,46.03931],[8.601831,46.122819],[8.427165,46.251442],[7.831232,45.91446],[7.541121,45.984119],[7.022083,45.92526]]],[[[15.528656,38.302639],[15.087901,38.128241],[14.907074,38.18769],[14.273204,38.015123],[13.790782,37.973619],[13.310232,38.21955],[12.901134,38.028062],[12.725352,38.125922],[12.504161,38.011217],[12.427013,37.797024],[12.697765,37.56273],[12.942638,37.568508],[13.894379,37.100816],[14.278819,37.044013],[14.487315,36.793362],[15.073578,36.659125],[15.174653,36.944078],[15.329438,37.027737],[15.110688,37.321845],[15.206554,37.747748],[15.500336,38.084947],[15.528656,38.302639]]],[[[9.792247,40.556952],[9.573253,40.906399],[9.546153,41.120917],[9.230642,41.262641],[8.764415,40.913804],[8.310232,40.850653],[8.1338,40.728909],[8.462901,40.314521],[8.555186,39.852688],[8.386892,39.469794],[8.371755,39.230618],[8.642833,38.88996],[9.018321,38.995307],[9.078949,39.212348],[9.557791,39.139716],[9.73227,40.08393],[9.62615,40.263088],[9.792247,40.556952]]]]},"properties":{"name":"Italy","ISO3166-1-Alpha-3":"ITA","ISO3166-1-Alpha-2":"IT"}},
{"type":"Feature","geometry":{"type":"Polygon","coordinates":[[[10.453811,46.864427],[10.1113,46.847116],[9.581203,47.05687],[9.521155,47.262801],[9.547482,47.534547],[9.273211,47.65009],[8.906205,47.651795],[8.558216,47.801166],[8.087237,47.567382],[7.586028,47.584619],[7.044303,47.340497],[6.429199,46.760816],[6.064157,46.471118],[6.214122,46.315469],[6.482942,46.448587],[6.762667,46.42926],[7.022083,45.92526],[7.541121,45.984119],[7.831232,45.91446],[8.427165,46.251442],[8.601831,46.122819],[9.002117,46.03931],[9.224842,46.231184],[9.263186,46.485122],[9.674324,46.291801],[10.133417,46.414016],[10.453811,46.864427]]]},"properties":{"name":"Switzerland","ISO3166-1-Alpha-3":"CHE","ISO3166-1-Alpha-2":"CH"}},
{"type":"Feature","geometry":{"type":"Polygon","coordinates":[[[44.806993,39.639902],[44.459487,39.698457],[44.404814,39.43439],[44.061372,39.400284],[44.139197,38.993952],[44.275002,38.843573],[44.289524,38.382258],[44.424657,38.377038],[44.219605,37.875312],[44.59612,37.716381],[44.565941,37.447173],[44.801585,37.292686],[44.766135,37.14192],[44.831248,36.791916],[44.991393,36.53374],[45.238871,36.402999],[45.348322,36.087514],[45.814185,35.80934],[46.060423,35.857244],[45.963995,35.494165],[46.165481,35.189946],[45.857025,35.021274],[45.835011,34.890171],[45.500664,34.591688],[45.447954,34.36209],[45.534357,34.128202],[45.419946,33.99436],[45.658794,33.681692],[45.885964,33.63092],[46.155301,33.260219],[46.273433,32.959488],[46.715887,32.756012],[47.12103,32.461043],[47.395794,32.33702],[47.831323,31.761835],[47.678929,31.407851],[47.672935,30.994698],[48.015446,30.97625],[48.013586,30.463878],[48.397025,30.220999],[48.531016,29.96133],[48.934825,30.079739],[48.862315,30.345608],[49.600759,30.030097],[50.073416,30.195746],[50.144867,29.938056],[50.655284,29.449123],[50.643809,29.143459],[51.058849,28.735907],[51.141856,28.400784],[51.380271,27.991418],[51.585134,27.849311],[52.011241,27.832709],[52.567638,27.540717],[52.601329,27.352932],[53.072032,27.096869],[53.41212,26.993557],[53.716075,26.708564],[54.308116,26.714993],[54.389415,26.605129],[54.801524,26.498236],[55.270844,26.792548],[55.554454,26.810533],[55.684825,27.002997],[55.939301,27.026679],[56.353038,27.201606],[56.808849,27.139553],[56.973318,26.968817],[57.090017,26.618801],[57.164561,26.094916],[57.326182,25.777004],[57.963227,25.693183],[58.07309,25.563625],[58.813731,25.563625],[59.117198,25.394192],[59.453902,25.461607],[59.903806,25.329863],[60.362559,25.330552],[61.03061,25.209784],[61.411717,25.059408],[61.588227,25.202094],[61.66035,25.769178],[61.760085,25.837597],[61.857133,26.242379],[62.243415,26.350641],[62.291991,26.501226],[62.753564,26.644163],[63.141344,26.625404],[63.264851,26.890039],[63.251519,27.21896],[62.800642,27.225161],[62.814698,27.494964],[62.735684,27.994985],[62.362787,28.418887],[61.89279,28.5426],[61.653012,28.756334],[61.279184,29.40663],[60.844379,29.858179],[61.7852,30.831401],[61.826334,31.034593],[61.661176,31.38191],[60.855024,31.482731],[60.774926,32.027194],[60.830323,32.248885],[60.577522,32.994344],[60.5676,33.151285],[60.879622,33.548703],[60.511789,33.638387],[60.486778,34.094277],[60.714361,34.537428],[61.06545,34.814724],[61.108342,35.277951],[61.269676,35.618499],[61.222754,36.117538],[61.075476,36.64779],[60.34229,36.637145],[60.019209,37.025803],[59.509473,37.189824],[59.351653,37.493837],[58.861037,37.668089],[58.371765,37.630366],[58.181182,37.774853],[57.352395,37.967529],[57.218347,38.265081],[57.038409,38.187283],[56.436482,38.255082],[56.299747,38.080235],[55.708672,38.118656],[55.423108,38.075894],[54.85663,37.761133],[54.783663,37.517453],[54.186594,37.323744],[53.913748,37.34276],[54.014334,36.821112],[53.492361,36.887885],[51.909028,36.582709],[51.088634,36.737006],[50.478852,37.03498],[50.148774,37.403876],[49.441742,37.494859],[49.014496,37.739163],[48.874278,38.434068],[48.607865,38.395978],[48.21037,38.729756],[48.058544,38.948373],[48.306798,39.045396],[48.124587,39.297602],[48.33894,39.378941],[48.052033,39.650087],[47.846877,39.685279],[46.866162,39.165362],[46.514039,38.882176],[46.135871,38.863701],[45.438601,39.004235],[44.806993,39.639902]]]},"properties":{"name":"Iran","ISO3166-1-Alpha-3":"IRN","ISO3166-1-Alpha-2":"IR"}},
{"type":"Feature","geometry":{"type":"MultiPolygon","coordinates":[[[[7.194591,53.245022],[6.730235,53.460639],[5.980805,53.406073],[5.591563,53.302802],[5.379242,53.097357],[4.913097,52.905585],[4.745453,52.967597],[4.508149,52.336371],[4.141856,52.005601],[4.118012,51.630683],[3.560395,51.594631],[3.535411,51.459215],[4.261068,51.369379],[4.731215,51.485618],[5.215423,51.258733],[5.471635,51.288085],[5.840501,51.138921],[5.64072,50.815039],[5.99491,50.749927],[5.982921,51.074687],[6.193348,51.509338],[5.928041,51.806736],[6.716675,51.899262],[6.765871,52.108397],[7.048231,52.365074],[6.695074,52.475609],[7.036655,52.647382],[7.194591,53.245022]]],[[[3.349415,51.375223],[3.927026,51.206255],[4.221491,51.368001],[3.349415,51.375223]]]]},"properties":{"name":"Netherlands","ISO3166-1-Alpha-3":"NLD","ISO3166-1-Alpha-2":"NL"}},
{"type":"Feature","geometry":null,"properties":{"name":"Liechtenstein","ISO3166-1-Alpha-3":"LIE","ISO3166-1-Alpha-2":"LI"}},
{"type":"Feature","geometry":{"type":"Polygon","coordinates":[[[-7.989663,10.161991],[-8.173837,9.941875],[-8.16159,9.575644],[-8.087176,9.415395],[-7.865381,9.409918],[-7.958915,8.781997],[-7.691593,8.606142],[-7.77102,8.386518],[-7.970542,8.49695],[-8.200296,8.491834],[-8.265977,8.245984],[-8.021702,8.117723],[-8.228976,7.544295],[-8.485446,7.557989],[-8.284115,7.017867],[-8.351759,6.755351],[-8.566113,6.550919],[-8.388811,6.355091],[-7.934886,6.271427],[-7.799648,5.974468],[-7.446543,5.845949],[-7.393627,5.523979],[-7.6055,4.897428],[-7.540666,4.352845],[-7.456776,4.344062],[-6.914174,4.655707],[-5.851308,5.029975],[-5.52481,5.099799],[-4.784657,5.143948],[-4.125478,5.30744],[-3.840891,5.201158],[-3.312164,5.11994],[-2.843699,5.149115],[-2.732671,5.355721],[-2.781815,5.578885],[-2.969504,5.621441],[-3.262509,6.617142],[-3.224941,6.849402],[-3.045933,7.071249],[-2.941521,7.577161],[-2.840003,7.820247],[-2.506328,8.209267],[-2.619448,8.923617],[-2.774839,9.054978],[-2.659807,9.272898],[-2.689211,9.488724],[-2.763677,9.391883],[-3.136936,9.82953],[-3.661658,9.948929],[-4.270329,9.743928],[-4.322548,9.608898],[-4.966075,9.901025],[-5.111802,10.27865],[-5.402534,10.300561],[-5.522578,10.425489],[-5.806282,10.413474],[-6.015933,10.18987],[-6.180884,10.215838],[-6.207808,10.637543],[-6.52138,10.564214],[-6.700336,10.34167],[-6.95939,10.185503],[-7.346963,10.247903],[-7.46618,10.429494],[-7.708646,10.402467],[-7.989663,10.161991]]]},"properties":{"name":"Ivory Coast","ISO3166-1-Alpha-3":"CIV","ISO3166-1-Alpha-2":"CI"}},
{"type":"Feature","geometry":{"type":"Polygon","coordinates":[[[20.242826,46.108091],[19.549948,46.16416],[19.263454,45.981432],[18.901306,45.931203],[19.018095,45.567401],[18.975527,45.39113],[19.28975,45.23631],[19.015821,44.865635],[19.368667,44.887132],[19.129922,44.518317],[19.177155,44.286962],[19.618885,44.035711],[19.275443,43.933263],[19.461685,43.762136],[19.195345,43.532796],[19.618678,43.168245],[19.92915,43.113907],[20.345352,42.827439],[20.838552,43.170467],[21.092593,43.090678],[21.378674,42.744136],[21.738652,42.68215],[21.564066,42.246289],[21.941534,42.333102],[22.345023,42.313439],[22.506047,42.870123],[22.727015,42.886892],[22.935271,43.085562],[22.80453,43.328984],[22.518863,43.474247],[22.349467,43.807921],[22.399594,43.993336],[22.69164,44.228435],[22.319702,44.685336],[21.65628,44.687661],[21.368545,44.86486],[21.493292,45.145101],[20.981489,45.33279],[20.760727,45.493348],[20.713392,45.733334],[20.242826,46.108091]]]},"properties":{"name":"Republic of Serbia","ISO3166-1-Alpha-3":"SRB","ISO3166-1-Alpha-2":"RS"}},
{"type":"Feature","geometry":{"type":"Polygon","coordinates":[[[-12.26413,14.774939],[-12.165945,14.625181],[-12.22173,14.391242],[-11.997583,14.166165],[-11.962908,13.909152],[-12.097629,13.70441],[-11.996808,13.544161],[-11.613111,13.360813],[-11.450278,13.075095],[-11.388422,12.403895],[-11.507794,12.191608],[-11.191173,12.01441],[-10.909794,12.200135],[-10.711357,11.890386],[-10.26694,12.217808],[-9.722994,12.025417],[-9.628167,12.170163],[-9.308497,12.345036],[-8.993839,12.387514],[-8.926298,12.064278],[-8.797004,11.913227],[-8.847233,11.657946],[-8.527563,11.423387],[-8.505755,11.052789],[-8.311142,11.000803],[-8.295535,10.537446],[-8.015708,10.339344],[-7.989663,10.161991],[-7.708646,10.402467],[-7.46618,10.429494],[-7.346963,10.247903],[-6.95939,10.185503],[-6.700336,10.34167],[-6.52138,10.564214],[-6.207808,10.637543],[-6.180884,10.215838],[-6.015933,10.18987],[-5.806282,10.413474],[-5.522578,10.425489],[-5.431421,10.844688],[-5.489764,11.082115],[-5.322332,11.135549],[-5.218307,11.422198],[-5.307811,11.629007],[-5.167819,11.943665],[-4.806808,11.996271],[-4.406135,12.307467],[-4.386885,12.530192],[-4.229324,12.948952],[-4.351073,13.118322],[-3.984042,13.39647],[-3.596882,13.199402],[-3.248634,13.292781],[-3.259719,13.658315],[-3.067508,13.606767],[-2.840855,14.042994],[-2.46168,14.280912],[-2.151879,14.15614],[-2.023412,14.198643],[-1.967033,14.483742],[-1.69692,14.496119],[-1.350275,14.714969],[-1.043317,14.817908],[-0.752895,15.069727],[-0.236699,15.065619],[0.218467,14.910977],[0.514831,14.993556],[0.973718,14.991257],[1.331526,15.283616],[3.000158,15.339117],[3.073021,15.427199],[3.507103,15.353973],[3.526534,15.495954],[3.871215,15.714804],[4.060558,16.298334],[4.183961,16.416053],[4.235638,16.995863],[4.22861,19.142244],[3.308356,18.981685],[3.102684,19.153561],[3.25823,19.410393],[3.216785,19.794064],[2.946001,19.941652],[2.400401,20.056555],[2.18243,20.278505],[1.778113,20.304291],[1.643961,20.522676],[1.145284,20.795889],[1.146524,21.101711],[-0.010408,21.85815],[-0.96358,22.481265],[-2.523226,23.500996],[-3.448544,24.106023],[-4.821613,24.995065],[-6.593107,24.994134],[-6.374722,23.150293],[-6.219383,21.822855],[-5.963533,19.620612],[-5.756466,17.741037],[-5.623347,16.527829],[-5.353286,16.311977],[-5.510951,15.495903],[-6.673929,15.494663],[-8.327006,15.495283],[-9.349218,15.495644],[-9.835596,15.371104],[-10.308746,15.435209],[-10.736368,15.422626],[-10.915169,15.102904],[-11.409557,15.602201],[-11.727057,15.541171],[-11.845655,15.179075],[-11.837076,14.893097],[-11.973967,14.779848],[-12.26413,14.774939]]]},"properties":{"name":"Mali","ISO3166-1-Alpha-3":"MLI","ISO3166-1-Alpha-2":"ML"}},
{"type":"Feature","geometry":{"type":"Polygon","coordinates":[[[-12.26413,14.774939],[-12.471508,14.998],[-12.856782,15.221992],[-12.96432,15.509158],[-13.237844,15.62344],[-13.31373,15.92213],[-13.484934,16.154984],[-13.811323,16.122066],[-14.343254,16.63666],[-14.930944,16.643378],[-15.49091,16.56452],[-15.672191,16.481372],[-16.327397,16.474551],[-16.465993,16.174053],[-16.542348,15.808824],[-16.878245,15.2331],[-17.138661,14.92772],[-17.370961,14.800279],[-17.178212,14.653144],[-16.802561,14.107856],[-16.710194,13.773627],[-16.561399,13.586914],[-15.518195,13.5831],[-15.394069,13.771512],[-14.915803,13.792441],[-14.728579,13.619325],[-14.585539,13.660459],[-14.329947,13.456441],[-13.967489,13.575581],[-13.851036,13.33575],[-14.201687,13.229555],[-15.015074,13.495741],[-15.822673,13.319421],[-15.833318,13.156847],[-16.673525,13.164314],[-16.753651,13.065009],[-16.798736,12.430894],[-16.728437,12.332531],[-16.23288,12.452884],[-15.677049,12.439294],[-15.195114,12.679434],[-13.728279,12.673388],[-13.076458,12.635922],[-12.773272,12.435056],[-12.36092,12.305607],[-12.07918,12.408133],[-11.388422,12.403895],[-11.450278,13.075095],[-11.613111,13.360813],[-11.996808,13.544161],[-12.097629,13.70441],[-11.962908,13.909152],[-11.997583,14.166165],[-12.22173,14.391242],[-12.165945,14.625181],[-12.26413,14.774939]]]},"properties":{"name":"Senegal","ISO3166-1-Alpha-3":"SEN","ISO3166-1-Alpha-2":"SN"}},
{"type":"Feature","geometry":{"type":"Polygon","coordinates":[[[3.5964,11.695773],[3.483332,11.392303],[3.722077,11.112346],[3.731276,10.825025],[3.837419,10.599897],[3.513098,9.846609],[3.128625,9.429581],[3.091315,9.126421],[2.769164,9.057045],[2.722862,8.772308],[2.734954,8.211903],[2.672219,7.889597],[2.773918,7.050785],[2.778569,6.698765],[2.703841,6.368352],[3.384532,6.397691],[3.541352,6.45482],[4.405528,6.358873],[4.717052,6.163642],[5.007335,5.849189],[5.34018,5.34394],[5.363617,5.171576],[5.5949,4.636461],[5.9463,4.335191],[6.09669,4.278144],[6.969493,4.374579],[7.169688,4.605943],[7.558442,4.525336],[8.29835,4.55329],[8.594168,4.815294],[8.798925,5.159635],[8.8937,5.621751],[8.855872,5.847499],[9.588127,6.502731],[9.769822,6.773722],[10.119465,6.994406],[10.238424,6.871003],[10.495979,6.874672],[10.602536,7.058072],[10.831876,6.94521],[11.055945,6.700367],[11.097079,6.449117],[11.319495,6.437283],[11.509767,6.612311],[11.623249,6.932291],[11.881321,7.102048],[11.780242,7.241058],[12.024981,7.596592],[12.197787,7.975173],[12.249981,8.418764],[12.377001,8.59511],[12.660395,8.659318],[12.805709,8.831503],[12.862036,9.382891],[13.195453,9.542209],[13.247956,10.079412],[13.434921,10.153412],[13.566283,10.679013],[13.75485,11.016719],[13.98233,11.276264],[14.165471,11.238333],[14.593765,11.496431],[14.546533,11.718614],[14.669936,12.167424],[14.51439,12.323538],[14.179837,12.385602],[14.064908,13.077988],[13.607314,13.7041],[13.35999,13.714409],[13.228112,13.548037],[12.883844,13.495999],[12.561073,13.242759],[12.472706,13.064165],[12.057641,13.116772],[11.852795,13.245394],[11.440004,13.364431],[10.674986,13.375102],[10.161529,13.267202],[9.930122,13.145969],[9.640734,12.822526],[9.269387,12.809788],[8.679346,12.923579],[8.077522,13.310016],[7.755578,13.327146],[7.391982,13.112534],[6.906637,13.006856],[6.368944,13.626275],[6.12038,13.654077],[5.554317,13.873418],[5.273507,13.752521],[4.856892,13.774096],[4.506732,13.694669],[4.125774,13.472977],[4.088773,12.996236],[3.929093,12.750386],[3.6457,12.528539],[3.5964,11.695773]]]},"properties":{"name":"Nigeria","ISO3166-1-Alpha-3":"NGA","ISO3166-1-Alpha-2":"NG"}},
{"type":"Feature","geometry":{"type":"Polygon","coordinates":[[[3.5964,11.695773],[2.844301,12.399244],[2.36123,12.218894],[2.390169,11.896536],[2.291054,11.674792],[2.010761,11.426901],[1.601587,11.388686],[1.433845,11.459405],[1.130608,11.247583],[0.901474,10.992741],[0.781275,10.693044],[0.768769,10.367094],[1.331009,9.996471],[1.425267,9.284499],[1.601173,9.049526],[1.621327,7.996567],[1.625668,6.996783],[1.566033,6.678146],[1.782351,6.277267],[1.61964,6.213894],[1.884532,6.274807],[2.703841,6.368352],[2.778569,6.698765],[2.773918,7.050785],[2.672219,7.889597],[2.734954,8.211903],[2.722862,8.772308],[2.769164,9.057045],[3.091315,9.126421],[3.128625,9.429581],[3.513098,9.846609],[3.837419,10.599897],[3.731276,10.825025],[3.722077,11.112346],[3.483332,11.392303],[3.5964,11.695773]]]},"properties":{"name":"Benin","ISO3166-1-Alpha-3":"BEN","ISO3166-1-Alpha-2":"BJ"}},
{"type":"Feature","geometry":{"type":"MultiPolygon","coordinates":[[[[13.073703,-4.635323],[12.761681,-4.391204],[12.608098,-4.565043],[12.377621,-4.619407],[12.009608,-5.019631],[12.232188,-5.479587],[12.210541,-5.763442],[12.508983,-5.726264],[12.530687,-5.162681],[12.833201,-4.722656],[13.073703,-4.635323]]],[[[23.967457,-10.872307],[23.833718,-11.028473],[23.494824,-10.964291],[23.014336,-11.102474],[22.53757,-11.037155],[22.281771,-11.236729],[22.165499,-10.85236],[22.322389,-10.742186],[22.313397,-10.368565],[22.159918,-9.931486],[21.854097,-9.61781],[21.859885,-8.846384],[21.935953,-8.413025],[21.758496,-8.015117],[21.854097,-7.585996],[21.784954,-7.283379],[20.520535,-7.286376],[20.611486,-6.915959],[20.294296,-7.001949],[19.521836,-7.001949],[19.355542,-8.001991],[18.176596,-7.999201],[18.098151,-8.109271],[17.536531,-8.015117],[16.996099,-7.297951],[16.926956,-6.888571],[16.730792,-6.56983],[16.726762,-6.189182],[16.597364,-5.924702],[16.315727,-5.854629],[14.703733,-5.881397],[13.183849,-5.856459],[12.927569,-5.981218],[12.279447,-6.147705],[12.620425,-6.734823],[12.815196,-6.946954],[12.849963,-7.265919],[13.369395,-8.3235],[13.380138,-8.75506],[13.212169,-8.814874],[12.996349,-9.093845],[13.170665,-9.40252],[13.198578,-9.708673],[13.75294,-10.646173],[13.846528,-11.113702],[13.794607,-11.770196],[13.639822,-12.248712],[13.364024,-12.592706],[13.178559,-12.601739],[12.939464,-12.816664],[12.944835,-12.982354],[12.512706,-13.442071],[12.502452,-13.855239],[12.328787,-14.092218],[12.272716,-14.750584],[12.056407,-15.233087],[11.992035,-15.617283],[11.736618,-15.900203],[11.821951,-16.479099],[11.766124,-17.252699],[12.095261,-17.139676],[12.554561,-17.235588],[12.887151,-17.029812],[13.363711,-16.964183],[13.942745,-17.408187],[15.057199,-17.388343],[16.339808,-17.388653],[18.453581,-17.389893],[18.761986,-17.747701],[19.020575,-17.822322],[19.672628,-17.842682],[20.03426,-17.895909],[20.336154,-17.854878],[20.806202,-18.031405],[21.216617,-17.930636],[21.381154,-18.012595],[23.381652,-17.641144],[22.755851,-17.154869],[22.333654,-16.673658],[22.15165,-16.597694],[21.983805,-16.165886],[21.980808,-14.357624],[21.979878,-13.001479],[24.000633,-13.001479],[23.865654,-12.789709],[24.030812,-12.385083],[23.959602,-12.19667],[23.959912,-11.617171],[24.061094,-11.394962],[23.967457,-10.872307]]]]},"properties":{"name":"Angola","ISO3166-1-Alpha-3":"AGO","ISO3166-1-Alpha-2":"AO"}},
{"type":"Feature","geometry":{"type":"MultiPolygon","coordinates":[[[[16.515302,46.501711],[15.661297,46.21532],[15.666051,45.831674],[15.248919,45.711836],[15.314031,45.450509],[14.668489,45.533966],[13.889002,45.423637],[13.589529,45.488837],[13.643809,45.070502],[13.972667,44.826646],[14.329763,45.35399],[14.827403,45.113959],[14.901378,44.690172],[15.307953,44.354397],[15.144542,44.195461],[15.466075,43.921698],[15.931163,43.6765],[16.098481,43.480048],[16.433849,43.54975],[16.880626,43.405951],[17.580658,42.942084],[17.084569,43.513237],[16.215785,44.208155],[16.116463,44.52147],[15.717314,44.786466],[15.780049,45.160294],[15.997504,45.218533],[16.340635,45.005936],[16.481919,45.199516],[16.93264,45.278788],[17.187095,45.148563],[17.835738,45.064434],[18.237884,45.157451],[18.616672,45.097662],[19.015821,44.865635],[19.28975,45.23631],[18.975527,45.39113],[19.018095,45.567401],[18.901306,45.931203],[18.411723,45.743204],[17.889791,45.792141],[17.345328,45.955697],[16.837659,46.381873],[16.515302,46.501711]]],[[[18.437355,42.559212],[17.653331,42.890937],[18.21754,42.620103],[18.49643,42.416327],[18.437355,42.559212]]]]},"properties":{"name":"Croatia","ISO3166-1-Alpha-3":"HRV","ISO3166-1-Alpha-2":"HR"}},
{"type":"Feature","geometry":{"type":"Polygon","coordinates":[[[13.589529,45.488837],[13.889002,45.423637],[14.668489,45.533966],[15.314031,45.450509],[15.248919,45.711836],[15.666051,45.831674],[15.661297,46.21532],[16.515302,46.501711],[16.272009,46.863962],[16.094035,46.862774],[15.970529,46.743014],[15.462653,46.614649],[15.061954,46.649557],[14.502194,46.418356],[13.700951,46.519746],[13.365261,46.290302],[13.622817,45.966394],[13.581269,45.809246],[13.778724,45.743411],[13.711762,45.593207],[13.589529,45.488837]]]},"properties":{"name":"Slovenia","ISO3166-1-Alpha-3":"SVN","ISO3166-1-Alpha-2":"SI"}},
{"type":"Feature","geometry":{"type":"Polygon","coordinates":[[[50.807872,24.746649],[50.978883,24.567726],[51.215258,24.62585],[51.443614,24.679755],[51.616547,25.137193],[51.471934,25.521389],[51.577485,25.880845],[51.251231,26.160102],[51.047374,26.053046],[50.750987,25.419623],[50.807872,24.746649]]]},"properties":{"name":"Qatar","ISO3166-1-Alpha-3":"QAT","ISO3166-1-Alpha-2":"QA"}},
{"type":"Feature","geometry":{"type":"Polygon","coordinates":[[[50.807872,24.746649],[50.562185,25.054836],[50.462901,25.446926],[50.23406,25.61518],[50.101329,25.989488],[50.215994,26.215074],[50.03061,26.494615],[49.942149,26.858344],[49.699474,26.958238],[49.516449,27.188381],[49.088878,27.551093],[48.873302,27.612494],[48.87794,27.836819],[48.606456,28.126451],[48.432781,28.54048],[47.668129,28.533505],[47.434086,28.994588],[46.532436,29.095745],[46.357459,29.063137],[44.691825,29.201836],[42.858707,30.494677],[42.075395,31.079861],[40.424126,31.920533],[39.146375,32.118144],[38.963337,31.994379],[36.959532,31.490999],[37.981071,30.499483],[37.634529,30.312776],[37.470198,29.994553],[36.756237,29.865517],[36.477081,29.494609],[36.016437,29.189951],[34.949385,29.351686],[34.77847,28.6645],[34.803775,28.527133],[34.62672,28.160549],[35.051931,28.119574],[35.322765,27.876288],[35.559581,27.455634],[36.229828,26.625556],[36.663422,25.855658],[36.93629,25.646145],[37.230479,25.193671],[37.279959,24.964097],[37.148611,24.85102],[37.456669,24.441249],[38.079135,24.070388],[38.452647,23.784003],[38.600175,23.568249],[38.81422,22.982733],[39.142751,22.390611],[39.040375,22.235785],[38.978554,21.862074],[39.171072,21.40412],[39.08074,21.315009],[39.296886,20.927965],[39.506033,20.746405],[39.646495,20.461575],[39.923188,20.263577],[40.067638,20.286526],[40.522634,19.97248],[40.955903,19.343329],[41.210216,18.697943],[41.719249,17.909247],[42.301524,17.453599],[42.339122,17.17357],[42.737315,16.671129],[42.78948,16.370958],[43.036267,16.536304],[43.208608,16.773396],[43.108717,16.926978],[43.165044,17.32592],[43.391025,17.511955],[43.750642,17.345661],[44.404142,17.418731],[45.165387,17.428395],[45.430384,17.312019],[46.322629,17.224066],[46.710099,17.275381],[46.970342,16.956847],[47.190897,16.958914],[47.427575,17.091826],[47.589012,17.463276],[48.161949,18.148919],[49.128815,18.612095],[51.01981,18.866576],[51.978615,18.995638],[53.630039,19.545992],[54.97838,19.995421],[55.637565,21.97897],[55.186843,22.703577],[55.105297,22.620946],[54.134297,22.740319],[52.583074,22.931108],[52.538477,22.95475],[51.593522,24.078325],[51.569347,24.256171],[51.306407,24.405992],[51.215258,24.62585],[50.978883,24.567726],[50.807872,24.746649]]]},"properties":{"name":"Saudi Arabia","ISO3166-1-Alpha-3":"SAU","ISO3166-1-Alpha-2":"SA"}},
{"type":"Feature","geometry":{"type":"Polygon","coordinates":[[[25.259781,-17.794107],[24.958094,-17.800928],[24.577755,-18.044427],[24.421589,-17.956474],[24.183051,-18.029441],[23.645409,-18.466004],[23.311476,-18.009804],[22.981367,-18.020036],[21.475722,-18.299502],[20.975081,-18.319346],[20.977975,-19.87584],[20.97198,-22.000671],[19.978346,-22.000671],[19.98031,-23.720567],[19.981447,-24.752493],[20.364886,-25.0332],[20.79411,-25.893922],[20.841446,-26.131324],[20.622544,-26.427533],[20.608902,-26.686122],[21.122462,-26.865336],[21.687182,-26.855207],[21.767487,-26.704312],[22.057702,-26.617599],[22.257277,-26.340923],[22.545114,-26.207391],[22.719367,-25.984253],[22.844631,-25.481131],[23.006998,-25.310805],[23.45927,-25.282177],[23.924772,-25.629236],[24.79862,-25.829223],[25.051731,-25.737859],[25.386491,-25.743544],[25.587254,-25.61952],[25.876746,-24.886025],[25.868374,-24.748152],[26.404362,-24.632811],[26.531176,-24.458661],[26.84971,-24.248131],[27.00417,-23.645842],[27.937498,-22.963817],[28.338559,-22.584615],[28.912529,-22.453667],[29.047818,-22.220296],[29.350074,-22.186707],[29.021567,-21.982791],[29.038723,-21.797893],[28.629704,-21.651339],[27.990415,-21.551913],[27.884995,-21.310171],[27.674775,-21.090133],[27.698133,-20.509083],[27.340739,-20.473013],[27.214907,-20.110451],[26.730957,-19.935888],[26.13027,-19.501082],[25.956534,-19.122088],[25.940721,-18.921273],[25.761921,-18.630335],[25.508499,-18.399134],[25.226088,-17.931876],[25.259781,-17.794107]]]},"properties":{"name":"Botswana","ISO3166-1-Alpha-3":"BWA","ISO3166-1-Alpha-2":"BW"}},
{"type":"Feature","geometry":{"type":"Polygon","coordinates":[[[25.259781,-17.794107],[25.226088,-17.931876],[25.508499,-18.399134],[25.761921,-18.630335],[25.940721,-18.921273],[25.956534,-19.122088],[26.13027,-19.501082],[26.730957,-19.935888],[27.214907,-20.110451],[27.340739,-20.473013],[27.698133,-20.509083],[27.674775,-21.090133],[27.884995,-21.310171],[27.990415,-21.551913],[28.629704,-21.651339],[29.038723,-21.797893],[29.021567,-21.982791],[29.350074,-22.186707],[29.758886,-22.130896],[30.300765,-22.336982],[30.83789,-22.282308],[31.288922,-22.39734],[31.433822,-22.302048],[32.408543,-21.290327],[32.339814,-21.134058],[32.49722,-20.898103],[32.469108,-20.68685],[32.845209,-20.286668],[33.032795,-19.784166],[32.81627,-19.652081],[32.768831,-19.363623],[32.862262,-19.118057],[32.691058,-19.01429],[32.885207,-18.787844],[32.996414,-18.46714],[32.93709,-18.047114],[33.022459,-17.361471],[32.828776,-16.935141],[32.893372,-16.712415],[32.290463,-16.45176],[31.910279,-16.428919],[31.686107,-16.207227],[31.404574,-16.162268],[31.259983,-16.023465],[30.402568,-16.001244],[30.396263,-15.635995],[29.837331,-15.614808],[29.186311,-15.812832],[28.870981,-16.087234],[28.822509,-16.470776],[28.280113,-16.706524],[27.777301,-17.001183],[27.577314,-17.363125],[27.157081,-17.769302],[27.048457,-17.944278],[26.71194,-18.065821],[26.203031,-17.887227],[25.978548,-17.998952],[25.681409,-17.81147],[25.259781,-17.794107]]]},"properties":{"name":"Zimbabwe","ISO3166-1-Alpha-3":"ZWE","ISO3166-1-Alpha-2":"ZW"}},
{"type":"Feature","geometry":{"type":"Polygon","coordinates":[[[76.777351,35.646112],[76.56528,35.865461],[76.166027,35.806239],[75.894313,36.097384],[75.976582,36.462633],[75.790547,36.687839],[75.410518,36.747319],[75.351297,36.915784],[74.542354,37.021669],[74.094319,36.831241],[73.640083,36.896638],[72.565214,36.820596],[72.213607,36.726442],[71.736324,36.395919],[71.629147,36.459533],[71.170932,36.027001],[71.341567,35.947264],[71.59349,35.549356],[71.633694,35.203124],[71.459958,34.942674],[71.080601,34.672923],[70.970841,34.468879],[71.122046,34.356819],[71.046702,34.041877],[70.521979,33.938705],[70.002838,34.043789],[69.841091,33.941805],[70.108154,33.727296],[70.294448,33.318949],[69.880933,33.089248],[69.547517,33.075011],[69.429126,32.667361],[69.228001,32.421304],[69.29885,31.93769],[69.004036,31.651092],[68.675787,31.774702],[68.125743,31.811496],[67.346204,31.20776],[66.696993,31.195823],[66.550025,30.976973],[66.366264,30.922868],[66.267975,30.601389],[66.321822,30.437368],[66.195628,29.835338],[65.036371,29.540162],[64.477697,29.570367],[64.086093,29.386605],[63.568605,29.497477],[62.477509,29.407819],[60.844379,29.858179],[61.279184,29.40663],[61.653012,28.756334],[61.89279,28.5426],[62.362787,28.418887],[62.735684,27.994985],[62.814698,27.494964],[62.800642,27.225161],[63.251519,27.21896],[63.264851,26.890039],[63.141344,26.625404],[62.753564,26.644163],[62.291991,26.501226],[62.243415,26.350641],[61.857133,26.242379],[61.760085,25.837597],[61.66035,25.769178],[61.588227,25.202094],[61.881114,25.103013],[62.477179,25.259064],[63.500499,25.193671],[63.57252,25.364976],[64.066742,25.346259],[64.662771,25.229071],[64.807302,25.328518],[65.155284,25.296088],[65.395356,25.392279],[65.671641,25.347398],[66.251801,25.472886],[66.437022,25.597724],[66.71754,25.231187],[66.679698,24.830552],[67.176036,24.757717],[67.300304,24.186265],[67.631602,23.803453],[68.183035,23.842108],[68.431564,23.967143],[68.724466,23.965179],[68.725913,24.289216],[69.563071,24.276762],[69.972039,24.165219],[70.109705,24.3049],[70.562907,24.424092],[70.755453,24.231442],[70.917717,24.361718],[71.063858,24.682577],[70.859891,25.139449],[70.646623,25.431369],[70.657475,25.63363],[70.264579,25.697296],[70.064643,25.980327],[70.158074,26.530113],[69.815562,26.580291],[69.465093,26.80777],[69.575577,27.188419],[70.016894,27.60059],[70.090688,27.79355],[70.341939,28.01147],[70.633187,27.93163],[70.831573,27.701463],[71.31144,27.861711],[71.860864,27.950207],[71.89156,28.097097],[72.149942,28.353774],[72.382176,28.784006],[72.901524,29.022622],[73.232873,29.536596],[73.370332,29.927322],[73.944354,30.188288],[73.85175,30.372669],[74.329757,30.899614],[74.61191,31.440201],[74.489437,31.711192],[74.828641,32.025437],[75.294659,32.148892],[75.359048,32.261675],[75.023668,32.466262],[74.724978,32.46081],[74.649738,32.723146],[74.418951,32.784615],[74.322006,32.972045],[74.002335,33.177692],[74.141552,33.549374],[74.034581,33.828608],[73.998304,34.196803],[73.774856,34.370952],[73.962234,34.668169],[74.285832,34.768887],[75.348093,34.55722],[75.777111,34.503812],[76.023401,34.677161],[76.553187,34.72584],[76.921123,34.920712],[77.048971,35.110442],[76.777351,35.646112]]]},"properties":{"name":"Pakistan","ISO3166-1-Alpha-3":"PAK","ISO3166-1-Alpha-2":"PK"}},
{"type":"Feature","geometry":{"type":"Polygon","coordinates":[[[26.333359,41.713036],[26.623573,41.969041],[27.273353,42.091747],[27.533182,41.908063],[28.016775,41.972561],[27.511485,42.553046],[27.892263,42.710517],[27.885427,43.008612],[28.091563,43.363959],[28.459483,43.380683],[28.57838,43.741278],[28.221254,43.761981],[27.935845,43.964398],[27.383837,44.015092],[27.027476,44.177046],[26.150734,44.012405],[25.781144,43.732009],[25.35962,43.654287],[24.500137,43.799498],[24.159383,43.752938],[23.325151,43.886592],[22.919562,43.834225],[22.69164,44.228435],[22.399594,43.993336],[22.349467,43.807921],[22.518863,43.474247],[22.80453,43.328984],[22.935271,43.085562],[22.727015,42.886892],[22.506047,42.870123],[22.345023,42.313439],[22.531058,42.129109],[22.843701,42.014465],[23.009582,41.71637],[22.916978,41.335773],[23.612439,41.371016],[24.047348,41.525735],[24.530936,41.547543],[25.285722,41.239396],[26.120865,41.357787],[26.333359,41.713036]]]},"properties":{"name":"Bulgaria","ISO3166-1-Alpha-3":"BGR","ISO3166-1-Alpha-2":"BG"}},
{"type":"Feature","geometry":{"type":"Polygon","coordinates":[[[102.913585,11.645901],[102.9138,11.765536],[102.699963,12.138743],[102.765127,12.416349],[102.558628,12.63122],[102.473156,13.006132],[102.328203,13.27516],[102.332234,13.5646],[102.513205,13.567157],[103.085005,14.295821],[103.550247,14.42186],[103.870331,14.34326],[104.247466,14.401086],[104.461975,14.357109],[104.771672,14.439869],[105.184308,14.34574],[105.415973,14.428164],[105.58356,14.977588],[105.443775,15.133806],[105.563975,15.272531],[105.650998,15.634602],[105.447961,15.764879],[105.404915,16.018817],[105.042456,16.141445],[105.015481,16.276734],[104.754515,16.528915],[104.745317,17.024802],[104.816423,17.372791],[104.481198,17.640423],[104.000039,18.318444],[103.396768,18.441408],[103.260756,18.400196],[103.037927,17.990686],[102.595577,17.850074],[102.078503,18.213799],[101.729067,17.912189],[101.577551,17.868109],[101.132307,17.461674],[100.901934,17.561927],[101.008284,17.89524],[101.165173,18.053421],[101.145536,18.336246],[101.030298,18.427791],[101.240104,18.673642],[101.192872,19.452793],[100.874597,19.612912],[100.745509,19.485013],[100.46196,19.537103],[100.383516,19.763859],[100.543351,20.06658],[100.364395,20.368965],[100.099295,20.317805],[99.942044,20.444025],[99.295675,20.062497],[99.016829,20.041],[99.008768,19.845922],[98.532621,19.675854],[98.217911,19.707971],[97.839847,19.555319],[97.767086,19.397525],[97.810804,19.11222],[97.71913,18.864638],[97.75179,18.582484],[97.438114,18.488123],[97.754064,17.969034],[97.768947,17.67918],[97.982784,17.505444],[98.313306,17.052035],[98.524559,16.850445],[98.456657,16.723218],[98.631633,16.463131],[98.658711,16.116278],[98.54306,15.735371],[98.559906,15.355317],[98.283024,15.289972],[98.164995,15.125796],[98.243336,14.805118],[98.54771,14.377676],[98.945309,14.069142],[99.152531,13.714875],[99.190152,13.229504],[99.102095,13.171342],[99.21413,12.73465],[99.393757,12.589775],[99.466311,12.126031],[99.630022,11.815766],[99.243275,11.197664],[98.766715,10.688754],[98.747406,10.350531],[98.326915,9.203681],[98.382009,9.071926],[98.224132,8.735338],[98.277599,8.240709],[98.598888,8.374905],[99.292735,7.620673],[99.365896,7.336371],[99.692882,7.116116],[99.797211,6.821682],[100.127289,6.442288],[100.387391,6.522084],[100.805609,6.414803],[100.822145,6.259877],[101.081664,6.246467],[101.105435,5.637642],[101.248993,5.786986],[101.53466,5.906023],[101.800483,5.739909],[102.060002,6.094797],[102.07309,6.257514],[101.771658,6.500718],[101.566254,6.832221],[101.38521,6.90522],[100.997573,6.856675],[100.765147,6.98314],[100.611095,7.192613],[100.395518,7.21133],[100.185395,7.514228],[100.323497,7.6164],[100.22047,8.448717],[99.959239,8.637641],[99.853526,9.294664],[99.474783,9.200995],[99.181407,9.643256],[99.151622,10.357367],[99.511567,10.902411],[99.494151,11.114569],[99.855317,11.968411],[100.02003,12.192694],[99.960948,12.625393],[100.10434,13.057318],[99.967133,13.259019],[100.038829,13.402737],[100.289887,13.505032],[100.950694,13.468248],[100.837413,12.707913],[101.442882,12.624823],[101.830251,12.672797],[102.071951,12.488511],[102.295909,12.190009],[102.749685,12.040269],[102.913585,11.645901]]]},"properties":{"name":"Thailand","ISO3166-1-Alpha-3":"THA","ISO3166-1-Alpha-2":"TH"}},
{"type":"Feature","geometry":null,"properties":{"name":"San Marino","ISO3166-1-Alpha-3":"SMR","ISO3166-1-Alpha-2":"SM"}},
{"type":"Feature","geometry":{"type":"Polygon","coordinates":[[[-71.757436,19.71011],[-72.330434,19.752102],[-72.776031,19.943915],[-73.143707,19.920315],[-73.409495,19.635972],[-73.01887,19.600735],[-72.728342,19.425605],[-72.813547,19.052924],[-72.54955,18.785631],[-72.754994,18.429389],[-73.526682,18.523505],[-73.604726,18.498277],[-74.25593,18.670315],[-74.489166,18.429389],[-73.967763,18.141425],[-73.654164,18.252672],[-73.377268,18.258124],[-72.885894,18.141425],[-72.071767,18.237535],[-71.776235,18.039252],[-71.709339,18.31325],[-71.912169,18.430737],[-71.718848,18.784229],[-71.783702,18.996309],[-71.639111,19.21211],[-71.757436,19.71011]]]},"properties":{"name":"Haiti","ISO3166-1-Alpha-3":"HTI","ISO3166-1-Alpha-2":"HT"}},
{"type":"Feature","geometry":{"type":"Polygon","coordinates":[[[-71.757436,19.71011],[-71.639111,19.21211],[-71.783702,18.996309],[-71.718848,18.784229],[-71.912169,18.430737],[-71.709339,18.31325],[-71.776235,18.039252],[-71.417226,17.604804],[-71.061106,18.142076],[-70.703847,18.430121],[-70.552846,18.20425],[-70.15807,18.242621],[-69.883656,18.471015],[-69.525258,18.408433],[-69.236318,18.450507],[-68.849599,18.374823],[-68.742991,18.204535],[-68.444325,18.419501],[-68.356191,18.656562],[-68.739735,18.964423],[-69.608469,19.093451],[-69.602935,19.22899],[-69.867991,19.425279],[-69.897939,19.635972],[-70.30134,19.65766],[-71.000885,19.93769],[-71.212066,19.837104],[-71.64859,19.896715],[-71.757436,19.71011]]]},"properties":{"name":"Dominican Republic","ISO3166-1-Alpha-3":"DOM","ISO3166-1-Alpha-2":"DO"}},
{"type":"Feature","geometry":{"type":"Polygon","coordinates":[[[14.064908,13.077988],[14.418169,13.081141],[14.490619,12.886346],[14.830753,12.618249],[14.9031,12.145875],[15.04056,12.055648],[15.135644,11.530822],[15.021233,11.182549],[15.065881,10.793115],[15.301422,10.311749],[15.536137,10.080523],[15.382968,9.930196],[15.214916,9.984095],[14.732465,9.923814],[14.181697,9.978178],[13.947603,9.637759],[14.349542,9.168356],[15.031258,8.658749],[15.183703,8.479148],[15.440742,7.839419],[15.481049,7.523263],[15.793899,7.457996],[16.370814,7.672504],[16.548685,7.870012],[16.768619,7.550238],[17.101932,7.677724],[17.250864,7.822831],[17.679778,7.985198],[18.589283,8.047882],[19.124135,8.675079],[18.892727,8.897933],[19.10057,9.015265],[19.889463,9.046374],[20.068676,9.138126],[20.359408,9.116421],[20.496144,9.270882],[20.82615,9.418083],[21.256924,9.975749],[21.65628,10.233666],[21.751054,10.41182],[21.722632,10.636716],[22.176351,10.816214],[22.460468,11.000828],[22.861064,10.919154],[22.956459,11.2088],[22.914808,11.396101],[22.628107,11.509841],[22.537053,11.68089],[22.592863,11.988933],[22.372825,12.463116],[22.445689,12.611066],[22.204877,12.743358],[21.935953,12.63954],[21.809449,12.793665],[21.935126,13.059152],[22.267612,13.334562],[22.073722,13.771357],[22.243531,13.975427],[22.531472,14.122627],[22.441038,14.249855],[22.465429,14.629289],[22.666347,14.681741],[22.738901,14.97981],[22.965657,15.223904],[22.92566,15.563935],[23.094642,15.704262],[23.592699,15.749014],[23.984406,15.72116],[23.982753,17.870228],[23.981306,19.496124],[23.240162,19.862096],[21.634472,20.654968],[20.522809,21.203926],[19.164132,21.874893],[17.434832,22.728795],[15.985101,23.44472],[14.979909,22.995664],[15.172024,21.993387],[15.180396,21.507267],[15.60931,20.95066],[15.544198,20.79899],[15.953992,20.374571],[15.736021,19.903541],[15.583162,18.173879],[15.452421,16.876232],[14.368973,15.749634],[13.833915,15.019601],[13.764358,14.719077],[13.449184,14.380131],[13.607314,13.7041],[14.064908,13.077988]]]},"properties":{"name":"Chad","ISO3166-1-Alpha-3":"TCD","ISO3166-1-Alpha-2":"TD"}},
{"type":"Feature","geometry":{"type":"Polygon","coordinates":[[[47.948009,29.994045],[47.674175,30.098216],[47.358225,30.092118],[47.110488,29.960911],[46.85345,29.44456],[46.532436,29.095745],[47.434086,28.994588],[47.668129,28.533505],[48.432781,28.54048],[48.158458,29.017279],[48.092073,29.287233],[47.726999,29.361926],[47.965531,29.576298],[47.948009,29.994045]]]},"properties":{"name":"Kuwait","ISO3166-1-Alpha-3":"KWT","ISO3166-1-Alpha-2":"KW"}},
{"type":"Feature","geometry":{"type":"Polygon","coordinates":[[[-90.098307,13.731404],[-89.808048,13.526858],[-89.251454,13.472317],[-88.785675,13.245266],[-87.928212,13.158637],[-87.817169,13.406562],[-87.712626,13.800451],[-88.087538,13.980543],[-88.488005,13.865331],[-89.026603,14.311298],[-89.361621,14.415478],[-89.530939,14.225567],[-90.099044,13.858509],[-90.098307,13.731404]]]},"properties":{"name":"El Salvador","ISO3166-1-Alpha-3":"SLV","ISO3166-1-Alpha-2":"SV"}},
{"type":"Feature","geometry":{"type":"Polygon","coordinates":[[[-89.361621,14.415478],[-89.144502,14.708302],[-89.172769,15.04221],[-88.973427,15.140395],[-88.220937,15.725653],[-88.447906,15.85871],[-88.625966,15.753892],[-88.913971,15.893948],[-89.236512,15.893915],[-89.149205,17.036271],[-89.160496,17.814314],[-90.990901,17.801964],[-90.991986,17.25192],[-91.290418,17.189081],[-91.066866,16.918193],[-90.73531,16.746576],[-90.648183,16.529586],[-90.398793,16.347582],[-90.485738,16.0707],[-91.723776,16.068788],[-92.204651,15.289507],[-92.161734,14.702334],[-92.246257,14.546279],[-91.762558,14.180174],[-91.316461,13.955679],[-90.707278,13.928889],[-90.098307,13.731404],[-90.099044,13.858509],[-89.530939,14.225567],[-89.361621,14.415478]]]},"properties":{"name":"Guatemala","ISO3166-1-Alpha-3":"GTM","ISO3166-1-Alpha-2":"GT"}},
{"type":"Feature","geometry":{"type":"MultiPolygon","coordinates":[[[[124.450531,-9.18019],[124.03004,-9.341974],[124.310066,-9.488722],[124.450531,-9.18019]]],[[[124.919507,-8.962016],[125.061615,-9.485772],[125.609386,-9.186212],[125.947113,-9.125746],[126.165863,-8.988377],[126.430186,-8.954685],[126.583263,-8.805841],[127.009288,-8.67669],[127.303233,-8.432306],[126.967052,-8.309015],[126.548839,-8.486749],[126.411632,-8.419122],[126.069102,-8.52158],[125.897716,-8.481134],[125.144298,-8.631443],[124.919507,-8.962016]]]]},"properties":{"name":"East Timor","ISO3166-1-Alpha-3":"TLS","ISO3166-1-Alpha-2":"TL"}},
{"type":"Feature","geometry":{"type":"MultiPolygon","coordinates":[[[[115.146169,4.908515],[115.029778,4.820642],[115.113004,4.382369],[115.324361,4.314596],[115.272684,4.636772],[115.146169,4.908515]]],[[[114.9817,4.889065],[114.928396,5.000556],[114.529307,4.693793],[114.25172,4.592678],[113.99879,4.601142],[114.245564,4.481433],[114.586628,4.021435],[114.766875,4.131816],[114.836432,4.357229],[114.751786,4.738523],[114.9817,4.889065]]]]},"properties":{"name":"Brunei","ISO3166-1-Alpha-3":"BRN","ISO3166-1-Alpha-2":"BN"}},
{"type":"Feature","geometry":null,"properties":{"name":"Monaco","ISO3166-1-Alpha-3":"MCO","ISO3166-1-Alpha-2":"MC"}},
{"type":"Feature","geometry":{"type":"Polygon","coordinates":[[[-4.821613,24.995065],[-3.448544,24.106023],[-2.523226,23.500996],[-0.96358,22.481265],[-0.010408,21.85815],[1.146524,21.101711],[1.145284,20.795889],[1.643961,20.522676],[1.778113,20.304291],[2.18243,20.278505],[2.400401,20.056555],[2.946001,19.941652],[3.216785,19.794064],[3.25823,19.410393],[3.102684,19.153561],[3.308356,18.981685],[4.22861,19.142244],[5.749344,19.433699],[5.837607,19.478631],[7.482726,20.872577],[8.634491,21.551502],[9.723313,22.193427],[11.084367,22.995755],[11.968861,23.517351],[11.567128,24.26684],[10.720668,24.552301],[10.450194,24.476931],[10.260335,24.576641],[10.032028,24.856339],[9.9695,25.395402],[9.401162,26.113394],[9.482604,26.352553],[9.835761,26.504223],[9.910588,26.843117],[9.721349,27.291875],[9.93591,27.866724],[9.776953,28.267578],[9.851264,28.785996],[9.826149,29.128533],[9.667709,29.608323],[9.286544,30.117129],[9.519708,30.228905],[9.045008,32.071842],[8.319574,32.560598],[8.282884,32.836369],[8.086824,33.094286],[7.75072,33.207664],[7.479832,33.893901],[7.517453,34.095026],[7.831542,34.414386],[8.236479,34.647654],[8.313683,35.103078],[8.323605,35.652192],[8.24144,35.827737],[8.444011,36.796205],[8.60251,36.939511],[8.233165,36.958075],[7.908458,36.849555],[7.383474,37.082994],[6.909434,36.893052],[6.338715,37.069281],[6.197032,36.90233],[5.576182,36.761379],[5.304373,36.643012],[4.78712,36.895413],[3.827485,36.912909],[3.460704,36.775092],[2.933116,36.80858],[2.632986,36.605129],[2.309825,36.63052],[1.04477,36.486884],[0.127289,36.050767],[-0.123891,35.786933],[-0.348541,35.90705],[-0.682607,35.717353],[-0.825022,35.768541],[-1.190338,35.566148],[-1.26773,35.390326],[-1.761138,35.129625],[-2.222564,35.089301],[-1.787716,34.756691],[-1.871121,34.596649],[-1.674751,34.105956],[-1.718728,33.898087],[-1.612739,33.521469],[-1.674234,33.237972],[-1.499516,33.060205],[-1.423345,32.742395],[-1.047502,32.517009],[-1.217983,32.392623],[-1.249557,32.08166],[-2.516147,32.1322],[-2.938731,32.048639],[-2.827836,31.794586],[-3.659507,31.647821],[-3.673484,31.389234],[-3.814982,31.220524],[-3.554674,30.955927],[-3.645529,30.711317],[-4.372368,30.508641],[-4.623966,30.284999],[-4.875564,30.180166],[-5.273927,29.886635],[-5.539503,29.523216],[-5.756156,29.614071],[-6.699649,29.516227],[-7.146934,29.509238],[-7.34961,29.383439],[-7.619453,29.389422],[-8.383489,28.905782],[-8.682385,28.6659],[-8.682385,27.661439],[-8.682385,27.285416],[-7.297043,26.470737],[-6.139905,25.79021],[-4.821613,24.995065]]]},"properties":{"name":"Algeria","ISO3166-1-Alpha-3":"DZA","ISO3166-1-Alpha-2":"DZ"}},
{"type":"Feature","geometry":{"type":"Polygon","coordinates":[[[32.113884,-26.840014],[32.893077,-26.846124],[32.929454,-26.266046],[32.680837,-26.188165],[32.591482,-25.969008],[32.872732,-25.543878],[33.153087,-25.365818],[33.729177,-25.105076],[34.648936,-24.812758],[35.106456,-24.597914],[35.4935,-24.110528],[35.394786,-23.841892],[35.520763,-22.907647],[35.496837,-22.141534],[35.335785,-22.089125],[35.271007,-21.644138],[35.057953,-21.137628],[35.120128,-20.966404],[34.993337,-20.730157],[34.742442,-20.550226],[34.679942,-20.346938],[34.880056,-19.863377],[35.339854,-19.520685],[35.662283,-19.132989],[36.108572,-18.805922],[36.244314,-18.883233],[36.552013,-18.486017],[36.88738,-18.18906],[37.086436,-17.869073],[37.36085,-17.649998],[37.908865,-17.355157],[38.59547,-17.094415],[39.090505,-16.983819],[39.204356,-16.81699],[39.698253,-16.532159],[39.813324,-16.276951],[39.992361,-16.222426],[40.164561,-15.915623],[40.573253,-15.504978],[40.681651,-15.233005],[40.670909,-14.976658],[40.83546,-14.802341],[40.84254,-14.464451],[40.60963,-14.138604],[40.542654,-13.658868],[40.560069,-12.813897],[40.480317,-12.484308],[40.536876,-11.99684],[40.429454,-11.641534],[40.496104,-10.955743],[40.602061,-10.820489],[40.43686,-10.474786],[40.008131,-10.811122],[39.482685,-10.999224],[39.286625,-11.15415],[38.896261,-11.167689],[38.492255,-11.413462],[38.25661,-11.27714],[37.875238,-11.319101],[37.783667,-11.55888],[37.427824,-11.722591],[37.044384,-11.595674],[36.747038,-11.66647],[36.199681,-11.701507],[36.168055,-11.578724],[35.826371,-11.413462],[35.654805,-11.57831],[34.964615,-11.573556],[34.651249,-11.570042],[34.354006,-12.199461],[34.494463,-12.68739],[34.545312,-13.325749],[34.640603,-13.492354],[34.894438,-13.534728],[35.455748,-14.136965],[35.853036,-14.667476],[35.904299,-14.886894],[35.784513,-15.195195],[35.84053,-15.417197],[35.795675,-16.004965],[35.697593,-16.107491],[35.374616,-16.140977],[35.214419,-16.484212],[35.304956,-17.104226],[35.0813,-17.12407],[35.004509,-16.814631],[34.385219,-16.186453],[34.233186,-15.88983],[34.569083,-15.27116],[34.584173,-14.984459],[34.501801,-14.575698],[34.344084,-14.387389],[33.604233,-14.524022],[33.439178,-14.380671],[33.202707,-14.013872],[31.658408,-14.519578],[31.410878,-14.633576],[30.815772,-14.768245],[30.214465,-14.981462],[30.369185,-15.374719],[30.396263,-15.635995],[30.402568,-16.001244],[31.259983,-16.023465],[31.404574,-16.162268],[31.686107,-16.207227],[31.910279,-16.428919],[32.290463,-16.45176],[32.893372,-16.712415],[32.828776,-16.935141],[33.022459,-17.361471],[32.93709,-18.047114],[32.996414,-18.46714],[32.885207,-18.787844],[32.691058,-19.01429],[32.862262,-19.118057],[32.768831,-19.363623],[32.81627,-19.652081],[33.032795,-19.784166],[32.845209,-20.286668],[32.469108,-20.68685],[32.49722,-20.898103],[32.339814,-21.134058],[32.408543,-21.290327],[31.433822,-22.302048],[31.288922,-22.39734],[31.536349,-23.156983],[31.521466,-23.415572],[31.741194,-23.836787],[31.986554,-24.423108],[31.991618,-25.650216],[31.949243,-25.958104],[32.113884,-26.840014]]]},"properties":{"name":"Mozambique","ISO3166-1-Alpha-3":"MOZ","ISO3166-1-Alpha-2":"MZ"}},
{"type":"Feature","geometry":{"type":"Polygon","coordinates":[[[31.949243,-25.958104],[31.834573,-25.982082],[31.426898,-25.743647],[31.119836,-25.910045],[30.804559,-26.397457],[30.785697,-26.716921],[31.157043,-27.205573],[31.52653,-27.31089],[31.96826,-27.316264],[31.992238,-26.838257],[32.113884,-26.840014],[31.949243,-25.958104]]]},"properties":{"name":"eSwatini","ISO3166-1-Alpha-3":"SWZ","ISO3166-1-Alpha-2":"SZ"}},
{"type":"Feature","geometry":{"type":"Polygon","coordinates":[[[30.5546,-2.400628],[30.37859,-2.303062],[30.139121,-2.430807],[29.931692,-2.316912],[29.90327,-2.649088],[29.697546,-2.808251],[29.339687,-2.826441],[29.306614,-2.660147],[29.015365,-2.720711],[29.234629,-3.046583],[29.215043,-3.899864],[29.33948,-4.093237],[29.404179,-4.449805],[29.728293,-4.461587],[30.003005,-4.271935],[30.46892,-3.513014],[30.832205,-3.172777],[30.718879,-2.989532],[30.415797,-2.851659],[30.416003,-2.645574],[30.5546,-2.400628]]]},"properties":{"name":"Burundi","ISO3166-1-Alpha-3":"BDI","ISO3166-1-Alpha-2":"BI"}},
{"type":"Feature","geometry":{"type":"Polygon","coordinates":[[[29.015365,-2.720711],[29.306614,-2.660147],[29.339687,-2.826441],[29.697546,-2.808251],[29.90327,-2.649088],[29.931692,-2.316912],[30.139121,-2.430807],[30.37859,-2.303062],[30.5546,-2.400628],[30.834376,-2.345334],[30.831017,-1.594165],[30.555323,-1.31842],[30.471786,-1.066837],[30.352752,-1.060761],[30.147183,-1.345085],[29.897896,-1.469625],[29.836091,-1.329478],[29.577915,-1.38839],[29.358497,-1.509933],[29.149311,-1.799321],[29.150551,-2.15041],[28.858838,-2.418198],[29.015365,-2.720711]]]},"properties":{"name":"Rwanda","ISO3166-1-Alpha-3":"RWA","ISO3166-1-Alpha-2":"RW"}},
{"type":"Feature","geometry":{"type":"Polygon","coordinates":[[[92.575879,21.977574],[92.590245,21.495537],[92.322664,21.461895],[92.183654,21.317201],[92.265147,21.061103],[92.381114,20.700141],[92.772146,20.201483],[93.148123,19.99433],[93.374848,20.088528],[93.60141,19.783433],[93.987315,19.386705],[93.796886,19.235175],[93.750255,18.970404],[94.133556,18.846503],[94.480968,18.094224],[94.447439,17.973334],[94.595225,17.615465],[94.57252,17.311103],[94.378917,16.886949],[94.215099,16.15766],[94.340017,15.996243],[94.562348,15.961859],[94.858653,15.78262],[95.396495,15.716376],[95.664724,15.949205],[95.755544,16.14525],[96.336436,16.439439],[96.615943,16.518005],[96.801036,16.737372],[97.068614,17.25137],[97.255445,16.697869],[97.54835,16.538153],[97.649913,16.28384],[97.582286,16.009101],[97.727061,15.843207],[97.79477,15.407904],[97.79477,14.880316],[98.108572,14.132636],[98.103282,13.700995],[98.244802,13.714057],[98.431651,13.478746],[98.691173,12.710435],[98.552013,12.279608],[98.720225,11.964301],[98.698009,11.388007],[98.759288,11.268948],[98.712413,10.924384],[98.459321,10.715399],[98.589854,10.04206],[98.747406,10.350531],[98.766715,10.688754],[99.243275,11.197664],[99.630022,11.815766],[99.466311,12.126031],[99.393757,12.589775],[99.21413,12.73465],[99.102095,13.171342],[99.190152,13.229504],[99.152531,13.714875],[98.945309,14.069142],[98.54771,14.377676],[98.243336,14.805118],[98.164995,15.125796],[98.283024,15.289972],[98.559906,15.355317],[98.54306,15.735371],[98.658711,16.116278],[98.631633,16.463131],[98.456657,16.723218],[98.524559,16.850445],[98.313306,17.052035],[97.982784,17.505444],[97.768947,17.67918],[97.754064,17.969034],[97.438114,18.488123],[97.75179,18.582484],[97.71913,18.864638],[97.810804,19.11222],[97.767086,19.397525],[97.839847,19.555319],[98.217911,19.707971],[98.532621,19.675854],[99.008768,19.845922],[99.016829,20.041],[99.295675,20.062497],[99.942044,20.444025],[100.099295,20.317805],[100.21133,20.697394],[100.515704,20.886478],[100.725407,21.311672],[101.159024,21.552691],[101.068693,21.762032],[100.621744,21.469078],[100.326517,21.524269],[99.95026,21.721156],[99.942406,22.045529],[99.166381,22.204641],[99.35779,22.495476],[99.307871,22.719596],[99.534627,22.949324],[99.21661,23.057379],[98.910686,23.297597],[98.857356,23.604348],[98.663259,23.969546],[98.503269,24.121268],[98.181531,24.118658],[97.889973,24.022617],[97.707658,24.125299],[97.536093,24.745028],[97.737527,25.090511],[98.332633,25.566968],[98.461307,25.794654],[98.692404,25.87899],[98.749248,26.771442],[98.672561,27.175603],[98.679279,27.577336],[98.400019,27.675728],[98.107117,27.973074],[98.118693,28.14079],[97.699597,28.48803],[97.527721,28.529526],[97.323496,28.217478],[97.222933,27.899719],[96.87019,27.61909],[96.758879,27.341743],[96.142586,27.25751],[95.392658,26.691757],[95.119082,26.604217],[95.046322,26.24796],[95.139546,26.029937],[95.008805,25.737138],[94.608003,25.394627],[94.550125,25.245282],[94.708565,25.02589],[94.289986,24.31676],[94.19025,23.995281],[93.997911,23.916965],[93.612404,24.009052],[93.456652,23.95996],[93.3749,23.129726],[93.079517,22.77272],[93.169021,22.246912],[92.853898,22.024135],[92.575879,21.977574]]]},"properties":{"name":"Myanmar","ISO3166-1-Alpha-3":"MMR","ISO3166-1-Alpha-2":"MM"}},
{"type":"Feature","geometry":{"type":"Polygon","coordinates":[[[92.575879,21.977574],[92.495883,22.695618],[92.378681,22.900438],[92.356874,23.289122],[92.150788,23.731653],[91.743681,23.272327],[91.795564,23.089496],[91.536562,22.981854],[91.300504,23.142309],[91.140824,23.6121],[91.216272,23.908387],[91.363033,24.099848],[91.596507,24.10499],[92.107587,24.405979],[92.233781,24.777533],[92.458056,24.953284],[92.001753,25.18296],[91.471036,25.133919],[91.235702,25.201925],[90.82198,25.142291],[90.364644,25.149991],[89.795015,25.374163],[89.830051,25.90798],[89.602882,26.055258],[89.351476,25.996864],[89.131593,26.133755],[89.043743,26.381078],[88.807995,26.233439],[88.656273,26.415133],[88.163796,26.140473],[88.074396,25.908135],[88.530286,25.500202],[88.772338,25.501959],[88.898635,25.169318],[88.43148,25.173038],[88.20245,24.9453],[88.02179,24.645603],[88.138785,24.49525],[88.475405,24.315468],[88.737508,24.287097],[88.540104,23.649953],[88.719421,23.468104],[88.685935,23.293308],[88.954704,23.183806],[88.842773,22.964568],[89.060395,22.129869],[89.104666,21.815863],[89.465831,21.781317],[90.024425,21.862454],[90.184825,21.800971],[90.613455,22.314887],[90.606619,22.465766],[90.406423,22.763088],[90.627208,23.086656],[90.954926,22.575832],[91.202743,22.54322],[91.456309,22.784817],[91.676036,22.534613],[91.855235,22.109198],[91.908702,21.781155],[92.022146,21.599351],[91.959727,21.423977],[92.052501,21.154771],[92.265147,21.061103],[92.183654,21.317201],[92.322664,21.461895],[92.590245,21.495537],[92.575879,21.977574]]]},"properties":{"name":"Bangladesh","ISO3166-1-Alpha-3":"BGD","ISO3166-1-Alpha-2":"BD"}},
{"type":"Feature","geometry":null,"properties":{"name":"Andorra","ISO3166-1-Alpha-3":"AND","ISO3166-1-Alpha-2":"AD"}},
{"type":"Feature","geometry":{"type":"Polygon","coordinates":[[[74.542354,37.021669],[74.487267,37.225946],[74.892307,37.231114],[74.660383,37.393972],[74.223924,37.403351],[73.798213,37.22853],[73.753462,37.428388],[73.276075,37.459472],[72.760964,37.187499],[72.657714,37.028826],[72.259806,36.967305],[71.836576,36.699156],[71.61106,36.704841],[71.431123,37.066989],[71.597727,37.89836],[71.255785,37.949881],[71.334384,38.280662],[70.974045,38.473673],[70.595773,38.338178],[70.482602,38.137363],[70.165205,37.889911],[70.283079,37.704831],[70.157867,37.541431],[69.528655,37.586027],[69.37838,37.437406],[69.323913,37.120991],[69.005483,37.305528],[68.307282,37.114221],[68.011125,36.930874],[67.780544,37.188868],[67.482371,37.277364],[67.236753,37.192408],[67.005915,37.384386],[66.519588,37.36418],[66.294434,37.331211],[65.668839,37.520553],[65.501407,37.242276],[65.063088,37.233232],[64.76016,37.092621],[64.778764,36.93847],[64.592005,36.621073],[64.605855,36.461083],[64.266134,36.152471],[63.342934,35.856262],[63.076646,35.6247],[63.080211,35.437063],[62.621066,35.222709],[62.219023,35.30627],[62.033815,35.423989],[61.538703,35.452307],[61.269676,35.618499],[61.108342,35.277951],[61.06545,34.814724],[60.714361,34.537428],[60.486778,34.094277],[60.511789,33.638387],[60.879622,33.548703],[60.5676,33.151285],[60.577522,32.994344],[60.830323,32.248885],[60.774926,32.027194],[60.855024,31.482731],[61.661176,31.38191],[61.826334,31.034593],[61.7852,30.831401],[60.844379,29.858179],[62.477509,29.407819],[63.568605,29.497477],[64.086093,29.386605],[64.477697,29.570367],[65.036371,29.540162],[66.195628,29.835338],[66.321822,30.437368],[66.267975,30.601389],[66.366264,30.922868],[66.550025,30.976973],[66.696993,31.195823],[67.346204,31.20776],[68.125743,31.811496],[68.675787,31.774702],[69.004036,31.651092],[69.29885,31.93769],[69.228001,32.421304],[69.429126,32.667361],[69.547517,33.075011],[69.880933,33.089248],[70.294448,33.318949],[70.108154,33.727296],[69.841091,33.941805],[70.002838,34.043789],[70.521979,33.938705],[71.046702,34.041877],[71.122046,34.356819],[70.970841,34.468879],[71.080601,34.672923],[71.459958,34.942674],[71.633694,35.203124],[71.59349,35.549356],[71.341567,35.947264],[71.170932,36.027001],[71.629147,36.459533],[71.736324,36.395919],[72.213607,36.726442],[72.565214,36.820596],[73.640083,36.896638],[74.094319,36.831241],[74.542354,37.021669]]]},"properties":{"name":"Afghanistan","ISO3166-1-Alpha-3":"AFG","ISO3166-1-Alpha-2":"AF"}},
{"type":"Feature","geometry":{"type":"Polygon","coordinates":[[[18.49643,42.416327],[19.365082,41.852362],[19.272033,42.180682],[19.605035,42.584844],[19.819596,42.466479],[20.064956,42.546758],[20.076325,42.773437],[20.345352,42.827439],[19.92915,43.113907],[19.618678,43.168245],[19.195345,43.532796],[18.911021,43.507268],[18.452754,42.993398],[18.538434,42.618304],[18.437355,42.559212],[18.49643,42.416327]]]},"properties":{"name":"Montenegro","ISO3166-1-Alpha-3":"MNE","ISO3166-1-Alpha-2":"ME"}},
{"type":"Feature","geometry":{"type":"Polygon","coordinates":[[[17.653331,42.890937],[18.437355,42.559212],[18.538434,42.618304],[18.452754,42.993398],[18.911021,43.507268],[19.195345,43.532796],[19.461685,43.762136],[19.275443,43.933263],[19.618885,44.035711],[19.177155,44.286962],[19.129922,44.518317],[19.368667,44.887132],[19.015821,44.865635],[18.616672,45.097662],[18.237884,45.157451],[17.835738,45.064434],[17.187095,45.148563],[16.93264,45.278788],[16.481919,45.199516],[16.340635,45.005936],[15.997504,45.218533],[15.780049,45.160294],[15.717314,44.786466],[16.116463,44.52147],[16.215785,44.208155],[17.084569,43.513237],[17.580658,42.942084],[17.653331,42.890937]]]},"properties":{"name":"Bosnia and Herzegovina","ISO3166-1-Alpha-3":"BIH","ISO3166-1-Alpha-2":"BA"}},
{"type":"Feature","geometry":{"type":"Polygon","coordinates":[[[30.471786,-1.066837],[30.828381,-1.002573],[32.357642,-1.002573],[33.904214,-1.002573],[33.894809,-0.662749],[33.953514,-0.154356],[33.893569,0.109814],[34.087976,0.367369],[34.132417,0.572834],[34.388009,0.815817],[34.507485,1.102518],[34.797907,1.231916],[34.778993,1.388547],[34.978671,1.675945],[34.923584,2.477318],[34.730107,2.85285],[34.434001,3.182029],[34.278868,3.709723],[33.977078,4.219692],[33.532609,3.774293],[33.19542,3.757059],[33.01724,3.87718],[32.756429,3.769022],[32.371801,3.731065],[31.943662,3.591255],[31.780985,3.815815],[31.505446,3.659855],[31.141489,3.785119],[30.944447,3.679286],[30.839543,3.490202],[30.91003,3.393412],[30.745079,3.036302],[30.85484,2.89321],[30.724925,2.440782],[30.87179,2.332055],[31.177559,2.30291],[31.242826,2.051168],[31.025837,1.778239],[30.681724,1.500349],[30.478274,1.238634],[30.238857,1.136004],[30.145116,0.90315],[29.928281,0.785018],[29.940477,0.498317],[29.711809,0.099582],[29.556004,-0.919478],[29.577915,-1.38839],[29.836091,-1.329478],[29.897896,-1.469625],[30.147183,-1.345085],[30.352752,-1.060761],[30.471786,-1.066837]]]},"properties":{"name":"Uganda","ISO3166-1-Alpha-3":"UGA","ISO3166-1-Alpha-2":"UG"}},
{"type":"Feature","geometry":null,"properties":{"name":"US Naval Base Guantanamo Bay","ISO3166-1-Alpha-3":"-99","ISO3166-1-Alpha-2":"-99"}},
{"type":"Feature","geometry":{"type":"MultiPolygon","coordinates":[[[[-75.095006,19.897226],[-74.812978,20.037258],[-74.267405,20.068305],[-74.605214,20.485745],[-74.998362,20.700751],[-75.783925,20.746405],[-75.578481,21.013373],[-75.821767,21.136868],[-76.11677,21.091498],[-76.387563,21.284329],[-76.653554,21.294135],[-77.507558,21.862454],[-77.664662,21.781155],[-77.895009,21.876939],[-78.065053,22.086982],[-78.78185,22.390611],[-79.341786,22.413153],[-79.700185,22.746894],[-80.024566,22.946682],[-80.279612,22.912014],[-80.622222,23.089545],[-81.184885,23.052069],[-81.272206,23.141995],[-82.033193,23.200507],[-82.57551,23.054023],[-83.207631,23.002672],[-83.369374,22.893988],[-84.021108,22.678656],[-84.391021,22.352769],[-84.42927,22.201728],[-84.305165,21.884508],[-83.993031,21.951361],[-83.925445,22.171536],[-83.415472,22.186093],[-83.08609,22.462795],[-82.632945,22.680185],[-81.877501,22.67973],[-81.683502,22.463595],[-82.118737,22.431828],[-81.824452,22.18891],[-81.197581,22.21247],[-80.992096,22.054267],[-80.437245,22.041205],[-80.269928,21.88703],[-79.24942,21.551947],[-78.76651,21.639716],[-78.563303,21.38345],[-78.49474,21.047919],[-78.065541,20.711656],[-77.314849,20.709052],[-77.113433,20.512437],[-77.181752,20.294867],[-77.401357,20.198065],[-77.737213,19.855699],[-76.524403,19.943915],[-76.248158,19.990627],[-75.232859,19.900051],[-75.160192,19.970648],[-75.137036,19.971551],[-75.095006,19.897226]]],[[[-82.568023,21.636542],[-82.690175,21.881822],[-82.989491,21.948432],[-83.073476,21.760565],[-82.835561,21.444729],[-82.568023,21.636542]]]]},"properties":{"name":"Cuba","ISO3166-1-Alpha-3":"CUB","ISO3166-1-Alpha-2":"CU"}},
{"type":"Feature","geometry":{"type":"Polygon","coordinates":[[[-89.361621,14.415478],[-89.026603,14.311298],[-88.488005,13.865331],[-88.087538,13.980543],[-87.712626,13.800451],[-87.817169,13.406562],[-87.622426,13.423],[-87.314036,12.981553],[-86.948409,13.069694],[-86.910789,13.239581],[-86.701861,13.314201],[-86.766198,13.74526],[-86.410096,13.749033],[-86.09673,14.044079],[-85.824162,13.847683],[-85.431732,14.132834],[-85.029637,14.588956],[-85.00199,14.740678],[-84.77017,14.805144],[-84.482694,14.619471],[-83.869475,14.777109],[-83.390306,15.03097],[-83.130444,14.997012],[-83.40803,15.266425],[-83.774526,15.285712],[-84.294638,15.81101],[-84.999949,15.987942],[-85.488578,15.869567],[-85.703196,15.976467],[-86.47057,15.804185],[-86.878733,15.764146],[-87.345082,15.850328],[-87.509633,15.798651],[-87.722157,15.922919],[-88.220937,15.725653],[-88.973427,15.140395],[-89.172769,15.04221],[-89.144502,14.708302],[-89.361621,14.415478]]]},"properties":{"name":"Honduras","ISO3166-1-Alpha-3":"HND","ISO3166-1-Alpha-2":"HN"}},
{"type":"Feature","geometry":{"type":"MultiPolygon","coordinates":[[[[-78.828684,1.434312],[-78.957753,1.163398],[-79.456532,1.072455],[-80.075836,0.816148],[-80.016957,0.558905],[-80.066459,0.05221],[-80.496464,-0.381374],[-80.421992,-0.5996],[-80.61632,-0.941408],[-80.91618,-1.065525],[-80.744256,-1.343773],[-80.849517,-1.615818],[-80.733022,-1.903985],[-80.744979,-2.102915],[-80.913645,-2.31878],[-80.656646,-2.415785],[-80.320546,-2.710626],[-80.17512,-2.586684],[-79.725087,-2.569757],[-79.953196,-3.197442],[-80.340729,-3.393498],[-80.165257,-3.890046],[-80.481078,-3.998773],[-80.488545,-4.395958],[-80.408498,-4.477503],[-80.079655,-4.309038],[-79.795745,-4.484738],[-79.507209,-4.531557],[-79.450572,-4.810196],[-79.303217,-4.961246],[-79.009281,-4.96011],[-78.853063,-4.652273],[-78.672661,-4.550987],[-78.682428,-4.326918],[-78.501767,-3.953711],[-78.362938,-3.488727],[-77.849016,-2.980644],[-76.684591,-2.57364],[-76.091242,-2.128913],[-75.560034,-1.502595],[-75.272042,-0.525703],[-75.434228,-0.403023],[-75.45526,-0.161178],[-75.283488,-0.107021],[-75.64667,0.085422],[-75.78971,0.084389],[-76.053467,0.363545],[-76.311591,0.458526],[-76.408019,0.254508],[-76.896826,0.245309],[-77.424391,0.408297],[-77.468057,0.650866],[-77.727887,0.843309],[-78.120007,0.921237],[-78.570057,1.195845],[-78.828684,1.434312]]],[[[-90.191965,-0.538263],[-90.487701,-0.525486],[-90.337066,-0.776951],[-90.191965,-0.538263]]],[[[-90.811431,-0.730645],[-90.96227,-0.44199],[-91.18456,-0.211033],[-91.209299,-0.010675],[-91.423329,-0.028578],[-91.351959,-0.307224],[-91.094228,-0.569431],[-91.435862,-0.778416],[-91.399729,-1.018487],[-90.9287,-0.97031],[-90.811431,-0.730645]]]]},"properties":{"name":"Ecuador","ISO3166-1-Alpha-3":"ECU","ISO3166-1-Alpha-2":"EC"}},
{"type":"Feature","geometry":{"type":"Polygon","coordinates":[[[-78.828684,1.434312],[-78.570057,1.195845],[-78.120007,0.921237],[-77.727887,0.843309],[-77.468057,0.650866],[-77.424391,0.408297],[-76.896826,0.245309],[-76.408019,0.254508],[-76.311591,0.458526],[-76.053467,0.363545],[-75.78971,0.084389],[-75.64667,0.085422],[-75.283488,-0.107021],[-75.141688,-0.043459],[-74.824653,-0.170479],[-74.412663,-0.573142],[-74.28913,-0.943042],[-73.63656,-1.255168],[-73.497163,-1.477997],[-73.530985,-1.673747],[-73.186252,-1.799631],[-73.111062,-2.073412],[-73.195295,-2.187204],[-72.943269,-2.419024],[-72.644321,-2.334068],[-72.396584,-2.446516],[-71.966274,-2.328487],[-71.76794,-2.142245],[-71.21986,-2.34151],[-70.874196,-2.229579],[-70.050629,-2.71513],[-70.734127,-3.782042],[-70.544294,-3.865241],[-70.311104,-3.829274],[-69.96495,-4.236484],[-69.771163,-3.234168],[-69.399454,-1.182717],[-69.628381,-0.733442],[-69.632076,-0.506893],[-69.944356,-0.305458],[-70.073806,-0.124901],[-70.054246,0.588131],[-69.619157,0.650659],[-69.137455,0.650142],[-69.204324,0.943664],[-69.370851,1.062985],[-69.852192,1.05942],[-69.848807,1.668892],[-69.580296,1.770229],[-69.352403,1.720206],[-68.163302,1.721291],[-67.790457,1.812578],[-67.59295,2.054811],[-67.340614,2.090106],[-67.117165,1.709793],[-67.098199,1.253361],[-66.875061,1.22251],[-67.066832,1.894123],[-67.325421,2.47463],[-67.626591,2.813421],[-67.838619,2.88613],[-67.304647,3.425709],[-67.471407,3.680061],[-67.631759,3.761865],[-67.865078,4.512077],[-67.793092,5.063335],[-67.843684,5.297249],[-67.647003,5.483362],[-67.601218,5.820576],[-67.428567,6.03847],[-67.573984,6.266234],[-68.635315,6.13588],[-69.061129,6.217839],[-69.246104,6.080664],[-69.443638,6.122237],[-70.096621,6.944435],[-70.319062,6.938286],[-70.703302,7.09993],[-71.184048,6.962574],[-71.654304,7.053369],[-71.832639,6.986448],[-72.080996,7.066598],[-72.206208,7.381876],[-72.451309,7.440219],[-72.487793,7.94918],[-72.335761,8.103899],[-72.386766,8.338614],[-72.67543,8.651514],[-72.783072,9.059939],[-73.009725,9.295377],[-73.377816,9.164687],[-72.977634,9.838057],[-72.907561,10.452464],[-72.481488,11.132526],[-72.256593,11.167795],[-71.97108,11.661925],[-71.327507,11.849998],[-71.113881,12.094387],[-71.242299,12.327704],[-71.656158,12.465318],[-71.905263,12.207668],[-72.138661,12.10456],[-72.263051,11.885972],[-72.759674,11.697089],[-73.292388,11.294013],[-73.826039,11.27676],[-74.187489,11.316962],[-74.218129,11.079088],[-74.362172,10.775702],[-74.502838,10.974311],[-74.844372,11.10967],[-75.035959,10.916693],[-75.509836,10.585842],[-75.515696,10.318996],[-75.657794,9.705232],[-75.620633,9.452853],[-75.909983,9.428168],[-76.168121,9.246975],[-76.256256,9.007392],[-76.673207,8.680406],[-76.893707,8.620347],[-76.77009,8.398017],[-76.832265,8.136542],[-77.052805,8.276313],[-77.373525,8.66474],[-77.480356,8.526199],[-77.2012,7.981995],[-77.339745,7.707231],[-77.579989,7.528379],[-77.820181,7.476547],[-77.895839,7.235098],[-77.65274,6.97663],[-77.531809,6.712063],[-77.343007,6.543769],[-77.41511,6.239081],[-77.246449,5.78734],[-77.490834,5.594794],[-77.359202,5.297309],[-77.319569,4.546617],[-77.425038,4.004584],[-77.151479,3.800442],[-77.204905,3.621243],[-77.647707,3.073853],[-77.751536,2.627265],[-78.086659,2.510565],[-78.432216,2.587028],[-78.703159,2.189805],[-78.57123,1.782207],[-78.846052,1.821585],[-78.99798,1.607937],[-78.828684,1.434312]]]},"properties":{"name":"Colombia","ISO3166-1-Alpha-3":"COL","ISO3166-1-Alpha-2":"CO"}},
{"type":"Feature","geometry":{"type":"Polygon","coordinates":[[[-62.650357,-22.234456],[-62.287227,-22.483949],[-61.956446,-23.034407],[-61.491849,-23.413195],[-61.109857,-23.606982],[-61.006349,-23.805471],[-60.328018,-24.017964],[-60.033669,-24.007009],[-59.459725,-24.358512],[-59.340973,-24.4876],[-58.809196,-24.776781],[-58.224064,-24.941216],[-57.754067,-25.180891],[-57.556921,-25.45984],[-58.086501,-26.12719],[-58.206184,-26.402728],[-58.247939,-26.758159],[-58.653289,-27.156274],[-58.510765,-27.278437],[-58.021958,-27.259834],[-57.180097,-27.487313],[-56.904351,-27.418687],[-56.54644,-27.455067],[-56.367537,-27.580641],[-56.124554,-27.298901],[-55.754732,-27.443698],[-55.414003,-26.979851],[-54.97527,-26.787821],[-54.706475,-26.441796],[-54.600203,-25.574945],[-54.26105,-24.32947],[-54.245289,-24.050624],[-54.612553,-23.811155],[-54.943644,-23.969182],[-55.398035,-23.97683],[-55.530533,-23.603468],[-55.535236,-23.229124],[-55.637814,-23.000714],[-55.631199,-22.626783],[-55.89294,-22.306803],[-56.196798,-22.279311],[-56.421797,-22.074465],[-56.842856,-22.289026],[-57.21379,-22.188154],[-57.843881,-22.143712],[-57.986818,-22.035295],[-57.855559,-21.330738],[-57.86021,-20.730258],[-58.158797,-20.165125],[-58.175282,-19.821373],[-59.089541,-19.286729],[-60.006384,-19.298097],[-61.761213,-19.657765],[-61.94425,-20.104146],[-62.277305,-20.579776],[-62.275703,-21.066568],[-62.650357,-22.234456]]]},"properties":{"name":"Paraguay","ISO3166-1-Alpha-3":"PRY","ISO3166-1-Alpha-2":"PY"}},
{"type":"Feature","geometry":{"type":"Polygon","coordinates":[[[-57.642466,-30.193092],[-57.602793,-30.190517],[-57.611698,-30.182963],[-57.642466,-30.193092]]]},"properties":{"name":"Brazilian Island","ISO3166-1-Alpha-3":"-99","ISO3166-1-Alpha-2":"-99"}},
{"type":"Feature","geometry":{"type":"Polygon","coordinates":[[[-7.414418,37.192816],[-7.529691,37.567165],[-7.268621,37.949235],[-7.023985,38.022564],[-7.35921,38.446362],[-7.27043,38.737507],[-6.973291,39.013951],[-7.167491,39.113479],[-7.313528,39.457438],[-7.557286,39.679801],[-7.035767,39.689258],[-6.879705,40.009187],[-7.043105,40.181373],[-6.857122,40.442132],[-6.818003,41.054136],[-6.205947,41.57028],[-6.55528,41.674899],[-6.656772,41.933075],[-7.145373,41.98749],[-7.251465,41.863699],[-7.72203,41.899252],[-8.048574,41.816389],[-8.222362,42.15363],[-8.750803,41.96898],[-8.880306,41.736862],[-8.6551,40.993801],[-8.868153,40.124823],[-9.090434,39.579275],[-9.352922,39.367934],[-9.491689,38.707587],[-9.252675,38.665484],[-9.200357,38.412481],[-8.905832,38.512397],[-8.774396,38.186949],[-8.797861,37.4896],[-8.878919,37.047209],[-8.62678,37.121161],[-7.78661,37.022691],[-7.414418,37.192816]]]},"properties":{"name":"Portugal","ISO3166-1-Alpha-3":"PRT","ISO3166-1-Alpha-2":"PT"}},
{"type":"Feature","geometry":{"type":"Polygon","coordinates":[[[26.617889,48.258968],[27.048044,48.122232],[27.272009,47.71497],[27.80655,47.144617],[28.037027,47.016459],[28.234121,46.662424],[28.246058,46.427865],[28.08612,46.000552],[28.199498,45.461774],[28.93196,45.993163],[28.945809,46.454788],[29.283256,46.397427],[29.72695,46.455796],[29.952621,46.724694],[29.558691,46.94574],[29.556573,47.324038],[29.117426,47.533327],[29.238608,47.756001],[29.123989,47.975987],[28.799255,48.111793],[28.199911,48.211735],[27.751773,48.451979],[27.175788,48.361804],[26.842785,48.39374],[26.617889,48.258968]]]},"properties":{"name":"Moldova","ISO3166-1-Alpha-3":"MDA","ISO3166-1-Alpha-2":"MD"}},
{"type":"Feature","geometry":{"type":"Polygon","coordinates":[[[61.269676,35.618499],[61.538703,35.452307],[62.033815,35.423989],[62.219023,35.30627],[62.621066,35.222709],[63.080211,35.437063],[63.076646,35.6247],[63.342934,35.856262],[64.266134,36.152471],[64.605855,36.461083],[64.592005,36.621073],[64.778764,36.93847],[64.76016,37.092621],[65.063088,37.233232],[65.501407,37.242276],[65.668839,37.520553],[66.294434,37.331211],[66.519588,37.36418],[66.554159,38.026853],[65.876681,38.272962],[65.60414,38.237409],[64.977718,38.61227],[64.634897,38.744148],[64.337344,38.970956],[64.120613,38.96168],[63.709268,39.190891],[63.477551,39.402919],[62.593161,39.890228],[62.452808,40.009239],[62.353279,40.430402],[62.044771,40.714984],[61.877907,41.124984],[61.470077,41.29717],[61.281355,41.157282],[60.860295,41.252987],[60.414534,41.235262],[60.094244,41.389516],[60.155635,41.603327],[59.983656,41.949043],[60.028201,42.199518],[59.866351,42.304215],[59.478157,42.285637],[59.122003,42.537999],[58.89442,42.547843],[58.612267,42.780852],[58.282675,42.68892],[57.997731,42.493428],[57.850453,42.191431],[57.382264,42.163629],[56.950146,41.86605],[57.010194,41.254124],[55.978422,41.321717],[55.429515,41.290814],[54.738291,42.04821],[54.047171,42.345401],[53.412274,42.258171],[52.978709,42.126629],[52.437671,41.748876],[52.562185,41.519477],[52.815684,41.388739],[52.821462,41.764879],[53.121918,42.089993],[53.681814,42.143948],[53.896658,42.078843],[54.041352,41.534573],[54.600434,41.192328],[54.76002,40.965033],[54.639903,40.838772],[54.010753,40.657864],[53.721039,40.625678],[53.541677,40.761623],[53.107432,40.773912],[52.958181,41.016262],[52.736583,40.484565],[52.738455,40.053616],[52.884125,39.944892],[53.437266,40.002672],[53.567068,39.94953],[53.363536,39.538072],[53.747813,39.054429],[53.97755,38.90176],[53.826996,38.525458],[53.82488,37.744859],[53.913748,37.34276],[54.186594,37.323744],[54.783663,37.517453],[54.85663,37.761133],[55.423108,38.075894],[55.708672,38.118656],[56.299747,38.080235],[56.436482,38.255082],[57.038409,38.187283],[57.218347,38.265081],[57.352395,37.967529],[58.181182,37.774853],[58.371765,37.630366],[58.861037,37.668089],[59.351653,37.493837],[59.509473,37.189824],[60.019209,37.025803],[60.34229,36.637145],[61.075476,36.64779],[61.222754,36.117538],[61.269676,35.618499]]]},"properties":{"name":"Turkmenistan","ISO3166-1-Alpha-3":"TKM","ISO3166-1-Alpha-2":"TM"}},
{"type":"Feature","geometry":{"type":"Polygon","coordinates":[[[35.75759,32.744347],[35.562718,32.64421],[35.560961,32.384717],[35.55941,31.765349],[35.458125,31.491929],[35.438488,31.103736],[35.140005,30.430185],[35.145276,30.154905],[34.955577,29.558987],[34.949385,29.351686],[36.016437,29.189951],[36.477081,29.494609],[36.756237,29.865517],[37.470198,29.994553],[37.634529,30.312776],[37.981071,30.499483],[36.959532,31.490999],[38.963337,31.994379],[39.146375,32.118144],[38.774511,33.371685],[36.819385,32.316788],[36.373108,32.386422],[36.06987,32.516595],[35.75759,32.744347]]]},"properties":{"name":"Jordan","ISO3166-1-Alpha-3":"JOR","ISO3166-1-Alpha-2":"JO"}},
{"type":"Feature","geometry":{"type":"Polygon","coordinates":[[[88.118218,27.860885],[87.155796,27.825796],[86.661976,28.106838],[86.438837,27.910856],[86.203038,28.002581],[85.98026,27.885172],[85.675059,28.306387],[85.259581,28.266932],[85.080212,28.318789],[84.918723,28.535675],[84.677756,28.604405],[84.235147,28.90002],[84.099135,29.247001],[83.945553,29.291831],[83.517052,29.191708],[83.162086,29.62517],[82.836576,29.659793],[82.541814,29.923239],[82.144526,30.069432],[82.088767,30.330088],[81.591588,30.414269],[81.194506,30.004475],[80.996017,30.196969],[80.57134,29.946855],[80.368975,29.757926],[80.213739,29.416888],[80.278748,29.268085],[80.036386,28.837026],[80.349751,28.620218],[80.648338,28.619753],[81.146344,28.372249],[81.307057,28.123814],[81.855654,27.850937],[82.051611,27.905171],[82.401926,27.677175],[82.652143,27.70415],[82.752137,27.494964],[83.132786,27.444217],[83.834087,27.434037],[84.079601,27.509536],[84.289408,27.376108],[84.577039,27.329031],[84.640239,27.028377],[84.801934,27.013753],[85.28728,26.736974],[85.598578,26.854383],[85.821614,26.571713],[86.01137,26.654447],[86.284428,26.61202],[86.713601,26.414565],[87.083294,26.432083],[87.326225,26.353328],[88.074189,26.453942],[88.169067,26.744002],[87.970733,27.10274],[88.118218,27.860885]]]},"properties":{"name":"Nepal","ISO3166-1-Alpha-3":"NPL","ISO3166-1-Alpha-2":"NP"}},
{"type":"Feature","geometry":{"type":"Polygon","coordinates":[[[28.980846,-28.909035],[28.66655,-28.59722],[28.154953,-28.70233],[28.018734,-28.856842],[27.747432,-28.908622],[27.24183,-29.548996],[27.014867,-29.625581],[27.366164,-30.311017],[27.743608,-30.600302],[28.054701,-30.649704],[28.364087,-30.159295],[28.860026,-30.066381],[29.144246,-29.919723],[29.1613,-29.666922],[29.435908,-29.342394],[29.311781,-29.089799],[28.980846,-28.909035]]]},"properties":{"name":"Lesotho","ISO3166-1-Alpha-3":"LSO","ISO3166-1-Alpha-2":"LS"}},
{"type":"Feature","geometry":{"type":"Polygon","coordinates":[[[11.322078,2.16576],[11.351637,2.300584],[12.202645,2.279552],[12.749898,2.236712],[13.242891,2.27149],[13.294568,2.161058],[14.266963,2.152428],[14.562139,2.208807],[15.091616,1.984428],[15.233726,2.031298],[15.76465,1.908722],[15.889913,1.793277],[16.196665,2.236454],[16.090315,2.510494],[16.092382,2.863289],[15.913995,3.097952],[15.78563,3.107977],[15.171301,3.758971],[15.000562,4.403195],[14.717272,4.622019],[14.663218,5.141832],[14.523899,5.279679],[14.631075,5.738049],[14.584773,5.923412],[14.397705,6.019169],[14.719029,6.257862],[14.932452,6.710289],[15.042213,6.790775],[15.223908,7.247517],[15.481049,7.523263],[15.440742,7.839419],[15.183703,8.479148],[15.031258,8.658749],[14.349542,9.168356],[13.947603,9.637759],[14.181697,9.978178],[14.732465,9.923814],[15.214916,9.984095],[15.382968,9.930196],[15.536137,10.080523],[15.301422,10.311749],[15.065881,10.793115],[15.021233,11.182549],[15.135644,11.530822],[15.04056,12.055648],[14.9031,12.145875],[14.830753,12.618249],[14.490619,12.886346],[14.418169,13.081141],[14.064908,13.077988],[14.179837,12.385602],[14.51439,12.323538],[14.669936,12.167424],[14.546533,11.718614],[14.593765,11.496431],[14.165471,11.238333],[13.98233,11.276264],[13.75485,11.016719],[13.566283,10.679013],[13.434921,10.153412],[13.247956,10.079412],[13.195453,9.542209],[12.862036,9.382891],[12.805709,8.831503],[12.660395,8.659318],[12.377001,8.59511],[12.249981,8.418764],[12.197787,7.975173],[12.024981,7.596592],[11.780242,7.241058],[11.881321,7.102048],[11.623249,6.932291],[11.509767,6.612311],[11.319495,6.437283],[11.097079,6.449117],[11.055945,6.700367],[10.831876,6.94521],[10.602536,7.058072],[10.495979,6.874672],[10.238424,6.871003],[10.119465,6.994406],[9.769822,6.773722],[9.588127,6.502731],[8.855872,5.847499],[8.8937,5.621751],[8.798925,5.159635],[8.594168,4.815294],[8.505056,4.55093],[8.701671,4.501288],[8.871918,4.602484],[8.971202,4.100775],[9.41212,3.902167],[9.579356,4.013007],[9.6421,3.539049],[9.903087,3.272895],[9.958018,3.082221],[9.877778,2.881415],[9.799571,2.341742],[9.990997,2.165605],[11.322078,2.16576]]]},"properties":{"name":"Cameroon","ISO3166-1-Alpha-3":"CMR","ISO3166-1-Alpha-2":"CM"}},
{"type":"Feature","geometry":{"type":"Polygon","coordinates":[[[13.294568,2.161058],[13.242891,2.27149],[12.749898,2.236712],[12.202645,2.279552],[11.351637,2.300584],[11.322078,2.16576],[11.336341,0.999165],[9.804371,0.998354],[9.308849,0.614],[9.498057,0.290961],[9.355317,0.016181],[9.267426,-0.412367],[9.100841,-0.599705],[8.800304,-0.733657],[9.03004,-1.299086],[9.28533,-1.415785],[9.244314,-1.785821],[9.565766,-2.19256],[9.597016,-2.352227],[9.84254,-2.500584],[9.902438,-2.700431],[10.635427,-3.313653],[10.646434,-3.451914],[10.98463,-3.714614],[11.114016,-3.936856],[11.212524,-3.697293],[11.569815,-3.54495],[11.827784,-3.548051],[11.944366,-3.303208],[11.687534,-3.17102],[11.763705,-2.982608],[11.636788,-2.833263],[11.55824,-2.349365],[12.062292,-2.414994],[12.45927,-2.329934],[12.423097,-1.897609],[12.58319,-1.826502],[12.804572,-1.919107],[13.010658,-2.287766],[13.361024,-2.428843],[13.593361,-2.326834],[13.770663,-2.119094],[13.884971,-2.488477],[14.080928,-2.49995],[14.226966,-2.323113],[14.252184,-1.967579],[14.37073,-1.921277],[14.37383,-1.604087],[14.482144,-1.388596],[14.391814,-1.023347],[14.498991,-0.630916],[14.121443,-0.302151],[13.831228,-0.205413],[13.921145,-0.052967],[13.871225,0.196423],[14.075967,0.539451],[14.231823,0.542552],[14.468088,0.913227],[14.183868,1.380847],[13.794744,1.434436],[13.543442,1.283489],[13.25023,1.221787],[13.129617,1.592462],[13.294568,2.161058]]]},"properties":{"name":"Gabon","ISO3166-1-Alpha-3":"GAB","ISO3166-1-Alpha-2":"GA"}},
{"type":"Feature","geometry":{"type":"Polygon","coordinates":[[[3.5964,11.695773],[3.6457,12.528539],[3.929093,12.750386],[4.088773,12.996236],[4.125774,13.472977],[4.506732,13.694669],[4.856892,13.774096],[5.273507,13.752521],[5.554317,13.873418],[6.12038,13.654077],[6.368944,13.626275],[6.906637,13.006856],[7.391982,13.112534],[7.755578,13.327146],[8.077522,13.310016],[8.679346,12.923579],[9.269387,12.809788],[9.640734,12.822526],[9.930122,13.145969],[10.161529,13.267202],[10.674986,13.375102],[11.440004,13.364431],[11.852795,13.245394],[12.057641,13.116772],[12.472706,13.064165],[12.561073,13.242759],[12.883844,13.495999],[13.228112,13.548037],[13.35999,13.714409],[13.607314,13.7041],[13.449184,14.380131],[13.764358,14.719077],[13.833915,15.019601],[14.368973,15.749634],[15.452421,16.876232],[15.583162,18.173879],[15.736021,19.903541],[15.953992,20.374571],[15.544198,20.79899],[15.60931,20.95066],[15.180396,21.507267],[15.172024,21.993387],[14.979909,22.995664],[14.23172,22.617949],[13.482257,23.179672],[11.968861,23.517351],[11.084367,22.995755],[9.723313,22.193427],[8.634491,21.551502],[7.482726,20.872577],[5.837607,19.478631],[5.749344,19.433699],[4.22861,19.142244],[4.235638,16.995863],[4.183961,16.416053],[4.060558,16.298334],[3.871215,15.714804],[3.526534,15.495954],[3.507103,15.353973],[3.073021,15.427199],[3.000158,15.339117],[1.331526,15.283616],[0.973718,14.991257],[0.514831,14.993556],[0.218467,14.910977],[0.152941,14.54671],[0.388792,14.251612],[0.339157,14.12578],[0.620665,13.679967],[0.95098,13.583203],[0.971754,13.067317],[1.535854,12.647498],[1.826069,12.604193],[2.109049,12.705634],[2.244958,12.424152],[2.070912,12.306898],[2.390169,11.896536],[2.36123,12.218894],[2.844301,12.399244],[3.5964,11.695773]]]},"properties":{"name":"Niger","ISO3166-1-Alpha-3":"NER","ISO3166-1-Alpha-2":"NE"}},
{"type":"Feature","geometry":{"type":"Polygon","coordinates":[[[2.390169,11.896536],[2.070912,12.306898],[2.244958,12.424152],[2.109049,12.705634],[1.826069,12.604193],[1.535854,12.647498],[0.971754,13.067317],[0.95098,13.583203],[0.620665,13.679967],[0.339157,14.12578],[0.388792,14.251612],[0.152941,14.54671],[0.218467,14.910977],[-0.236699,15.065619],[-0.752895,15.069727],[-1.043317,14.817908],[-1.350275,14.714969],[-1.69692,14.496119],[-1.967033,14.483742],[-2.023412,14.198643],[-2.151879,14.15614],[-2.46168,14.280912],[-2.840855,14.042994],[-3.067508,13.606767],[-3.259719,13.658315],[-3.248634,13.292781],[-3.596882,13.199402],[-3.984042,13.39647],[-4.351073,13.118322],[-4.229324,12.948952],[-4.386885,12.530192],[-4.406135,12.307467],[-4.806808,11.996271],[-5.167819,11.943665],[-5.307811,11.629007],[-5.218307,11.422198],[-5.322332,11.135549],[-5.489764,11.082115],[-5.431421,10.844688],[-5.522578,10.425489],[-5.402534,10.300561],[-5.111802,10.27865],[-4.966075,9.901025],[-4.322548,9.608898],[-4.270329,9.743928],[-3.661658,9.948929],[-3.136936,9.82953],[-2.763677,9.391883],[-2.689211,9.488724],[-2.736753,9.832579],[-2.932504,10.634313],[-2.750706,10.985842],[-1.598683,10.997133],[-0.516475,10.988633],[-0.166109,11.13498],[0.486616,11.003205],[0.901474,10.992741],[1.130608,11.247583],[1.433845,11.459405],[1.601587,11.388686],[2.010761,11.426901],[2.291054,11.674792],[2.390169,11.896536]]]},"properties":{"name":"Burkina Faso","ISO3166-1-Alpha-3":"BFA","ISO3166-1-Alpha-2":"BF"}},
{"type":"Feature","geometry":{"type":"Polygon","coordinates":[[[-0.166109,11.13498],[0.016205,11.062582],[-0.088129,10.633486],[0.366597,10.304488],[0.354608,9.571096],[0.537569,9.377646],[0.365874,8.774272],[0.616324,8.488759],[0.573846,8.203945],[0.612293,7.699428],[0.500568,7.45505],[0.645676,7.323585],[0.519275,6.832246],[0.766805,6.419351],[1.185395,6.100491],[1.61964,6.213894],[1.782351,6.277267],[1.566033,6.678146],[1.625668,6.996783],[1.621327,7.996567],[1.601173,9.049526],[1.425267,9.284499],[1.331009,9.996471],[0.768769,10.367094],[0.781275,10.693044],[0.901474,10.992741],[0.486616,11.003205],[-0.166109,11.13498]]]},"properties":{"name":"Togo","ISO3166-1-Alpha-3":"TGO","ISO3166-1-Alpha-2":"TG"}},
{"type":"Feature","geometry":{"type":"Polygon","coordinates":[[[-0.166109,11.13498],[-0.516475,10.988633],[-1.598683,10.997133],[-2.750706,10.985842],[-2.932504,10.634313],[-2.736753,9.832579],[-2.689211,9.488724],[-2.659807,9.272898],[-2.774839,9.054978],[-2.619448,8.923617],[-2.506328,8.209267],[-2.840003,7.820247],[-2.941521,7.577161],[-3.045933,7.071249],[-3.224941,6.849402],[-3.262509,6.617142],[-2.969504,5.621441],[-2.781815,5.578885],[-2.732671,5.355721],[-2.843699,5.149115],[-3.115305,5.107815],[-3.119618,5.091335],[-2.356597,4.919623],[-2.090566,4.737128],[-1.569488,5.018785],[-1.049794,5.198676],[-0.79955,5.21483],[-0.371571,5.492743],[0.321951,5.779202],[0.723481,5.755439],[0.995291,5.839342],[1.185395,6.100491],[0.766805,6.419351],[0.519275,6.832246],[0.645676,7.323585],[0.500568,7.45505],[0.612293,7.699428],[0.573846,8.203945],[0.616324,8.488759],[0.365874,8.774272],[0.537569,9.377646],[0.354608,9.571096],[0.366597,10.304488],[-0.088129,10.633486],[0.016205,11.062582],[-0.166109,11.13498]]]},"properties":{"name":"Ghana","ISO3166-1-Alpha-3":"GHA","ISO3166-1-Alpha-2":"GH"}},
{"type":"Feature","geometry":{"type":"Polygon","coordinates":[[[-13.728279,12.673388],[-15.195114,12.679434],[-15.677049,12.439294],[-16.23288,12.452884],[-16.728437,12.332531],[-16.471913,12.186265],[-16.331776,12.004625],[-15.969553,11.768256],[-15.58495,11.851264],[-15.396067,11.532131],[-15.409535,11.189602],[-15.020985,10.967475],[-14.686773,11.51072],[-14.278736,11.665077],[-14.015135,11.63712],[-13.729932,11.709829],[-13.728279,12.673388]]]},"properties":{"name":"Guinea-Bissau","ISO3166-1-Alpha-3":"GNB","ISO3166-1-Alpha-2":"GW"}},
{"type":"Feature","geometry":null,"properties":{"name":"Gibraltar","ISO3166-1-Alpha-3":"GIB","ISO3166-1-Alpha-2":"GI"}},
{"type":"Feature","geometry":{"type":"MultiPolygon","coordinates":[[[[-122.753017,48.992515],[-122.440297,48.580715],[-122.320424,47.942084],[-122.413482,47.641669],[-122.323598,47.372545],[-122.585927,47.336371],[-122.468373,47.756537],[-122.791982,48.082913],[-124.050182,48.177263],[-124.574894,48.370408],[-124.734607,48.170404],[-124.63813,47.907864],[-124.42276,47.741889],[-124.171892,47.041949],[-124.012884,46.983726],[-123.898061,46.441636],[-123.981139,45.760294],[-123.920732,45.662663],[-124.151031,43.881741],[-124.277027,43.421455],[-124.376504,43.340229],[-124.547719,42.845445],[-124.41454,42.662421],[-124.432814,42.329311],[-124.062155,41.435876],[-124.213845,40.701402],[-124.409202,40.443818],[-124.36351,40.261481],[-123.854019,39.833514],[-123.769768,39.544646],[-123.824924,39.347296],[-123.648307,38.849535],[-122.974535,38.266194],[-122.921112,38.034871],[-122.14631,37.578968],[-122.520472,37.531421],[-122.404457,37.194526],[-122.153643,36.977075],[-121.937243,36.978307],[-121.789812,36.806199],[-121.946309,36.491891],[-121.895629,36.313929],[-121.48998,35.982245],[-121.269146,35.664211],[-120.871097,35.405308],[-120.897654,35.249766],[-120.644887,35.13939],[-120.647834,34.585676],[-120.472681,34.450273],[-119.61716,34.420527],[-118.936807,34.0432],[-118.544057,34.038886],[-118.391388,33.835941],[-118.090536,33.730977],[-117.508844,33.335205],[-117.322161,33.108501],[-117.257476,32.701728],[-117.125121,32.531669],[-114.724285,32.712836],[-114.822108,32.50024],[-113.961696,32.234132],[-112.324715,31.727987],[-111.067118,31.333644],[-109.581808,31.32734],[-108.214811,31.327443],[-108.215121,31.777751],[-106.517189,31.773824],[-106.35849,31.717548],[-106.164316,31.447797],[-106.004739,31.396948],[-105.363771,30.850366],[-105.008495,30.676992],[-104.681564,30.192939],[-104.680479,29.942308],[-104.530824,29.667906],[-104.057313,29.339037],[-103.794177,29.277594],[-103.301545,29.002365],[-103.147989,28.985105],[-102.883069,29.343766],[-102.683469,29.743715],[-102.302175,29.889391],[-101.409309,29.765781],[-101.163562,29.501301],[-100.668967,29.116208],[-100.624318,28.924721],[-100.397097,28.592726],[-100.284339,28.296517],[-100.074895,28.154407],[-99.70037,27.659191],[-99.507203,27.57377],[-99.461728,27.056954],[-99.248278,26.827097],[-99.085498,26.40764],[-98.795851,26.368314],[-98.222656,26.075412],[-97.679614,26.034639],[-97.425418,25.854857],[-97.139272,25.965806],[-97.310536,26.123277],[-97.550201,27.009182],[-97.184071,27.836615],[-97.024973,28.041449],[-96.204905,28.586656],[-95.601918,28.763861],[-95.158925,29.045722],[-94.888824,29.375963],[-94.060129,29.68183],[-93.199593,29.772811],[-92.683058,29.604133],[-92.276493,29.533836],[-91.984446,29.831977],[-91.684682,29.753119],[-91.534332,29.534003],[-91.219838,29.404446],[-91.228586,29.238593],[-90.705922,29.119534],[-90.562001,29.300727],[-90.08023,29.174709],[-89.907704,29.477037],[-89.18814,29.030463],[-89.023183,29.147406],[-89.668365,29.521796],[-89.456776,29.82925],[-89.838938,29.995347],[-90.339101,30.066067],[-90.405019,30.22016],[-90.222401,30.38758],[-89.708404,30.175279],[-88.927642,30.442206],[-88.47057,30.323879],[-88.120107,30.338324],[-88.052561,30.654364],[-87.786488,30.236762],[-87.328847,30.319729],[-87.156809,30.474514],[-86.364817,30.380764],[-85.670888,30.122952],[-85.356516,29.888739],[-85.307851,29.693427],[-84.886627,29.730048],[-84.269643,30.092678],[-84.024037,30.106594],[-83.680572,29.921291],[-83.404775,29.531684],[-83.023915,29.17475],[-82.849233,29.182196],[-82.644399,28.900377],[-82.664215,28.447943],[-82.787343,28.193752],[-82.842397,27.828518],[-82.637766,27.701117],[-82.660756,27.520331],[-82.313832,26.849351],[-81.855946,26.448879],[-81.800893,26.098619],[-81.321685,25.782701],[-81.086537,25.121405],[-80.42691,25.221747],[-80.306874,25.618232],[-80.129262,25.887885],[-80.038238,26.811184],[-80.380971,27.666083],[-80.738271,28.373481],[-80.609446,28.610175],[-80.922109,29.068305],[-81.255849,29.789455],[-81.499257,30.704332],[-81.499257,30.968207],[-81.269887,31.274848],[-81.363899,31.41583],[-81.196278,31.717597],[-80.887563,32.069403],[-80.44107,32.366116],[-80.409332,32.481106],[-80.005116,32.611558],[-79.202952,33.192939],[-78.937978,33.642076],[-78.55899,33.869045],[-77.911122,33.958157],[-77.832672,34.207017],[-77.535878,34.468573],[-77.201527,34.650702],[-76.658193,34.721869],[-76.442494,35.403998],[-76.15038,35.347154],[-75.721832,35.829169],[-75.85969,36.161566],[-75.98893,36.911959],[-76.268901,36.961415],[-76.378505,37.272332],[-76.247909,37.903471],[-76.511977,38.527734],[-76.551666,38.77558],[-76.398549,39.01439],[-76.424469,39.323676],[-76.174957,39.31623],[-76.145375,38.665025],[-76.318959,38.473944],[-76.221099,38.343899],[-75.814443,38.135199],[-75.708119,37.833157],[-75.921742,37.610541],[-75.887309,37.356967],[-75.154286,38.240912],[-75.057729,38.55272],[-75.39379,39.055551],[-75.359364,39.337877],[-74.745717,39.054511],[-74.358795,39.550198],[-74.167551,39.699368],[-73.972394,40.32765],[-74.282687,40.497319],[-73.634582,41.007055],[-72.779449,41.270168],[-72.287953,41.282945],[-71.497711,41.366278],[-71.185902,41.468736],[-70.533111,41.81623],[-70.783803,42.25967],[-71.038442,42.307929],[-70.861399,42.546942],[-70.815338,42.870266],[-70.239125,43.700059],[-69.985829,43.862779],[-69.263417,43.929918],[-69.118764,44.04088],[-68.986602,44.421169],[-68.756215,44.334459],[-68.269805,44.48607],[-67.899607,44.422105],[-67.224395,44.644232],[-66.977325,44.815538],[-67.176015,45.178656],[-67.475024,45.282353],[-67.449961,45.610809],[-67.772835,45.828057],[-67.805185,47.035631],[-68.197047,47.341401],[-68.906229,47.190221],[-69.069655,47.431886],[-69.267628,47.439844],[-70.007763,46.704075],[-70.074323,46.419545],[-70.311362,46.071866],[-70.407351,45.731525],[-70.833837,45.393096],[-71.394888,45.241529],[-71.50408,45.013739],[-73.399158,45.004386],[-74.712961,44.999254],[-75.270233,44.863774],[-76.454631,44.084235],[-76.841532,43.625504],[-78.688086,43.631808],[-79.17431,43.464532],[-79.053775,43.260358],[-79.019384,42.802686],[-80.246596,42.365477],[-81.276662,42.208665],[-82.424861,41.676811],[-82.711122,41.680248],[-83.068413,41.847731],[-83.128513,42.239955],[-82.511264,42.646675],[-82.411089,43.051275],[-82.153611,43.549591],[-82.532141,45.293516],[-82.588778,45.371805],[-83.483974,45.771937],[-83.613884,46.115636],[-83.9473,46.0606],[-84.158812,46.433343],[-84.589406,46.475123],[-84.87869,46.897914],[-86.637058,47.624123],[-88.347264,48.298655],[-88.642724,48.25659],[-89.340382,47.984152],[-89.980317,48.010094],[-90.178625,48.116444],[-90.786469,48.10045],[-90.923153,48.227109],[-91.427929,48.036449],[-91.692512,48.097866],[-92.043421,48.334596],[-92.303095,48.310928],[-92.648604,48.536263],[-93.25774,48.630314],[-93.756779,48.516549],[-93.874885,48.636206],[-94.592852,48.726433],[-94.827256,49.292858],[-95.160569,49.369494],[-95.177106,48.99267],[-96.715797,48.99267],[-98.474191,48.99267],[-100.672274,48.99267],[-102.870383,48.992618],[-104.189243,48.992618],[-105.94774,48.992618],[-108.145797,48.992618],[-110.563712,48.992618],[-112.322183,48.992618],[-114.520266,48.992515],[-116.498569,48.992515],[-118.257066,48.992515],[-119.575875,48.992515],[-121.554152,48.992515],[-122.753017,48.992515]]],[[[-141.005564,69.650946],[-142.270904,69.856024],[-143.235666,70.118232],[-144.941558,69.977973],[-145.880198,70.174954],[-147.123687,70.167548],[-148.381418,70.312486],[-149.344472,70.510077],[-151.979685,70.448717],[-152.456166,70.555854],[-152.545847,70.887519],[-153.302439,70.928656],[-154.538808,70.826158],[-155.109324,71.150377],[-155.593739,71.069729],[-156.817209,71.306342],[-157.231191,71.071357],[-158.04304,70.836859],[-159.356801,70.760199],[-160.860666,70.347317],[-162.014963,70.27733],[-162.949778,69.790473],[-163.155751,69.359361],[-163.622548,69.119208],[-164.346425,68.929389],[-166.236765,68.874823],[-166.23998,68.564276],[-166.548166,68.358832],[-165.437205,68.060248],[-164.151479,67.619615],[-163.688303,67.103217],[-162.435496,66.991034],[-161.835154,67.054999],[-161.868276,66.706285],[-161.31371,66.535305],[-160.880971,66.672431],[-160.219187,66.53205],[-160.784779,66.374498],[-161.607167,66.453925],[-161.571238,66.258002],[-161.915639,66.042426],[-163.680491,66.078599],[-163.890492,66.167629],[-163.986399,66.61225],[-164.718088,66.556342],[-165.889963,66.241034],[-167.345937,65.898586],[-168.081003,65.591498],[-167.398555,65.401082],[-166.310131,65.312188],[-166.74951,65.06201],[-166.390207,64.898505],[-166.189687,64.585191],[-165.035512,64.44831],[-164.341868,64.590033],[-162.607167,64.506781],[-162.080881,64.721096],[-161.42219,64.774359],[-160.803171,64.643378],[-161.035024,64.507758],[-160.791575,63.746527],[-161.186269,63.505561],[-162.086985,63.452338],[-163.093984,63.057359],[-164.145375,63.262152],[-164.579091,63.14057],[-164.883168,62.841539],[-164.813222,62.620185],[-165.133046,62.515692],[-165.705556,62.116604],[-165.60908,61.851304],[-166.199941,61.59455],[-165.623728,61.280463],[-165.621693,61.1435],[-165.058705,61.062893],[-164.669138,60.825751],[-165.31428,60.580878],[-164.988962,60.341376],[-164.200551,60.034329],[-164.098337,59.833686],[-163.614939,59.800849],[-162.525828,59.997504],[-162.374949,60.176337],[-161.713938,59.50137],[-161.946604,59.387763],[-161.97411,59.131415],[-161.717376,58.754843],[-161.357469,58.726245],[-160.352169,59.070659],[-159.91148,58.775801],[-159.384954,58.755824],[-159.051259,58.424709],[-158.770009,58.518459],[-158.793894,58.816352],[-158.153676,58.614],[-157.084462,58.886664],[-157.061879,58.726223],[-157.502675,58.46369],[-157.709665,57.568671],[-158.312449,57.314887],[-158.945017,56.842922],[-159.745717,56.579332],[-160.368723,56.276842],[-160.520741,55.935207],[-160.820383,55.739163],[-161.124216,55.961249],[-161.826283,55.879869],[-162.226999,55.697903],[-163.041127,55.099351],[-162.877634,54.938951],[-162.416493,55.097886],[-161.956614,55.125718],[-161.620798,55.612982],[-161.279164,55.354885],[-160.477528,55.494615],[-159.830393,55.852729],[-159.625234,55.81269],[-158.318308,56.174709],[-158.355051,56.471137],[-157.913442,56.653876],[-157.189402,56.776272],[-156.346018,57.177802],[-156.338857,57.415432],[-155.394399,57.725735],[-155.023142,58.02558],[-154.583119,58.02497],[-154.16572,58.216783],[-153.899403,58.616685],[-153.438832,58.733588],[-153.331614,58.933783],[-153.711537,59.070746],[-154.198354,59.076972],[-154.076365,59.381171],[-153.573232,59.642157],[-153.055287,59.71015],[-152.737904,59.908393],[-152.340077,60.476142],[-151.840688,60.751125],[-151.746938,60.916815],[-151.154775,61.064439],[-150.633616,61.298651],[-149.617991,60.994615],[-150.043772,60.916815],[-150.452504,61.034247],[-151.071482,60.785346],[-151.465443,60.18769],[-151.882883,59.786526],[-151.273305,59.559963],[-151.894032,59.412828],[-151.741526,59.167141],[-150.326243,59.475979],[-149.738596,59.890855],[-149.341135,60.022406],[-148.401967,59.99136],[-147.941884,60.443061],[-148.306467,60.895697],[-147.364613,60.891262],[-146.815541,61.031806],[-146.511464,60.81859],[-145.691762,60.656684],[-145.938754,60.456066],[-144.91454,60.381171],[-143.918609,59.997016],[-142.798492,60.112372],[-141.732655,59.963121],[-140.322743,59.701239],[-139.621083,59.890286],[-139.473378,59.717597],[-139.857004,59.546291],[-139.205881,59.31977],[-138.184885,59.02558],[-137.518544,58.564765],[-136.598378,58.223049],[-136.026723,58.388129],[-135.841135,58.528388],[-135.052846,58.309272],[-134.497955,58.353949],[-133.572865,57.716051],[-133.391469,57.33515],[-133.551991,57.181464],[-133.093007,57.086493],[-132.479482,56.742825],[-132.476877,56.604478],[-131.971303,56.356431],[-131.943512,56.006903],[-132.261545,55.739651],[-131.961415,55.501044],[-131.735911,55.886705],[-131.414377,56.010199],[-131.165191,55.940579],[-130.889882,55.715277],[-130.873158,55.342027],[-131.057607,55.198676],[-130.934234,54.824449],[-130.365387,54.907294],[-129.989247,55.284003],[-130.173655,55.749498],[-130.019618,55.907952],[-130.071539,56.084123],[-131.100546,56.407669],[-132.107384,56.858753],[-132.031859,57.028406],[-132.552447,57.499075],[-133.463089,58.462221],[-133.87123,58.735899],[-134.22219,58.842714],[-134.398019,59.051952],[-135.095754,59.418855],[-135.016198,59.543447],[-135.482759,59.792475],[-136.2585,59.621582],[-136.466549,59.287803],[-137.423106,58.907723],[-137.611363,59.239331],[-139.182146,60.073389],[-139.101608,60.346602],[-139.628346,60.334096],[-140.01579,60.187387],[-141.001156,60.321074],[-141.001828,61.633087],[-141.002603,63.382489],[-141.003146,64.548671],[-141.004153,66.58958],[-141.004696,67.755814],[-141.005564,69.650946]]],[[[-130.961903,55.58511],[-131.280263,55.965155],[-131.670644,55.839504],[-131.810292,55.47663],[-131.192006,55.185736],[-130.961903,55.58511]]],[[[-132.548411,56.304429],[-132.681386,56.229193],[-132.303375,55.915351],[-132.092193,56.106431],[-132.548411,56.304429]]],[[[-131.976715,54.831529],[-131.994293,55.268134],[-132.401275,55.516791],[-132.346669,55.643134],[-132.73644,55.996568],[-133.062815,56.052314],[-133.385243,55.709296],[-133.0631,55.623481],[-133.212961,55.279202],[-132.608551,55.119208],[-132.579416,54.954413],[-131.976715,54.831529]]],[[[-133.884674,56.490058],[-133.801178,56.777004],[-134.175852,56.922024],[-134.357574,56.676581],[-133.884674,56.490058]]],[[[-133.912668,57.08275],[-133.696645,56.832017],[-133.659413,56.464179],[-133.147939,56.462104],[-132.933949,56.641588],[-132.980377,56.935045],[-133.912668,57.08275]]],[[[-134.62149,56.743842],[-134.994781,57.397773],[-135.381174,57.553616],[-135.673207,57.349677],[-135.310292,57.047349],[-135.367543,56.828925],[-134.626373,56.261461],[-134.62149,56.743842]]],[[[-152.160878,57.627143],[-152.467763,57.657172],[-152.486318,57.910712],[-153.202463,57.946194],[-153.191884,57.805243],[-153.924631,57.810492],[-154.614735,57.526557],[-154.810007,57.346584],[-154.535024,57.174628],[-154.528554,56.991645],[-153.962514,56.748236],[-153.253285,57.236721],[-152.692209,57.283271],[-152.160878,57.627143]]],[[[-135.847971,57.394355],[-135.546295,57.466051],[-135.628041,57.706041],[-135.056874,57.46662],[-134.813873,57.497463],[-134.924794,58.027493],[-135.813547,58.274359],[-136.405263,58.133938],[-136.394846,57.885688],[-135.847971,57.394355]]],[[[-134.353993,57.092719],[-133.86498,57.355129],[-133.937856,57.618557],[-134.312245,57.979438],[-134.797841,58.112779],[-134.653554,57.598212],[-134.353993,57.092719]]],[[[-151.966013,58.332831],[-153.041697,58.305569],[-153.229604,58.168891],[-152.804921,57.991523],[-151.966013,58.332831]]],[[[-71.918935,41.064887],[-72.457143,40.910264],[-72.606109,40.989936],[-73.485687,40.945626],[-73.9086,40.788677],[-73.707343,40.582794],[-73.233323,40.714505],[-72.60528,40.80133],[-71.918935,41.064887]]],[[[-167.857493,53.392768],[-168.199818,53.540229],[-168.759511,53.186713],[-168.489939,53.04206],[-168.287587,53.242987],[-167.857493,53.392768]]],[[[-166.294301,53.727973],[-166.753896,54.016018],[-167.163401,53.857367],[-166.946523,53.715766],[-167.15864,53.477118],[-166.656361,53.502387],[-166.294301,53.727973]]],[[[-154.899622,19.567016],[-155.087141,19.86038],[-155.332313,20.046721],[-155.867242,20.263132],[-155.824083,20.020092],[-156.060164,19.731221],[-155.88553,19.334157],[-155.87813,19.029072],[-155.682932,18.932886],[-155.502797,19.137681],[-154.982301,19.339244],[-154.899622,19.567016]]],[[[-156.001698,20.800442],[-156.298329,20.952704],[-156.481672,20.904397],[-156.407653,20.587207],[-156.003134,20.685898],[-156.001698,20.800442]]],[[[-156.749013,21.170966],[-157.259759,21.22188],[-157.273061,21.087348],[-156.869578,21.053371],[-156.749013,21.170966]]],[[[-157.706824,21.351995],[-157.962433,21.705012],[-158.2276,21.483047],[-158.094309,21.293606],[-157.794965,21.254663],[-157.706824,21.351995]]],[[[-159.301259,22.151028],[-159.39972,22.235495],[-159.716534,22.157514],[-159.759794,21.978533],[-159.437315,21.868769],[-159.301259,22.151028]]],[[[173.376638,52.830471],[173.127208,52.99494],[172.660411,53.008612],[172.944347,52.749823],[173.376638,52.830471]]],[[[-163.073842,54.687567],[-163.373036,54.79267],[-163.571645,55.057034],[-164.547353,54.882758],[-164.845286,54.423489],[-164.405588,54.435981],[-164.13268,54.623236],[-163.622548,54.611802],[-163.073842,54.687567]]],[[[-165.582102,59.950995],[-165.684438,60.299791],[-166.459218,60.387152],[-167.189809,60.027777],[-166.244008,59.807847],[-165.582102,59.950995]]],[[[-168.740712,63.280992],[-169.549509,63.362942],[-170.297353,63.695543],[-170.93696,63.571682],[-171.504343,63.653266],[-171.852895,63.521186],[-171.43932,63.31977],[-170.85615,63.460354],[-170.444325,63.359198],[-169.716176,63.024848],[-168.740712,63.280992]]]]},"properties":{"name":"United States of America","ISO3166-1-Alpha-3":"USA","ISO3166-1-Alpha-2":"US"}},
{"type":"Feature","geometry":{"type":"MultiPolygon","coordinates":[[[[-122.753017,48.992515],[-121.554152,48.992515],[-119.575875,48.992515],[-118.257066,48.992515],[-116.498569,48.992515],[-114.520266,48.992515],[-112.322183,48.992618],[-110.563712,48.992618],[-108.145797,48.992618],[-105.94774,48.992618],[-104.189243,48.992618],[-102.870383,48.992618],[-100.672274,48.99267],[-98.474191,48.99267],[-96.715797,48.99267],[-95.177106,48.99267],[-95.160569,49.369494],[-94.827256,49.292858],[-94.592852,48.726433],[-93.874885,48.636206],[-93.756779,48.516549],[-93.25774,48.630314],[-92.648604,48.536263],[-92.303095,48.310928],[-92.043421,48.334596],[-91.692512,48.097866],[-91.427929,48.036449],[-90.923153,48.227109],[-90.786469,48.10045],[-90.178625,48.116444],[-89.980317,48.010094],[-89.340382,47.984152],[-88.642724,48.25659],[-88.347264,48.298655],[-86.637058,47.624123],[-84.87869,46.897914],[-84.589406,46.475123],[-84.158812,46.433343],[-83.9473,46.0606],[-83.613884,46.115636],[-83.483974,45.771937],[-82.588778,45.371805],[-82.532141,45.293516],[-82.153611,43.549591],[-82.411089,43.051275],[-82.511264,42.646675],[-83.128513,42.239955],[-83.068413,41.847731],[-82.711122,41.680248],[-82.424861,41.676811],[-81.276662,42.208665],[-80.246596,42.365477],[-79.019384,42.802686],[-79.053775,43.260358],[-79.17431,43.464532],[-78.688086,43.631808],[-76.841532,43.625504],[-76.454631,44.084235],[-75.270233,44.863774],[-74.712961,44.999254],[-73.961537,45.354234],[-74.077707,45.456692],[-73.755442,45.676378],[-73.495432,45.727891],[-72.994496,46.210801],[-72.602528,46.301337],[-72.227935,46.553371],[-71.880523,46.69066],[-71.353993,46.739],[-70.956858,47.020657],[-70.714955,47.11758],[-70.49706,47.429267],[-70.236887,47.495592],[-69.932037,47.773057],[-69.735951,48.122504],[-69.446645,48.29621],[-69.069569,48.756212],[-68.122385,49.271348],[-67.376332,49.339219],[-67.131459,49.831285],[-66.543121,50.216132],[-66.161855,50.195787],[-65.25829,50.322252],[-64.888336,50.274482],[-63.722157,50.304267],[-63.442209,50.222886],[-62.852447,50.294257],[-61.845774,50.219794],[-61.717885,50.100043],[-60.835561,50.256334],[-60.06371,50.253974],[-59.409901,50.666612],[-58.993276,50.790839],[-58.947743,51.041612],[-58.453684,51.316596],[-58.234039,51.276923],[-57.249989,51.508287],[-56.966542,51.425238],[-56.33788,51.782091],[-55.934193,51.925238],[-55.684804,52.11168],[-56.000396,52.515123],[-56.059397,52.765692],[-55.746897,53.145738],[-56.036244,53.58043],[-57.15274,53.739936],[-57.356923,54.139472],[-58.011586,54.239732],[-58.220326,54.063788],[-58.853139,53.941962],[-59.076812,53.686998],[-60.041737,53.48017],[-60.108266,53.757676],[-59.531646,53.821641],[-58.974517,53.971503],[-58.186147,54.358588],[-57.678334,54.377427],[-57.391021,54.501939],[-57.846995,54.738715],[-58.681467,54.818549],[-59.02595,55.019884],[-59.007965,55.153673],[-59.86205,55.140855],[-60.287099,55.233385],[-60.354848,55.575141],[-60.781606,55.859687],[-61.345448,55.969306],[-61.83023,56.376899],[-61.809193,56.78852],[-61.381907,57.12108],[-61.865102,57.17064],[-61.889882,57.624986],[-62.305043,58.031195],[-62.661366,58.175849],[-62.578603,58.504218],[-62.92691,58.823188],[-63.442209,59.120551],[-63.728139,59.509141],[-64.147857,59.682847],[-64.22053,60.046576],[-64.416615,60.259711],[-64.848785,60.365709],[-65.137807,59.900214],[-65.546254,59.731269],[-65.406728,59.417426],[-65.742665,59.26789],[-65.642486,59.07331],[-66.108632,58.77912],[-66.391225,58.851304],[-66.628774,58.592882],[-67.064198,58.39293],[-67.649037,58.251776],[-68.350209,58.621527],[-68.361562,58.783515],[-68.786936,58.922471],[-69.256337,58.899156],[-69.833974,58.604071],[-70.034495,58.812608],[-69.45165,58.895209],[-69.671457,59.456977],[-69.589833,59.876085],[-69.769765,59.971055],[-69.719797,60.684027],[-70.110219,61.060126],[-70.603668,61.032823],[-71.395009,61.149522],[-71.855295,61.423774],[-71.652008,61.649848],[-72.621449,62.101874],[-73.062164,62.187567],[-73.670725,62.482123],[-74.41686,62.252509],[-75.829742,62.313341],[-76.757721,62.51081],[-77.490834,62.588324],[-78.154897,62.297309],[-78.084828,61.888048],[-77.708363,61.616278],[-77.812367,61.08808],[-78.165517,60.868354],[-77.829254,60.643256],[-77.742258,60.425849],[-77.283111,60.026597],[-77.46288,59.676622],[-77.881174,59.484931],[-78.473704,58.72016],[-78.031484,58.388129],[-77.600697,58.271348],[-77.079335,57.961493],[-76.589345,57.271308],[-76.503733,56.783759],[-76.545155,56.29503],[-76.658681,56.072984],[-77.112904,55.67536],[-77.781606,55.273505],[-78.392242,55.027533],[-79.67634,54.693793],[-79.463979,54.310167],[-79.129384,54.107489],[-79.056304,53.620347],[-78.78307,52.871527],[-78.785553,52.659125],[-78.521474,52.480943],[-78.591298,52.106147],[-78.840566,51.842271],[-78.882151,51.403266],[-79.346018,51.661811],[-79.700754,51.385443],[-79.744537,51.123521],[-80.429799,51.357164],[-80.594879,51.711371],[-80.979115,52.001817],[-81.390614,52.127794],[-81.563832,52.456244],[-82.301178,52.967597],[-82.11852,53.277289],[-82.219228,53.604438],[-82.126047,53.812201],[-82.430898,54.228217],[-82.201405,54.83393],[-82.458485,55.141181],[-82.815094,55.146837],[-83.929067,55.326524],[-84.613149,55.245185],[-85.126617,55.302558],[-85.682613,55.586584],[-87.622304,56.095567],[-87.979563,56.442857],[-88.31135,56.538031],[-88.920766,56.853095],[-89.827016,56.97602],[-90.58552,57.229926],[-91.031117,57.264635],[-92.2235,57.02147],[-92.456776,57.222968],[-92.456858,57.448961],[-93.128489,58.528388],[-93.189524,58.759711],[-93.717437,58.792182],[-94.399485,58.71247],[-94.807444,59.018134],[-94.718414,59.366685],[-94.821889,59.650336],[-94.711822,60.265692],[-94.351552,60.8581],[-94.006825,61.237779],[-93.984975,61.457994],[-93.302887,61.751899],[-93.502065,61.855821],[-92.593414,62.239447],[-92.718332,62.464667],[-92.260894,62.562608],[-92.453928,62.793931],[-91.9794,62.847398],[-91.441965,62.786933],[-90.643625,63.068915],[-90.974517,63.578681],[-90.168365,63.657701],[-89.812734,63.96015],[-89.177398,64.03852],[-88.734609,63.972357],[-88.044301,64.184312],[-86.938222,65.141954],[-87.046946,65.237982],[-89.039866,65.328192],[-89.837473,65.830919],[-89.687978,65.946845],[-88.970123,65.696519],[-88.584584,65.64525],[-88.205474,65.405097],[-87.380767,65.329698],[-86.47468,65.733954],[-86.412465,65.904486],[-85.856662,66.16283],[-86.620595,66.314399],[-86.620473,66.506944],[-85.416073,66.566981],[-85.267812,66.286933],[-84.381744,66.19005],[-83.690785,66.199205],[-82.633453,66.5633],[-81.954905,66.976793],[-81.527415,66.996039],[-81.237945,67.460517],[-82.088246,67.899522],[-82.3697,68.356269],[-81.26651,68.638739],[-81.702504,68.907538],[-81.337229,69.187567],[-82.237294,69.235216],[-82.57551,69.674058],[-83.754058,69.711737],[-84.339833,69.859687],[-85.33316,69.791368],[-85.534047,69.463324],[-85.21996,69.132799],[-84.767201,69.087958],[-85.224762,68.7213],[-85.668121,68.726996],[-85.901723,68.054389],[-86.529286,67.687201],[-86.501943,67.379381],[-87.327789,67.173285],[-87.483795,67.363105],[-88.152984,67.680406],[-88.373647,67.975816],[-87.792226,68.331244],[-88.022613,68.808661],[-89.331695,69.249498],[-89.67219,69.044501],[-90.000152,68.379259],[-90.603505,68.440782],[-90.446523,68.886298],[-91.033599,69.21955],[-91.109975,69.513292],[-91.802724,69.513251],[-92.471425,69.697618],[-91.545237,70.144965],[-91.990712,70.325141],[-92.249908,70.625352],[-92.907704,70.902045],[-92.990631,71.357123],[-94.548695,72.002143],[-95.225168,71.94953],[-95.658315,71.29149],[-96.211741,71.386786],[-96.561513,71.127061],[-96.616444,70.825751],[-96.190338,70.624742],[-96.561513,70.315253],[-96.486318,70.096991],[-95.975901,69.7862],[-95.650299,69.783881],[-94.322174,69.452989],[-93.434397,69.356798],[-94.135162,69.132799],[-94.636098,68.756049],[-94.109853,68.759101],[-93.730458,68.611802],[-94.340932,68.24433],[-94.860992,68.03087],[-95.582021,67.899522],[-95.255605,67.262274],[-95.734975,67.376451],[-96.075103,67.225816],[-96.46524,67.549506],[-96.216379,67.780341],[-96.398101,68.171373],[-97.260365,68.468695],[-98.192372,68.307685],[-98.448964,68.070868],[-98.171539,67.875678],[-97.640859,68.009385],[-97.061147,67.680406],[-97.590321,67.602973],[-98.360951,67.811347],[-98.915435,67.711615],[-99.423695,67.794135],[-100.71703,67.846991],[-101.529449,67.680406],[-102.762563,67.815131],[-103.366078,68.0185],[-104.483876,68.033922],[-104.601959,68.235338],[-105.095123,68.269517],[-105.535959,68.449897],[-105.469594,68.721991],[-106.197499,68.944403],[-107.292592,68.701402],[-108.280832,68.621568],[-108.815053,68.274237],[-108.337636,68.155097],[-107.729563,68.207221],[-106.57315,68.420233],[-105.87914,68.63935],[-105.697581,68.488837],[-106.494374,68.245836],[-107.4287,68.04267],[-107.94164,67.854315],[-107.989613,67.693345],[-107.585846,67.501166],[-107.527008,67.212348],[-107.246449,67.084215],[-107.658681,66.707709],[-108.214955,67.027411],[-107.992543,67.282457],[-108.59911,67.625312],[-110.420806,67.948391],[-112.42101,67.68244],[-113.858754,67.696234],[-115.533803,67.934394],[-114.837026,68.262641],[-114.056793,68.304185],[-114.201039,68.571926],[-114.987782,68.867418],[-116.160471,68.984117],[-116.208119,68.831204],[-118.040883,69.024604],[-118.666371,69.225491],[-120.278635,69.407782],[-121.427846,69.766832],[-122.950999,69.838568],[-123.177561,69.495917],[-123.544749,69.377021],[-124.438466,69.369615],[-124.071848,69.665839],[-124.506744,69.736151],[-124.38386,70.140204],[-124.98766,70.045559],[-125.032297,69.74726],[-125.938629,69.414008],[-126.701772,69.767401],[-127.136464,70.252875],[-127.928293,70.567084],[-128.310374,69.989407],[-129.173695,69.832343],[-131.085764,69.633124],[-129.599762,69.991197],[-130.324452,70.140204],[-130.94286,70.078803],[-132.138905,69.687934],[-132.887278,69.661078],[-133.19579,69.414008],[-133.631907,69.399156],[-134.410064,69.656928],[-135.83788,69.309068],[-136.067616,68.885321],[-137.191151,68.947903],[-138.636708,69.283677],[-139.143788,69.513658],[-139.917958,69.621324],[-141.005564,69.650946],[-141.004696,67.755814],[-141.004153,66.58958],[-141.003146,64.548671],[-141.002603,63.382489],[-141.001828,61.633087],[-141.001156,60.321074],[-140.01579,60.187387],[-139.628346,60.334096],[-139.101608,60.346602],[-139.182146,60.073389],[-137.611363,59.239331],[-137.423106,58.907723],[-136.466549,59.287803],[-136.2585,59.621582],[-135.482759,59.792475],[-135.016198,59.543447],[-135.095754,59.418855],[-134.398019,59.051952],[-134.22219,58.842714],[-133.87123,58.735899],[-133.463089,58.462221],[-132.552447,57.499075],[-132.031859,57.028406],[-132.107384,56.858753],[-131.100546,56.407669],[-130.071539,56.084123],[-130.019618,55.907952],[-130.130605,55.736274],[-129.957916,55.273505],[-130.201527,54.728502],[-130.372426,54.664252],[-130.458241,54.348619],[-130.112172,54.159329],[-130.104726,53.947089],[-129.33495,53.396918],[-129.228342,53.632717],[-128.861643,53.830227],[-128.775543,53.555609],[-128.875478,53.30622],[-128.546742,53.135972],[-128.477895,52.868313],[-128.1256,52.752834],[-128.242991,52.558783],[-127.800526,52.256293],[-127.283599,52.237698],[-127.849599,51.920111],[-127.873687,51.673407],[-127.664296,51.398139],[-127.777008,51.167222],[-127.429026,50.943101],[-127.021799,50.821926],[-126.858551,50.943101],[-126.488678,50.816718],[-126.178863,50.853217],[-126.242258,50.501044],[-125.703277,50.437934],[-125.391021,50.49726],[-125.061676,50.327582],[-124.605214,50.232856],[-124.732167,49.954291],[-124.403717,49.76732],[-124.170969,49.780992],[-123.963775,49.521145],[-123.554596,49.38996],[-123.248606,49.597805],[-123.211985,49.12995],[-123.090506,48.992515],[-123.035308,48.992499],[-122.753017,48.992515]]],[[[-67.176015,45.178656],[-66.745839,45.064521],[-66.490956,45.155626],[-65.909413,45.210273],[-65.315053,45.459215],[-64.833119,45.483995],[-64.388051,45.367296],[-64.51065,45.228583],[-64.863189,45.139553],[-65.785878,44.696357],[-66.113678,44.34337],[-66.210317,44.105699],[-66.121693,43.743557],[-65.462636,43.527574],[-65.034413,43.712307],[-64.560943,44.079983],[-64.353912,44.456122],[-63.943023,44.62051],[-63.715891,44.456122],[-63.281321,44.643459],[-62.551503,44.86758],[-61.639638,45.087307],[-61.331776,45.230699],[-61.071156,45.223944],[-61.47053,45.683092],[-61.894154,45.703721],[-61.924306,45.889146],[-62.470448,45.614488],[-62.738596,45.762519],[-63.189809,45.736396],[-63.805898,45.888658],[-63.813059,46.140286],[-64.514027,46.239407],[-64.905832,46.886868],[-64.825429,47.089097],[-64.959625,47.294298],[-64.826283,47.815497],[-65.20934,47.819688],[-65.628814,47.67064],[-65.81786,47.907416],[-66.261952,48.005845],[-65.953033,48.19538],[-65.285553,48.012641],[-64.329091,48.419623],[-64.16218,48.629625],[-64.221181,48.894355],[-64.613393,49.123033],[-64.96349,49.219306],[-65.565785,49.266466],[-66.62206,49.122626],[-68.205637,48.641913],[-69.054433,48.232367],[-70.534901,47.010565],[-71.157948,46.840806],[-71.30248,46.745185],[-71.714182,46.632188],[-71.845693,46.66828],[-72.495961,46.3605],[-72.731028,46.176622],[-73.139801,46.058336],[-73.412831,45.751532],[-73.557281,45.414293],[-74.712961,44.999254],[-73.399158,45.004386],[-71.50408,45.013739],[-71.394888,45.241529],[-70.833837,45.393096],[-70.407351,45.731525],[-70.311362,46.071866],[-70.074323,46.419545],[-70.007763,46.704075],[-69.267628,47.439844],[-69.069655,47.431886],[-68.906229,47.190221],[-68.197047,47.341401],[-67.805185,47.035631],[-67.772835,45.828057],[-67.449961,45.610809],[-67.475024,45.282353],[-67.176015,45.178656]]],[[[-52.628814,47.526679],[-52.704213,47.756008],[-53.113759,47.430569],[-53.243642,47.592597],[-53.053578,47.932563],[-53.276479,48.016425],[-53.605133,47.539374],[-53.846791,47.706773],[-53.621571,48.00495],[-53.639475,48.169338],[-53.058461,48.435858],[-52.9829,48.604193],[-53.414174,48.623765],[-53.774485,48.550767],[-53.92394,48.91767],[-53.608957,49.043687],[-53.453684,49.242174],[-54.041086,49.480862],[-54.742909,49.31977],[-55.22289,49.264553],[-55.15567,49.549302],[-55.582387,49.472357],[-55.938629,49.609687],[-55.722646,49.93122],[-56.148793,50.155707],[-56.725331,49.690253],[-56.738759,50.026801],[-55.873118,50.917304],[-55.491851,51.388373],[-55.514068,51.603949],[-56.106191,51.528998],[-56.720204,51.319322],[-56.977203,50.881496],[-57.456858,50.483059],[-57.610178,50.165676],[-58.185902,49.442694],[-58.13622,49.094875],[-58.443349,49.056789],[-58.703236,48.554511],[-58.536204,48.453559],[-59.398834,47.880316],[-59.301137,47.614203],[-59.111643,47.560777],[-58.097768,47.695217],[-57.329661,47.632799],[-56.777455,47.533393],[-56.234975,47.631985],[-55.968495,47.759833],[-55.774159,47.45775],[-55.437815,47.471381],[-55.487172,47.140286],[-55.869862,47.075141],[-55.851308,46.870998],[-55.250885,46.91885],[-54.866078,47.379584],[-54.458363,47.499416],[-54.141021,47.835761],[-54.013295,47.807196],[-53.910553,47.372748],[-54.150461,47.005316],[-54.050364,46.808051],[-53.572581,47.162055],[-53.622874,46.655829],[-53.211334,46.635321],[-52.941274,46.791327],[-52.785634,47.311469],[-52.628814,47.526679]]],[[[-131.112701,52.171942],[-131.414377,52.453681],[-131.660797,52.542426],[-131.852406,52.867174],[-131.613026,53.056342],[-131.903961,53.240709],[-132.504384,53.040432],[-131.380035,52.202948],[-131.112701,52.171942]]],[[[-128.803782,52.70067],[-128.538726,53.019721],[-128.634674,53.163153],[-129.078114,53.302802],[-129.189809,53.023342],[-129.056996,52.741034],[-128.803782,52.70067]]],[[[-129.74295,53.235297],[-129.973988,53.457994],[-130.314524,53.392768],[-129.939443,53.168891],[-129.74295,53.235297]]],[[[-130.252797,53.892483],[-129.567535,53.215318],[-129.336536,53.360615],[-129.830963,53.735419],[-130.252797,53.892483]]],[[[-132.579416,53.207221],[-132.007883,53.253567],[-131.870513,53.782904],[-131.693267,53.991889],[-132.296742,54.112291],[-133.040517,54.164537],[-133.144399,53.896918],[-132.891103,53.619696],[-132.517934,53.412665],[-132.579416,53.207221]]],[[[-95.214915,68.862209],[-95.84553,68.890611],[-96.219797,69.313951],[-96.893422,69.497748],[-97.92516,69.895941],[-98.21935,69.797593],[-98.411122,69.352525],[-98.712758,69.202135],[-99.309316,69.158759],[-99.417226,68.890448],[-97.760569,68.652086],[-97.562001,68.564276],[-96.295888,68.480129],[-95.807362,68.729397],[-95.214915,68.862209]]],[[[-100.872182,69.807807],[-100.995717,70.174954],[-101.582265,70.132514],[-102.409291,70.425523],[-103.537709,70.599514],[-104.591176,71.073188],[-104.282379,71.363959],[-104.380279,71.600043],[-105.038889,72.113959],[-105.332509,72.751125],[-105.829335,73.051337],[-106.823394,73.309638],[-107.662017,73.328437],[-108.298329,73.133775],[-107.717763,72.30268],[-107.779164,72.141303],[-107.251576,71.901679],[-107.668446,71.708157],[-108.188303,71.94953],[-108.663075,72.361029],[-108.633412,72.565579],[-110.076405,72.995754],[-110.729115,72.571275],[-112.077301,72.898017],[-113.015004,73.016018],[-113.603993,72.777533],[-114.023101,72.797797],[-113.961985,73.12287],[-114.584299,73.384589],[-117.369252,72.917792],[-118.593414,72.428697],[-118.127838,72.22724],[-119.054311,71.935289],[-119.050893,71.626776],[-118.076324,71.664984],[-118.308827,71.432196],[-117.55134,71.374172],[-116.184885,71.500312],[-115.90392,71.3935],[-118.386464,71.022203],[-117.585439,70.60635],[-116.233388,70.639716],[-115.580922,70.580146],[-113.988393,70.716213],[-112.143951,70.493883],[-111.808827,70.352118],[-112.586252,70.200019],[-114.184722,70.315741],[-116.965077,70.129055],[-117.442047,69.989407],[-117.252065,69.764106],[-116.63268,69.461819],[-115.974843,69.300198],[-115.188954,69.242662],[-114.397288,69.288153],[-113.583974,69.201239],[-113.655507,68.800482],[-113.350494,68.591539],[-112.583323,68.50967],[-111.251047,68.51968],[-110.605133,68.616929],[-109.624623,68.641669],[-108.95165,68.742418],[-108.539459,68.946967],[-107.334828,69.02558],[-106.583892,69.503607],[-105.885854,69.176459],[-103.383168,68.782294],[-101.964508,68.969631],[-101.768381,69.122952],[-102.054799,69.484442],[-102.582265,69.743476],[-100.964345,69.664455],[-100.872182,69.807807]]],[[[-72.948964,66.734565],[-74.345408,66.225816],[-74.420359,66.083441],[-73.717844,65.774604],[-73.496042,65.493964],[-74.17927,65.52851],[-74.502919,65.343492],[-75.757314,65.213813],[-76.676869,65.411078],[-77.435658,65.459621],[-77.312815,65.200141],[-77.963612,65.051947],[-78.184763,64.586737],[-77.757802,64.342963],[-76.727895,64.296129],[-75.862131,64.377631],[-75.706858,64.57925],[-74.713083,64.382025],[-74.55073,64.631008],[-73.891591,64.554185],[-73.452341,64.591498],[-72.317576,63.67886],[-71.565623,63.690823],[-71.766469,63.284125],[-71.372629,63.048529],[-70.240305,62.754096],[-69.626943,62.791002],[-69.445058,62.553534],[-68.55366,62.249742],[-67.400624,62.149807],[-66.274485,61.8581],[-65.930002,62.197821],[-67.197987,62.876899],[-68.146921,63.160631],[-68.760325,63.554755],[-68.496205,63.740302],[-67.868886,63.46369],[-67.500681,63.442816],[-66.519236,63.077338],[-65.665883,62.912258],[-65.169626,62.568427],[-64.962473,62.662665],[-64.764963,63.05508],[-64.484364,63.287787],[-64.676137,63.740302],[-65.307362,64.193427],[-65.081044,64.479193],[-65.726064,64.515204],[-65.582834,64.756822],[-65.824045,64.882758],[-66.649363,64.969916],[-67.168813,65.268541],[-67.060251,65.453355],[-67.926991,65.620103],[-67.810007,65.878404],[-67.170115,65.932563],[-67.303171,66.280748],[-66.961293,66.540839],[-66.471791,66.344062],[-65.503123,65.76675],[-64.902089,65.28205],[-64.178456,65.176703],[-63.6551,64.918362],[-63.405222,65.032782],[-63.497507,65.370836],[-63.160105,65.649237],[-62.594187,65.664008],[-61.954213,66.019761],[-62.538523,66.227362],[-61.492299,66.367418],[-61.270457,66.604804],[-62.004099,67.036811],[-62.905019,66.973049],[-63.888499,67.241604],[-64.289744,67.729438],[-64.719553,67.985175],[-66.214101,68.005072],[-67.063954,68.474921],[-67.931223,68.528225],[-68.54719,68.753079],[-68.133168,68.837226],[-67.678049,69.177191],[-66.668772,69.184556],[-67.22761,69.464342],[-68.005116,69.461982],[-68.587473,69.59101],[-68.013051,69.776068],[-67.115468,69.728664],[-67.249501,69.963446],[-67.808542,70.263739],[-68.336903,70.068834],[-69.470204,70.248114],[-68.458608,70.372992],[-68.362253,70.584296],[-70.516428,70.937079],[-71.953114,70.791327],[-72.045115,71.084784],[-71.445017,71.073472],[-71.117055,71.270453],[-71.581899,71.515082],[-72.472605,71.647284],[-73.253896,71.330024],[-74.262685,71.81977],[-74.236806,72.076117],[-75.063181,72.128241],[-75.198354,72.497626],[-77.601023,72.755805],[-79.283396,72.394436],[-80.049021,72.397895],[-80.558461,72.62759],[-80.642771,73.169827],[-81.133534,73.247056],[-81.528391,73.716213],[-82.831125,73.736721],[-84.836659,73.389065],[-85.463572,73.111884],[-85.702463,72.634711],[-85.035837,72.254706],[-85.500925,72.214423],[-86.127553,71.794257],[-86.460439,72.203355],[-86.253407,72.394599],[-86.698557,72.816107],[-86.030344,73.302436],[-84.951975,73.66767],[-85.105702,73.811998],[-86.714182,73.847398],[-87.764475,73.716742],[-89.051218,73.251695],[-89.320872,72.88231],[-89.753245,72.610826],[-90.104685,71.916327],[-89.813425,71.329006],[-88.066965,71.212836],[-87.358591,70.949612],[-89.126332,71.031562],[-89.449086,70.908026],[-88.694081,70.465033],[-87.852528,70.237982],[-87.031443,70.468492],[-86.269724,70.113471],[-85.782908,69.995185],[-84.951975,70.066555],[-83.6728,69.946357],[-83.051625,70.010484],[-82.125844,69.818061],[-81.071523,70.09927],[-79.835154,69.953437],[-78.888051,69.893785],[-78.766916,70.191392],[-77.682566,70.183661],[-77.490915,69.862738],[-76.87328,69.818671],[-77.038401,69.60578],[-75.687449,69.287055],[-75.989858,69.010891],[-76.422475,69.059882],[-76.673166,68.765815],[-76.325551,68.698472],[-75.496653,68.934231],[-74.878855,68.825507],[-74.372548,68.543769],[-73.885203,68.554877],[-73.728017,68.313666],[-72.988393,68.173285],[-72.857411,67.860541],[-72.436106,67.53148],[-72.350901,67.119452],[-72.803456,67.042955],[-72.948964,66.734565]]],[[[-115.323638,73.508694],[-116.867014,74.087551],[-118.065989,74.280707],[-118.725413,74.220771],[-120.156565,74.278998],[-121.5808,74.555854],[-122.623199,74.46308],[-124.755686,74.348578],[-124.145334,73.85106],[-123.773752,73.765611],[-124.859934,73.090318],[-124.490387,72.925116],[-125.752065,72.147691],[-125.232289,71.941311],[-124.064565,71.700385],[-123.099924,71.084621],[-120.635243,71.491441],[-120.383372,71.701483],[-120.196685,72.217027],[-119.340159,72.346747],[-119.163889,72.629828],[-115.753774,73.357489],[-115.323638,73.508694]]],[[[-123.321197,48.495836],[-123.540924,48.636461],[-123.813385,49.118598],[-124.159169,49.310452],[-124.794749,49.472561],[-124.882069,49.724921],[-125.178334,49.924994],[-125.436187,50.313625],[-126.459828,50.47484],[-127.198557,50.621283],[-127.505198,50.773342],[-128.076975,50.870307],[-128.406809,50.780504],[-128.319814,50.609809],[-127.915517,50.466254],[-127.775299,50.232856],[-127.487904,50.130439],[-127.141916,49.866645],[-126.649729,49.898017],[-126.572662,49.414293],[-126.076487,49.383734],[-125.735829,49.053046],[-125.366282,48.987372],[-125.18517,48.800971],[-124.665395,48.573228],[-123.890777,48.366889],[-123.554596,48.327948],[-123.321197,48.495836]]],[[[-67.880798,60.496805],[-68.241306,60.585606],[-68.439034,60.259333],[-67.960126,60.33256],[-67.880798,60.496805]]],[[[-64.840566,61.351549],[-64.71703,61.663479],[-65.485829,61.599311],[-64.840566,61.351549]]],[[[-79.28246,62.269924],[-79.8308,62.410793],[-80.214973,62.137658],[-80.180398,61.774257],[-79.750234,61.585924],[-79.269521,62.145209],[-79.28246,62.269924]]],[[[-82.191314,62.986151],[-83.519846,62.826361],[-83.906972,62.4914],[-83.673004,62.145087],[-83.134592,62.176581],[-81.956939,62.697659],[-81.862375,62.92475],[-82.191314,62.986151]]],[[[-77.537994,63.287787],[-77.703277,63.438178],[-78.18635,63.493232],[-78.531728,63.390204],[-77.940764,63.087149],[-77.537994,63.287787]]],[[[-80.183339,63.767564],[-80.888783,64.122626],[-81.627187,64.123603],[-81.771311,64.51203],[-82.365956,64.768012],[-83.208363,64.947699],[-83.397694,65.136623],[-84.098459,65.20954],[-84.577382,65.489407],[-85.076731,65.456366],[-85.201039,65.809272],[-85.609816,65.910546],[-86.028391,65.665025],[-86.159332,64.939439],[-86.405751,64.438544],[-86.19286,64.10342],[-86.895904,63.930243],[-87.223785,63.660142],[-85.617014,63.674872],[-85.635162,63.243109],[-85.273915,63.123358],[-84.59024,63.315131],[-84.405344,63.554755],[-83.633778,63.770982],[-83.685292,64.014065],[-82.533925,63.973049],[-82.074615,63.69184],[-81.01887,63.450263],[-80.183339,63.767564]]],[[[-73.358266,67.83808],[-73.412913,67.968411],[-74.756012,68.063422],[-74.402333,67.778876],[-73.358266,67.83808]]],[[[-86.577138,68.290595],[-86.985707,68.06745],[-86.836578,67.791815],[-86.412668,67.844916],[-86.577138,68.290595]]],[[[-75.033518,68.173285],[-75.911204,68.34455],[-76.688873,68.262641],[-77.322662,67.707994],[-76.981557,67.243313],[-75.889272,67.258002],[-75.065053,67.552436],[-75.161366,67.953111],[-75.033518,68.173285]]],[[[-104.680898,73.629828],[-105.167144,73.756659],[-106.599599,73.710639],[-107.039296,73.484442],[-106.120717,73.29267],[-105.202463,72.944525],[-104.572662,73.33218],[-104.680898,73.629828]]],[[[-80.903391,73.607367],[-80.795033,73.285346],[-80.163808,73.233385],[-79.948638,72.84748],[-79.175445,72.754584],[-78.170888,72.898627],[-76.318959,72.816718],[-76.271637,73.102118],[-77.21349,73.51081],[-78.138539,73.66885],[-79.450307,73.635321],[-80.56017,73.772528],[-80.903391,73.607367]]],[[[-96.32127,72.466864],[-97.660747,73.036689],[-97.668275,73.486314],[-96.956402,73.737291],[-97.570456,73.893704],[-99.218405,73.739447],[-100.001323,73.950019],[-100.885845,73.832099],[-101.561585,73.468573],[-100.467429,73.203315],[-100.111187,73.03266],[-100.431214,72.740424],[-101.296245,72.718573],[-101.762839,73.018988],[-102.484763,73.041246],[-102.614238,72.661322],[-101.966533,72.497056],[-101.84015,72.326483],[-100.636537,72.186469],[-99.864361,71.859442],[-99.235088,71.349595],[-98.541485,71.292182],[-97.969829,71.661526],[-97.461244,71.617377],[-96.559673,71.83983],[-96.718486,72.299547],[-96.32127,72.466864]]],[[[-90.291005,73.923285],[-90.993886,74.005927],[-92.113759,73.98432],[-93.272572,74.177965],[-94.373931,74.13227],[-95.248647,74.009914],[-95.612945,73.596381],[-95.592681,72.699449],[-95.135732,72.463446],[-95.145253,71.965888],[-94.087758,72.063544],[-93.464223,72.463446],[-93.793202,72.693101],[-93.403228,72.794338],[-92.384877,72.709906],[-91.857655,72.847968],[-90.291005,73.923285]]],[[[-103.638417,75.19953],[-104.403228,75.432603],[-104.906484,75.124091],[-104.229482,75.018866],[-103.638417,75.19953]]],[[[-93.43692,74.944322],[-93.499379,75.268012],[-94.39391,75.604234],[-95.791493,75.501044],[-96.604563,75.064846],[-95.897572,74.825873],[-94.724192,74.631781],[-93.607655,74.654202],[-93.43692,74.944322]]],[[[-117.784739,75.89647],[-118.621205,75.922065],[-119.409047,75.60163],[-118.613922,75.50373],[-117.784739,75.89647]]],[[[-103.811431,76.033637],[-102.837636,76.080634],[-102.726633,76.315619],[-104.312001,76.212388],[-103.811431,76.033637]]],[[[-97.424875,75.519721],[-97.66511,76.486151],[-98.507965,76.636949],[-100.269643,76.649563],[-100.963043,76.480292],[-102.035146,76.412787],[-102.102773,76.220771],[-101.589467,75.924506],[-102.262278,75.869818],[-102.776112,75.544989],[-100.223256,75.666693],[-100.675771,75.336493],[-100.33019,75.014065],[-99.645416,74.97602],[-98.035024,75.026272],[-98.116689,75.298],[-97.424875,75.519721]]],[[[-105.395131,75.674262],[-105.759918,75.99018],[-106.606842,76.061591],[-107.046132,75.888983],[-107.857574,76.065863],[-108.615875,76.423489],[-108.450795,76.732611],[-109.184438,76.821926],[-110.397206,76.396715],[-109.542226,76.189439],[-108.896392,75.492377],[-110.51358,75.57331],[-111.36144,75.715237],[-112.432485,76.170844],[-112.994211,76.273261],[-113.963043,76.190619],[-114.205922,76.471015],[-115.512318,76.456204],[-115.841135,76.184963],[-116.526235,76.160142],[-116.708119,75.899563],[-117.674875,75.293158],[-117.510081,75.201117],[-115.715443,74.970364],[-111.027903,75.177151],[-111.555491,75.012641],[-112.797841,74.985053],[-114.439809,74.683661],[-113.693023,74.444485],[-112.437408,74.41352],[-109.581939,74.85814],[-108.824208,75.071519],[-108.416615,74.91706],[-107.005198,74.923814],[-106.008901,75.056627],[-105.395131,75.674262]]],[[[-79.56017,74.991523],[-79.501047,75.391913],[-81.113149,75.77912],[-82.331044,75.843573],[-83.088979,75.740302],[-83.91808,75.814521],[-86.19636,75.415351],[-87.11148,75.594794],[-88.245351,75.47842],[-88.579945,75.658515],[-90.188222,76.067776],[-89.297597,76.300523],[-90.447825,76.411322],[-91.44107,76.693671],[-92.693023,76.596015],[-93.700917,76.920966],[-95.770741,77.076728],[-96.851145,76.929633],[-95.823313,76.399115],[-94.848134,76.269232],[-93.128326,76.370185],[-92.18456,75.894924],[-92.004384,75.60163],[-92.504018,75.218004],[-91.620839,74.711615],[-90.894114,74.760891],[-89.948638,74.532782],[-89.147369,74.607896],[-87.643625,74.458319],[-84.25829,74.506496],[-83.49352,74.577826],[-81.788686,74.458401],[-80.54186,74.563544],[-79.56017,74.991523]]],[[[-119.317494,76.199897],[-115.892812,76.698432],[-115.83137,76.972805],[-116.247222,77.19595],[-115.404164,77.318427],[-116.406728,77.562405],[-117.231109,77.285712],[-118.820546,77.361029],[-120.091135,77.005601],[-120.367991,76.814521],[-121.204254,76.678209],[-121.553578,76.436998],[-122.380605,76.408515],[-122.861724,76.182359],[-121.436838,75.944281],[-120.717437,76.026801],[-119.862945,75.859117],[-119.317494,76.199897]]],[[[-89.661285,77.35635],[-90.304107,77.629381],[-91.168691,77.617499],[-91.199615,77.407864],[-90.093902,77.204088],[-89.661285,77.35635]]],[[[-93.252024,77.644355],[-93.608022,77.78148],[-95.5065,77.810736],[-96.235463,77.705512],[-95.98762,77.479071],[-93.478424,77.488105],[-93.252024,77.644355]]],[[[-109.603668,78.07392],[-110.711741,78.103827],[-113.241282,77.904975],[-113.199615,77.527655],[-112.109242,77.325751],[-110.235422,77.504218],[-109.603668,78.07392]]],[[[-109.259511,78.459296],[-110.42691,78.766343],[-113.214223,78.406562],[-111.778472,78.270209],[-109.823232,78.295396],[-109.259511,78.459296]]],[[[-96.910308,77.795152],[-95.060658,77.972642],[-95.369944,78.246772],[-94.82787,78.363715],[-97.451039,78.797105],[-98.355865,78.773912],[-98.359731,78.451728],[-97.74234,78.042304],[-96.910308,77.795152]]],[[[-105.606801,79.103583],[-103.384023,78.774604],[-103.497182,78.506537],[-104.640981,78.583441],[-104.819569,78.36164],[-103.946523,78.242825],[-102.74413,78.380561],[-101.036,78.199205],[-100.610015,77.863959],[-99.938588,77.782904],[-99.017242,77.893785],[-99.044504,78.081855],[-99.802724,78.308498],[-99.557932,78.5987],[-101.648427,79.081],[-102.607167,79.076483],[-103.721588,79.363349],[-105.449045,79.269477],[-105.606801,79.103583]]],[[[-96.623118,80.044338],[-96.542714,79.848375],[-95.61148,79.559027],[-95.645985,79.394273],[-92.580393,79.384752],[-92.627349,79.245429],[-94.271555,78.968207],[-92.952748,78.436713],[-92.116322,78.226955],[-90.884145,78.144599],[-88.770009,78.185533],[-87.858795,78.692694],[-84.918609,79.295966],[-85.563791,79.579779],[-87.18871,79.627834],[-86.971262,79.881578],[-87.700551,80.412584],[-90.639231,80.568508],[-92.236928,81.256334],[-95.231842,81.015326],[-96.623118,80.044338]]],[[[-61.085479,82.331163],[-63.06546,82.537299],[-63.447092,82.826728],[-65.851593,82.842353],[-69.483388,83.04564],[-72.591624,83.102362],[-74.200022,83.002143],[-76.135487,83.053697],[-78.420562,82.872301],[-79.340484,82.975531],[-81.576161,82.791246],[-82.711578,82.381456],[-85.761871,82.467475],[-86.964752,82.0515],[-88.680735,82.058417],[-91.708526,81.734361],[-89.826161,81.013048],[-88.101064,80.680772],[-86.117828,80.536811],[-84.397043,80.509996],[-81.217112,80.627672],[-80.352325,80.472642],[-83.787872,80.250922],[-86.437734,80.320014],[-86.449859,79.754218],[-85.321563,79.679674],[-84.486602,79.412706],[-84.32962,79.192369],[-85.757314,78.831651],[-86.609853,78.809272],[-87.482452,78.451972],[-87.487864,78.127183],[-86.227691,78.06212],[-88.180979,77.801459],[-88.188303,77.640367],[-87.474599,77.111396],[-88.293609,77.136339],[-89.53718,76.856757],[-89.656728,76.565416],[-89.170196,76.42418],[-87.629913,76.335557],[-86.217356,76.374986],[-85.249094,76.316107],[-84.235015,76.446763],[-82.800852,76.38996],[-81.935292,76.494981],[-80.772491,76.419989],[-80.667226,76.164049],[-78.141347,76.527167],[-77.716217,76.821967],[-78.867502,76.924425],[-79.432403,77.238593],[-78.289133,77.37755],[-77.736806,77.600816],[-77.980702,77.816718],[-76.880686,77.905015],[-75.581939,78.113023],[-75.107696,78.375474],[-74.773752,78.834825],[-75.744293,78.897162],[-74.468739,79.227159],[-75.027984,79.373277],[-71.142405,79.789496],[-70.210764,80.188178],[-68.279368,80.759874],[-64.692128,81.390815],[-64.372589,81.724962],[-62.257639,82.023546],[-61.085479,82.331163]]],[[[-60.080881,45.792426],[-59.86205,45.935696],[-59.882192,46.176663],[-60.350982,46.312079],[-60.621327,46.10102],[-60.730051,45.713935],[-60.981923,45.820746],[-60.42691,46.284003],[-60.31078,46.854438],[-60.603261,47.033637],[-60.869211,46.800035],[-61.094838,46.453925],[-61.541127,46.040473],[-61.334869,45.56623],[-60.726877,45.565619],[-60.080881,45.792426]]],[[[-62.004018,46.464057],[-63.194732,46.431138],[-63.833648,46.612372],[-64.231313,46.903306],[-64.416819,46.682766],[-63.627756,46.223822],[-62.997385,46.179267],[-62.777415,45.964342],[-62.545237,45.971829],[-62.576405,46.239],[-62.004018,46.464057]]],[[[-64.319203,49.791246],[-63.92516,49.674872],[-63.586781,49.38996],[-63.093332,49.232896],[-62.248199,49.067939],[-61.811635,49.069037],[-61.882639,49.354478],[-62.204335,49.414211],[-62.53425,49.604682],[-63.374664,49.829413],[-64.132802,49.950141],[-64.319203,49.791246]]],[[[-80.759348,52.919176],[-81.122792,53.202216],[-81.882802,53.179877],[-82.062652,53.022773],[-81.026845,52.752631],[-80.759348,52.919176]]]]},"properties":{"name":"Canada","ISO3166-1-Alpha-3":"CAN","ISO3166-1-Alpha-2":"CA"}},
{"type":"Feature","geometry":{"type":"MultiPolygon","coordinates":[[[[-97.139272,25.965806],[-97.425418,25.854857],[-97.679614,26.034639],[-98.222656,26.075412],[-98.795851,26.368314],[-99.085498,26.40764],[-99.248278,26.827097],[-99.461728,27.056954],[-99.507203,27.57377],[-99.70037,27.659191],[-100.074895,28.154407],[-100.284339,28.296517],[-100.397097,28.592726],[-100.624318,28.924721],[-100.668967,29.116208],[-101.163562,29.501301],[-101.409309,29.765781],[-102.302175,29.889391],[-102.683469,29.743715],[-102.883069,29.343766],[-103.147989,28.985105],[-103.301545,29.002365],[-103.794177,29.277594],[-104.057313,29.339037],[-104.530824,29.667906],[-104.680479,29.942308],[-104.681564,30.192939],[-105.008495,30.676992],[-105.363771,30.850366],[-106.004739,31.396948],[-106.164316,31.447797],[-106.35849,31.717548],[-106.517189,31.773824],[-108.215121,31.777751],[-108.214811,31.327443],[-109.581808,31.32734],[-111.067118,31.333644],[-112.324715,31.727987],[-113.961696,32.234132],[-114.822108,32.50024],[-114.724285,32.712836],[-117.125121,32.531669],[-116.842275,31.986518],[-116.6197,31.857571],[-116.675608,31.552639],[-116.068023,30.813178],[-116.049254,30.479593],[-115.837303,30.346467],[-115.697564,29.755826],[-115.187123,29.428616],[-114.972035,29.377753],[-114.042592,28.458441],[-114.124883,28.255725],[-114.039736,28.02773],[-114.173248,27.826809],[-114.499057,27.774071],[-114.923405,27.836275],[-114.734229,27.521252],[-114.506461,27.406184],[-114.487542,27.238098],[-113.503887,26.793416],[-113.143056,26.757717],[-113.060716,26.599118],[-112.343495,26.178127],[-112.075994,25.7134],[-112.077871,25.258735],[-112.142525,25.085979],[-112.088043,24.773383],[-111.67903,24.586334],[-111.444445,24.324391],[-111.039714,24.104185],[-110.577343,23.68156],[-110.307362,23.541032],[-110.16726,23.321086],[-110.09838,23.017562],[-109.895378,22.874203],[-109.531672,23.108207],[-109.425649,23.297187],[-109.476459,23.560205],[-110.17276,24.252976],[-110.562359,24.212503],[-110.738585,24.554572],[-110.656972,24.806918],[-110.904451,25.143013],[-111.026273,25.458612],[-111.307116,25.779207],[-111.318338,26.073737],[-111.56908,26.576234],[-111.560055,26.695653],[-112.017161,26.978502],[-112.373106,27.564095],[-112.598008,27.654297],[-112.773218,27.863902],[-112.793809,28.190266],[-112.902362,28.475342],[-113.10297,28.504583],[-113.260386,28.840107],[-113.478693,28.946248],[-113.770866,29.407756],[-114.271215,29.772068],[-114.39224,29.783012],[-114.660302,30.183252],[-114.62952,30.424803],[-114.720259,30.941098],[-114.888678,31.162892],[-114.85291,31.526606],[-114.584712,31.760755],[-114.159013,31.494509],[-113.875722,31.596747],[-113.659577,31.49754],[-113.548948,31.2957],[-113.048723,31.156692],[-113.128841,30.81244],[-112.870676,30.428534],[-112.68635,29.907782],[-112.263474,29.32998],[-112.150725,28.962978],[-111.894358,28.780666],[-111.708354,28.460141],[-111.4735,28.381049],[-111.250662,28.052013],[-111.059146,27.937017],[-110.586578,27.837063],[-110.554758,27.384752],[-110.287622,27.148394],[-109.917037,27.060074],[-109.856313,26.800971],[-109.549896,26.727956],[-109.255727,26.497992],[-109.268056,26.179877],[-109.433258,26.021674],[-109.440541,25.793402],[-108.450795,25.269355],[-108.186391,24.986558],[-107.995188,24.648383],[-107.624135,24.458482],[-107.377756,24.206855],[-107.035878,23.98078],[-106.793243,23.632351],[-106.429799,23.230414],[-105.80016,22.638454],[-105.655032,22.256298],[-105.632264,21.955737],[-105.414078,21.601113],[-105.184967,21.44302],[-105.234327,21.060966],[-105.361561,20.762751],[-105.328734,20.513738],[-105.698681,20.406911],[-105.525624,20.031928],[-105.01712,19.368476],[-104.806915,19.229071],[-103.979977,18.874938],[-103.700175,18.654327],[-103.4984,18.333483],[-102.742299,18.066962],[-102.190629,17.915988],[-102.036733,17.990668],[-101.811061,17.89026],[-101.644487,17.668294],[-101.182245,17.412536],[-101.00824,17.252976],[-99.991686,16.909737],[-99.741241,16.730618],[-98.85655,16.528179],[-98.568244,16.323979],[-98.123769,16.209174],[-97.772719,15.979454],[-97.266025,15.935912],[-96.845123,15.732571],[-96.556038,15.659025],[-96.236637,15.68333],[-95.959882,15.827914],[-95.434478,15.97538],[-94.852081,16.4289],[-94.127838,16.220852],[-93.943389,16.010565],[-93.656036,15.83926],[-92.824005,15.172797],[-92.246257,14.546279],[-92.161734,14.702334],[-92.204651,15.289507],[-91.723776,16.068788],[-90.485738,16.0707],[-90.398793,16.347582],[-90.648183,16.529586],[-90.73531,16.746576],[-91.066866,16.918193],[-91.290418,17.189081],[-90.991986,17.25192],[-90.990901,17.801964],[-89.160496,17.814314],[-88.880332,17.88847],[-88.489245,18.484506],[-88.303822,18.48135],[-87.77123,18.406399],[-87.723378,18.68122],[-87.423207,19.55801],[-87.666371,19.552476],[-87.471547,19.884711],[-87.444,20.191148],[-87.234975,20.49258],[-86.875315,20.855048],[-86.741567,21.16413],[-86.827952,21.433295],[-86.997914,21.565904],[-87.238189,21.44302],[-87.962066,21.600084],[-88.447825,21.5751],[-89.123158,21.363471],[-89.785959,21.284573],[-90.360097,21.000393],[-90.489898,20.534125],[-90.477823,19.922101],[-90.709462,19.687486],[-90.730092,19.375922],[-90.935536,19.163072],[-91.431188,18.880117],[-91.265533,18.735663],[-91.544423,18.449164],[-91.990712,18.539252],[-91.94806,18.691225],[-92.68102,18.62287],[-92.93977,18.445741],[-93.444692,18.441799],[-94.207143,18.189643],[-94.580881,18.189846],[-94.807851,18.523627],[-95.208363,18.708645],[-95.728383,18.757229],[-95.85204,18.716783],[-95.977162,19.058254],[-96.27831,19.314602],[-96.456125,19.868801],[-96.676015,20.157864],[-97.150543,20.64704],[-97.496816,21.400621],[-97.657582,21.636542],[-97.610463,21.835761],[-97.76061,22.095852],[-97.889394,22.625434],[-97.74234,22.972073],[-97.768544,23.260077],[-97.651438,24.515855],[-97.458974,25.179389],[-97.165151,25.723334],[-97.139272,25.965806]]],[[[-112.274657,28.768388],[-112.195606,29.02133],[-112.43871,29.202094],[-112.583033,28.875363],[-112.274657,28.768388]]],[[[-113.138173,29.064887],[-113.18276,29.289693],[-113.476789,29.532104],[-113.589104,29.409599],[-113.229488,29.059574],[-113.138173,29.064887]]]]},"properties":{"name":"Mexico","ISO3166-1-Alpha-3":"MEX","ISO3166-1-Alpha-2":"MX"}},
{"type":"Feature","geometry":{"type":"Polygon","coordinates":[[[-89.160496,17.814314],[-89.149205,17.036271],[-89.236512,15.893915],[-88.913971,15.893948],[-88.927642,15.983873],[-88.535959,16.274115],[-88.306223,16.652899],[-88.215077,16.967108],[-88.300526,17.177924],[-88.283315,17.580268],[-88.091542,18.118394],[-88.303822,18.48135],[-88.489245,18.484506],[-88.880332,17.88847],[-89.160496,17.814314]]]},"properties":{"name":"Belize","ISO3166-1-Alpha-3":"BLZ","ISO3166-1-Alpha-2":"BZ"}},
{"type":"Feature","geometry":{"type":"Polygon","coordinates":[[[-82.573598,9.576199],[-82.829022,9.602722],[-82.944286,9.437151],[-82.939377,9.059577],[-82.74913,8.974079],[-82.924158,8.741199],[-82.849796,8.629862],[-82.943666,8.248567],[-82.897629,8.034748],[-82.877187,8.219062],[-82.658925,8.322781],[-82.280059,8.343207],[-82.109364,8.233344],[-81.711456,8.130316],[-81.525787,7.711453],[-80.946319,7.555691],[-80.873077,7.212551],[-80.474477,7.253323],[-80.357574,7.382025],[-79.994659,7.503445],[-80.143788,7.752753],[-80.456085,8.0362],[-80.470245,8.220649],[-80.224965,8.301052],[-79.774396,8.57955],[-79.756256,8.796291],[-79.482004,8.998358],[-79.176015,9.010728],[-78.757639,8.82925],[-78.303334,8.454291],[-78.286448,8.080715],[-78.430816,8.077135],[-78.144154,7.49787],[-77.895839,7.235098],[-77.820181,7.476547],[-77.579989,7.528379],[-77.339745,7.707231],[-77.2012,7.981995],[-77.480356,8.526199],[-77.373525,8.66474],[-77.574073,8.792754],[-78.024566,9.226467],[-78.437712,9.404351],[-79.05806,9.457931],[-79.550969,9.629292],[-79.909047,9.308417],[-80.637118,9.051672],[-80.822418,8.890692],[-81.304463,8.781882],[-81.539052,8.812934],[-81.761971,9.06375],[-82.105377,8.935207],[-82.245961,9.014146],[-82.349599,9.402045],[-82.573598,9.576199]]]},"properties":{"name":"Panama","ISO3166-1-Alpha-3":"PAN","ISO3166-1-Alpha-2":"PA"}},
{"type":"Feature","geometry":{"type":"Polygon","coordinates":[[[-60.020985,8.55801],[-60.371897,8.635403],[-60.984771,8.570543],[-61.284047,8.397203],[-60.983998,9.167385],[-60.783803,9.338609],[-61.439168,9.818411],[-61.876765,9.823682],[-62.196476,10.019678],[-62.408925,9.924018],[-62.517568,10.184149],[-62.831125,10.406806],[-62.662343,10.567043],[-62.33495,10.530219],[-62.154205,10.686347],[-62.719635,10.759996],[-63.171295,10.731594],[-63.531565,10.631049],[-63.756947,10.665595],[-63.820383,10.447577],[-64.143463,10.480129],[-64.748118,10.106879],[-65.169545,10.097317],[-65.580434,10.185452],[-65.868479,10.309556],[-66.124582,10.601955],[-66.541575,10.632717],[-67.941233,10.466457],[-68.24234,10.578437],[-68.262685,10.903144],[-68.417592,11.179145],[-68.863189,11.452867],[-69.270416,11.536038],[-69.623606,11.46776],[-69.808583,11.803616],[-69.835317,12.015204],[-70.01773,12.19892],[-70.2058,12.112006],[-70.296783,11.871894],[-70.180002,11.37637],[-70.513905,11.25316],[-70.8697,11.196275],[-71.293935,10.98664],[-71.458323,10.974921],[-71.526479,10.544745],[-71.363881,10.219957],[-71.04186,9.760891],[-71.056142,9.363593],[-71.273549,9.135077],[-71.514801,9.048977],[-71.75886,9.120063],[-71.730377,9.355414],[-71.967519,9.498236],[-72.124379,9.826077],[-71.982493,10.088284],[-71.629547,10.454006],[-71.576283,10.721096],[-71.93932,11.380764],[-71.96052,11.591254],[-71.378163,11.75845],[-71.327507,11.849998],[-71.97108,11.661925],[-72.256593,11.167795],[-72.481488,11.132526],[-72.907561,10.452464],[-72.977634,9.838057],[-73.377816,9.164687],[-73.009725,9.295377],[-72.783072,9.059939],[-72.67543,8.651514],[-72.386766,8.338614],[-72.335761,8.103899],[-72.487793,7.94918],[-72.451309,7.440219],[-72.206208,7.381876],[-72.080996,7.066598],[-71.832639,6.986448],[-71.654304,7.053369],[-71.184048,6.962574],[-70.703302,7.09993],[-70.319062,6.938286],[-70.096621,6.944435],[-69.443638,6.122237],[-69.246104,6.080664],[-69.061129,6.217839],[-68.635315,6.13588],[-67.573984,6.266234],[-67.428567,6.03847],[-67.601218,5.820576],[-67.647003,5.483362],[-67.843684,5.297249],[-67.793092,5.063335],[-67.865078,4.512077],[-67.631759,3.761865],[-67.471407,3.680061],[-67.304647,3.425709],[-67.838619,2.88613],[-67.626591,2.813421],[-67.325421,2.47463],[-67.066832,1.894123],[-66.875061,1.22251],[-66.346204,0.759386],[-66.156345,0.733031],[-65.74544,0.974154],[-65.582943,0.977668],[-65.45122,0.69014],[-65.136769,1.126909],[-64.730876,1.247574],[-64.40901,1.507506],[-64.301523,1.446657],[-64.080864,1.647394],[-63.99503,1.958021],[-63.762641,1.985668],[-63.411758,2.149379],[-63.384834,2.420577],[-64.047972,2.471323],[-63.997872,2.705986],[-64.222923,3.123996],[-64.202976,3.594717],[-64.662896,3.996992],[-64.364981,4.151867],[-64.125099,4.088485],[-64.063811,3.911597],[-63.4254,3.968364],[-63.285977,3.920821],[-62.997054,3.599135],[-62.749576,3.660372],[-62.766216,4.020712],[-62.384172,4.173467],[-62.192659,4.094738],[-61.542104,4.263023],[-61.297262,4.52373],[-61.011956,4.518304],[-60.903435,4.699585],[-60.612626,4.900581],[-60.739854,5.202138],[-61.379608,5.9053],[-61.121562,6.186652],[-61.204787,6.595826],[-60.420958,6.942213],[-60.292336,7.105252],[-60.643064,7.220904],[-60.730578,7.525433],[-60.503279,7.820867],[-60.37476,7.823606],[-60.019458,8.06031],[-59.815595,8.287764],[-60.020985,8.55801]]]},"properties":{"name":"Venezuela","ISO3166-1-Alpha-3":"VEN","ISO3166-1-Alpha-2":"VE"}},
{"type":"Feature","geometry":{"type":"MultiPolygon","coordinates":[[[[140.974457,-2.600518],[140.975767,-4.595946],[140.976904,-6.335116],[140.849211,-6.702846],[140.977162,-6.896632],[140.97698,-9.106134],[141.115001,-9.218438],[141.421723,-9.150323],[141.868419,-9.220392],[142.223399,-9.161228],[142.652599,-9.330255],[143.17335,-9.042901],[143.405528,-8.962172],[143.399913,-8.782159],[142.980479,-8.335626],[143.592052,-8.241957],[143.548025,-8.031671],[143.956798,-7.972263],[143.924327,-7.694268],[144.214854,-7.795994],[144.431326,-7.612237],[144.699474,-7.616795],[144.879568,-7.781671],[145.613292,-7.93255],[146.102794,-8.100274],[146.277192,-8.435235],[146.575857,-8.821954],[146.626801,-9.023045],[146.914887,-9.1242],[147.052745,-9.460219],[147.310069,-9.538832],[147.517589,-9.879002],[147.761729,-10.059747],[148.231293,-10.105645],[148.978038,-10.276137],[149.460623,-10.352309],[149.748383,-10.338311],[150.067393,-10.639907],[150.415701,-10.681899],[150.692882,-10.556736],[150.196788,-10.095147],[149.939464,-10.062433],[149.730968,-9.80934],[150.012218,-9.642185],[149.457205,-9.594171],[149.182872,-9.368097],[149.306651,-9.117446],[149.243663,-8.997166],[148.758311,-9.103692],[148.559255,-9.032485],[148.436778,-8.666192],[148.237559,-8.569268],[148.114024,-8.055352],[147.68336,-7.810724],[147.161876,-7.390558],[147.141368,-7.213067],[146.956228,-6.954685],[146.977306,-6.740411],[147.854015,-6.691013],[147.826671,-6.335382],[147.449067,-5.961602],[147.042247,-5.938653],[146.460948,-5.599298],[145.727387,-5.422459],[145.81186,-4.861017],[145.345714,-4.390232],[145.050955,-4.341892],[144.867849,-4.099216],[144.55128,-3.968438],[144.513438,-3.81756],[143.99586,-3.793145],[143.477875,-3.420587],[143.029307,-3.355564],[142.181895,-3.080173],[141.27589,-2.642348],[140.974457,-2.600518]]],[[[150.800955,-9.652439],[150.888357,-9.521417],[150.505544,-9.33766],[150.549327,-9.623224],[150.800955,-9.652439]]],[[[155.933442,-6.640802],[155.713878,-6.279229],[155.452159,-6.13714],[155.069347,-5.552179],[154.770356,-5.55877],[154.75587,-5.947849],[154.978689,-6.192966],[155.23463,-6.363377],[155.187266,-6.554457],[155.36085,-6.745864],[155.717784,-6.872817],[155.933442,-6.640802]]],[[[152.417979,-4.34531],[151.964692,-4.331231],[151.817149,-4.213962],[151.540294,-4.17669],[151.695649,-4.81878],[151.612478,-4.96559],[151.388031,-4.914483],[151.082856,-5.163832],[151.022227,-5.390313],[150.719005,-5.534112],[150.42335,-5.456638],[150.142345,-5.534112],[149.390473,-5.587335],[148.978038,-5.465265],[148.832774,-5.533868],[148.429942,-5.444757],[148.386241,-5.775079],[148.771983,-5.873305],[149.141856,-6.14422],[149.464041,-6.102634],[149.629405,-6.299249],[150.465099,-6.274021],[150.588064,-6.178399],[151.208507,-5.942804],[151.465099,-5.684991],[151.479015,-5.52988],[151.785981,-5.584893],[152.098888,-5.455743],[151.992686,-4.971775],[152.29184,-4.935479],[152.411632,-4.68377],[152.417979,-4.34531]]],[[[153.137218,-4.269464],[152.956309,-3.99863],[152.575206,-3.818129],[152.492931,-3.642836],[152.217459,-3.456964],[152.052501,-3.246677],[151.809093,-3.361098],[152.288585,-3.569757],[152.687836,-4.163832],[152.671153,-4.451755],[152.87379,-4.788832],[153.075206,-4.601821],[153.137218,-4.269464]]],[[[150.465099,-2.532485],[150.207856,-2.37477],[149.99464,-2.466485],[150.186778,-2.679457],[150.465099,-2.532485]]],[[[147.432791,-1.983819],[146.65211,-1.964451],[146.64796,-2.169366],[147.216482,-2.183038],[147.432791,-1.983819]]]]},"properties":{"name":"Papua New Guinea","ISO3166-1-Alpha-3":"PNG","ISO3166-1-Alpha-2":"PG"}},
{"type":"Feature","geometry":{"type":"Polygon","coordinates":[[[34.886729,29.490058],[34.824365,29.7417],[34.248351,31.211449],[34.200269,31.314267],[33.64796,31.117255],[32.731293,31.038764],[32.509532,31.10692],[32.056977,31.079657],[31.790212,31.343451],[31.220958,31.579901],[30.740733,31.405504],[30.362153,31.508734],[30.267751,31.25731],[30.042247,31.320502],[29.503266,30.956692],[29.028087,30.827053],[28.404959,31.086493],[27.897146,31.114407],[27.383474,31.2685],[27.320649,31.381008],[25.824067,31.614936],[25.401866,31.50316],[25.15089,31.65648],[24.861252,31.38036],[24.859495,31.145955],[24.994887,30.785099],[24.907658,30.498656],[24.688343,30.144156],[24.811643,29.89089],[24.873758,29.468332],[24.981245,29.181372],[24.981245,27.666503],[24.981245,26.664523],[24.981245,25.205439],[24.981245,23.746278],[24.981245,21.995351],[26.343797,21.995093],[28.290345,21.994783],[29.458232,21.994628],[31.248407,21.994369],[33.181136,21.995409],[34.084179,21.995454],[35.486443,21.995558],[36.883637,21.995714],[36.895383,22.066133],[36.439823,22.356443],[36.197765,22.651679],[35.885964,22.735695],[35.621087,23.139293],[35.489431,23.497016],[35.513927,23.977118],[35.391856,24.282782],[35.235455,24.400126],[34.54656,25.725043],[34.338715,26.001776],[34.014008,26.61164],[34.003591,26.848944],[33.825369,27.259711],[33.557872,27.53677],[33.512543,27.959052],[33.126475,28.287502],[32.868907,28.578925],[32.625499,28.972724],[32.591482,29.349514],[32.337657,29.599921],[32.563487,29.972398],[32.680837,29.599921],[32.88559,29.243069],[33.14503,29.031724],[33.228689,28.569403],[33.564708,28.297105],[33.763357,28.023993],[34.078461,27.800686],[34.427419,27.983059],[34.406912,28.30801],[34.633474,28.770697],[34.736583,29.305121],[34.886729,29.490058]]]},"properties":{"name":"Egypt","ISO3166-1-Alpha-3":"EGY","ISO3166-1-Alpha-2":"EG"}},
{"type":"Feature","geometry":{"type":"MultiPolygon","coordinates":[[[[51.978615,18.995638],[51.01981,18.866576],[49.128815,18.612095],[48.161949,18.148919],[47.589012,17.463276],[47.427575,17.091826],[47.190897,16.958914],[46.970342,16.956847],[46.710099,17.275381],[46.322629,17.224066],[45.430384,17.312019],[45.165387,17.428395],[44.404142,17.418731],[43.750642,17.345661],[43.391025,17.511955],[43.165044,17.32592],[43.108717,16.926978],[43.208608,16.773396],[43.036267,16.536304],[42.78948,16.370958],[42.819998,15.874945],[42.699229,15.717434],[42.803071,15.245185],[42.937266,14.948472],[43.09552,14.083956],[43.280935,13.722113],[43.248871,13.212714],[43.473155,12.846625],[43.909434,12.645331],[44.191173,12.619127],[44.542817,12.797309],[44.868337,12.732123],[45.193533,13.012681],[45.403005,13.070136],[45.665782,13.341986],[46.234548,13.436347],[46.700694,13.430325],[47.398204,13.654853],[47.667247,13.887193],[48.016856,14.057278],[48.188731,13.969143],[48.681488,14.043606],[49.003673,14.324774],[49.077973,14.50609],[49.578136,14.737291],[50.179535,14.843329],[50.554047,15.04857],[51.367849,15.229722],[52.04713,15.570014],[52.228363,15.616116],[52.155528,15.983873],[52.292735,16.263821],[52.597667,16.476711],[53.090343,16.642401],[52.801562,17.267423],[52.730145,17.299875],[51.978615,18.995638]]],[[[54.470662,12.543566],[54.119395,12.701117],[53.762894,12.619703],[53.396027,12.656468],[53.334239,12.51553],[53.572147,12.334614],[54.140498,12.351344],[54.470662,12.543566]]]]},"properties":{"name":"Yemen","ISO3166-1-Alpha-3":"YEM","ISO3166-1-Alpha-2":"YE"}},
{"type":"Feature","geometry":{"type":"Polygon","coordinates":[[[-8.682385,27.285416],[-8.680809,26.013142],[-10.202292,25.994952],[-12.015308,25.9949],[-12.015308,24.936619],[-12.015308,23.495182],[-12.353892,23.322479],[-12.619432,23.270829],[-13.015247,23.018002],[-13.165497,22.752695],[-13.09333,22.495476],[-13.015247,21.333428],[-15.002258,21.333169],[-16.958831,21.332859],[-17.056874,20.766913],[-16.931223,21.151516],[-16.665028,20.670559],[-16.391184,20.569485],[-16.199696,20.215155],[-16.297963,19.922512],[-16.233795,19.793647],[-16.474599,19.270819],[-16.204579,18.982733],[-16.069407,18.484036],[-16.024159,17.96015],[-16.04898,17.667182],[-16.172597,17.262356],[-16.459218,16.643948],[-16.539215,16.267239],[-16.542348,15.808824],[-16.465993,16.174053],[-16.327397,16.474551],[-15.672191,16.481372],[-15.49091,16.56452],[-14.930944,16.643378],[-14.343254,16.63666],[-13.811323,16.122066],[-13.484934,16.154984],[-13.31373,15.92213],[-13.237844,15.62344],[-12.96432,15.509158],[-12.856782,15.221992],[-12.471508,14.998],[-12.26413,14.774939],[-11.973967,14.779848],[-11.837076,14.893097],[-11.845655,15.179075],[-11.727057,15.541171],[-11.409557,15.602201],[-10.915169,15.102904],[-10.736368,15.422626],[-10.308746,15.435209],[-9.835596,15.371104],[-9.349218,15.495644],[-8.327006,15.495283],[-6.673929,15.494663],[-5.510951,15.495903],[-5.353286,16.311977],[-5.623347,16.527829],[-5.756466,17.741037],[-5.963533,19.620612],[-6.219383,21.822855],[-6.374722,23.150293],[-6.593107,24.994134],[-4.821613,24.995065],[-6.139905,25.79021],[-7.297043,26.470737],[-8.682385,27.285416]]]},"properties":{"name":"Mauritania","ISO3166-1-Alpha-3":"MRT","ISO3166-1-Alpha-2":"MR"}},
{"type":"Feature","geometry":{"type":"MultiPolygon","coordinates":[[[[9.799571,2.341742],[9.799083,1.901109],[9.407563,1.28384],[9.584321,1.042955],[9.804371,0.998354],[11.336341,0.999165],[11.322078,2.16576],[9.990997,2.165605],[9.799571,2.341742]]],[[[8.922699,3.750718],[8.702403,3.760932],[8.450206,3.272935],[8.695486,3.208564],[8.95753,3.643012],[8.922699,3.750718]]]]},"properties":{"name":"Equatorial Guinea","ISO3166-1-Alpha-3":"GNQ","ISO3166-1-Alpha-2":"GQ"}},
{"type":"Feature","geometry":{"type":"Polygon","coordinates":[[[-16.753651,13.065009],[-16.673525,13.164314],[-15.833318,13.156847],[-15.822673,13.319421],[-15.015074,13.495741],[-14.201687,13.229555],[-13.851036,13.33575],[-13.967489,13.575581],[-14.329947,13.456441],[-14.585539,13.660459],[-14.728579,13.619325],[-14.915803,13.792441],[-15.394069,13.771512],[-15.518195,13.5831],[-16.561399,13.586914],[-16.829701,13.338528],[-16.753651,13.065009]]]},"properties":{"name":"Gambia","ISO3166-1-Alpha-3":"GMB","ISO3166-1-Alpha-2":"GM"}},
{"type":"Feature","geometry":null,"properties":{"name":"Hong Kong S.A.R.","ISO3166-1-Alpha-3":"HKG","ISO3166-1-Alpha-2":"HK"}},
{"type":"Feature","geometry":null,"properties":{"name":"Vatican","ISO3166-1-Alpha-3":"VAT","ISO3166-1-Alpha-2":"VA"}},
{"type":"Feature","geometry":{"type":"Polygon","coordinates":[[[34.012289,35.063795],[33.899913,35.164455],[34.035622,35.471383],[33.427501,35.328925],[32.920421,35.397773],[32.711388,35.181632],[32.854924,35.079152],[33.09584,35.169741],[33.190253,35.189946],[33.400317,35.197749],[33.679435,35.033899],[33.906505,35.069105],[34.012289,35.063795]]]},"properties":{"name":"Northern Cyprus","ISO3166-1-Alpha-3":"-99","ISO3166-1-Alpha-2":"-99"}},
{"type":"Feature","geometry":{"type":"MultiPolygon","coordinates":[[[[33.906505,35.069105],[33.898116,35.061272],[34.021961,35.057009],[34.012289,35.063795],[33.906505,35.069105]]],[[[33.679435,35.033899],[33.400317,35.197749],[33.190253,35.189946],[33.09584,35.169741],[32.854924,35.079152],[32.711388,35.181632],[32.691549,35.183705],[32.712711,35.133774],[32.806504,35.09481],[32.815857,35.06277],[32.921949,35.072279],[33.415924,35.160336],[33.702935,34.987943],[33.679435,35.033899]]],[[[32.640694,35.187077],[32.601899,35.178616],[32.584809,35.172512],[32.659813,35.187082],[32.640694,35.187077]]]]},"properties":{"name":"Cyprus No Mans Area","ISO3166-1-Alpha-3":"-99","ISO3166-1-Alpha-2":"-99"}},
{"type":"Feature","geometry":{"type":"Polygon","coordinates":[[[77.048971,35.110442],[77.800346,35.495406],[77.412773,35.469412],[76.777351,35.646112],[77.048971,35.110442]]]},"properties":{"name":"Siachen Glacier","ISO3166-1-Alpha-3":"-99","ISO3166-1-Alpha-2":"-99"}},
{"type":"Feature","geometry":{"type":"Polygon","coordinates":[[[63.383914,45.565824],[63.867553,45.7477],[63.9553,46.061427],[63.754899,46.296658],[63.210488,46.372261],[62.900274,46.208964],[62.812527,45.895184],[62.900274,45.7477],[63.383914,45.565824]]]},"properties":{"name":"Baykonur Cosmodrome","ISO3166-1-Alpha-3":"-99","ISO3166-1-Alpha-2":"-99"}},
{"type":"Feature","geometry":null,"properties":{"name":"Akrotiri Sovereign Base Area","ISO3166-1-Alpha-3":"-99","ISO3166-1-Alpha-2":"-99"}},
{"type":"Feature","geometry":{"type":"Polygon","coordinates":[[[-73.465098,-49.759959],[-73.059745,-49.554971],[-73.098247,-49.272754],[-73.457863,-49.307687],[-73.586589,-49.529999],[-73.465098,-49.759959]]]},"properties":{"name":"Southern Patagonian Ice Field","ISO3166-1-Alpha-3":"-99","ISO3166-1-Alpha-2":"-99"}},
{"type":"Feature","geometry":{"type":"Polygon","coordinates":[[[33.181136,21.995409],[33.558442,21.710957],[33.866456,21.749724],[34.084179,21.995454],[33.181136,21.995409]]]},"properties":{"name":"Bir Tawil","ISO3166-1-Alpha-3":"-99","ISO3166-1-Alpha-2":"-99"}},
{"type":"Feature","geometry":{"type":"MultiPolygon","coordinates":[[[[-51.730641,-82.062557],[-53.224924,-82.125095],[-55.927235,-82.483087],[-57.698883,-82.910252],[-59.46996,-83.460138],[-61.624827,-83.312188],[-62.795033,-82.519708],[-62.471913,-82.256443],[-65.072581,-82.40602],[-66.062408,-82.195408],[-65.691721,-81.710545],[-62.207346,-81.69256],[-62.414174,-81.55755],[-65.174306,-81.512302],[-68.371653,-81.110284],[-69.975819,-80.976007],[-70.433705,-80.657322],[-72.557037,-80.798598],[-74.046864,-80.804132],[-74.838287,-80.919366],[-75.711985,-80.638116],[-75.57844,-80.403497],[-76.632192,-79.939223],[-75.924631,-79.520278],[-76.532582,-79.312921],[-80.429351,-79.258477],[-81.105702,-79.203383],[-83.253529,-78.772719],[-83.886138,-78.419366],[-83.677561,-78.011489],[-82.48705,-78.465753],[-80.295237,-78.846775],[-77.754018,-78.735772],[-77.412506,-78.41961],[-81.6162,-77.862074],[-80.762278,-77.789972],[-77.685414,-77.929864],[-75.217641,-78.144627],[-73.627309,-78.024998],[-72.722279,-77.575616],[-75.080393,-77.437107],[-75.526601,-77.541192],[-77.52359,-76.72975],[-76.499257,-76.524998],[-72.406239,-76.689386],[-71.709055,-76.762791],[-70.332143,-76.677667],[-70.180898,-76.450616],[-68.104319,-76.147882],[-66.218617,-76.010837],[-63.16161,-75.409438],[-64.272328,-75.241143],[-63.040924,-75.147231],[-63.57311,-74.871352],[-62.673166,-74.703302],[-62.131907,-74.951593],[-61.542714,-74.544041],[-60.681956,-74.324802],[-61.055409,-74.103123],[-60.79955,-73.577895],[-61.167633,-73.319757],[-60.093577,-73.299249],[-61.365631,-72.465997],[-60.642568,-72.429946],[-60.661773,-72.255792],[-61.427398,-72.065199],[-61.497222,-71.854913],[-60.771555,-71.760024],[-61.119049,-71.539321],[-60.93456,-71.182224],[-61.261708,-70.89422],[-62.005767,-70.793145],[-61.354237,-70.56113],[-62.380483,-70.413995],[-62.009267,-70.07586],[-62.529652,-69.863946],[-62.397288,-69.515232],[-62.962514,-69.379002],[-63.32079,-69.050063],[-63.21231,-68.838637],[-63.812896,-68.71795],[-64.359446,-68.784438],[-65.338531,-68.563409],[-65.481068,-68.308364],[-64.989084,-68.089125],[-65.672841,-67.88836],[-65.588735,-67.554376],[-64.749135,-67.307306],[-64.966298,-67.033868],[-64.773793,-66.845636],[-63.831288,-66.917901],[-63.936187,-66.704197],[-63.755767,-66.214614],[-62.668284,-66.227472],[-62.220326,-66.174249],[-61.682362,-66.316583],[-60.577504,-65.940118],[-61.244618,-65.912856],[-61.339345,-66.08766],[-62.022776,-66.111505],[-62.372426,-65.915704],[-61.960846,-65.493585],[-62.198313,-65.304457],[-61.739369,-65.087823],[-61.051747,-65.010919],[-60.234486,-64.520685],[-59.417633,-64.330824],[-58.993031,-64.443455],[-58.733306,-64.031427],[-58.077056,-63.662856],[-57.12678,-63.503513],[-57.105865,-63.241388],[-57.880279,-63.314711],[-58.131703,-63.444431],[-58.898549,-63.540216],[-59.489003,-63.879083],[-59.910878,-63.847914],[-60.877187,-64.047459],[-61.113189,-64.381443],[-61.582875,-64.442641],[-62.141835,-64.784845],[-62.518056,-64.731866],[-63.083608,-65.166111],[-63.826975,-65.030206],[-64.109853,-65.267755],[-63.682281,-65.523858],[-64.145131,-65.623956],[-64.686513,-66.038344],[-65.259755,-65.957452],[-65.640533,-66.214776],[-65.800364,-66.715753],[-66.292144,-66.58587],[-66.440582,-66.845636],[-67.540395,-67.138767],[-67.472157,-67.549005],[-66.632069,-67.543552],[-67.268707,-67.968683],[-66.945872,-68.222833],[-67.016184,-68.78574],[-66.759145,-69.071222],[-67.527496,-69.433689],[-67.953277,-69.374607],[-68.824859,-69.431329],[-68.361887,-69.683364],[-68.483754,-70.052667],[-67.949371,-70.311782],[-67.411122,-70.992852],[-67.622629,-71.433364],[-66.80016,-71.955499],[-66.747955,-72.092055],[-67.511098,-72.83408],[-68.667348,-73.088149],[-70.292958,-73.29339],[-73.07311,-73.444431],[-74.105133,-73.716078],[-75.268137,-73.621189],[-76.277211,-73.820896],[-77.242421,-73.812433],[-76.69872,-73.54754],[-77.531158,-73.467462],[-78.871816,-73.583185],[-78.744049,-73.364923],[-79.64745,-73.03867],[-81.311187,-73.273045],[-81.233998,-73.730239],[-82.064768,-73.886977],[-82.933705,-73.710382],[-83.881581,-73.666681],[-85.542877,-73.37184],[-85.678619,-73.177504],[-86.946523,-73.383559],[-87.504954,-73.201104],[-88.443837,-73.263604],[-88.714019,-73.119806],[-88.108754,-72.843357],[-89.110504,-72.764337],[-89.283803,-73.106622],[-90.206695,-73.149835],[-91.114858,-73.300714],[-91.953847,-73.184503],[-93.571645,-73.175226],[-94.335805,-73.321547],[-95.193756,-73.20908],[-95.842681,-73.331476],[-96.474965,-73.299493],[-97.717437,-73.025323],[-100.76594,-72.976007],[-101.960317,-73.055597],[-102.093984,-72.771742],[-103.041412,-72.707615],[-103.429921,-72.849379],[-103.288319,-73.159356],[-102.873647,-73.308201],[-101.856597,-73.304457],[-99.768056,-73.36419],[-99.48526,-73.547459],[-99.867421,-73.733087],[-101.16393,-73.770685],[-101.385365,-73.667169],[-102.88976,-73.585545],[-102.923329,-73.857517],[-101.589223,-74.000177],[-100.927317,-74.550551],[-100.130727,-74.473403],[-100.083363,-74.846124],[-99.323964,-74.962579],[-99.431386,-75.303399],[-100.137441,-75.384454],[-101.65685,-75.305352],[-101.564198,-75.146742],[-103.295969,-75.085382],[-105.141754,-75.181329],[-106.449127,-75.316827],[-107.866078,-75.3235],[-109.69286,-75.146091],[-111.481068,-75.195733],[-111.526845,-75.108005],[-110.294423,-74.781915],[-110.103139,-74.548598],[-110.448598,-74.271254],[-111.887034,-74.228611],[-111.916819,-74.618422],[-111.542633,-74.801528],[-113.969635,-74.884861],[-113.649281,-74.587986],[-113.883209,-74.237074],[-113.611195,-74.02516],[-114.210032,-73.863458],[-115.124867,-74.094903],[-114.83849,-74.471449],[-116.693471,-74.557875],[-117.662343,-74.503351],[-118.123891,-74.312758],[-118.975494,-74.404229],[-119.134999,-74.598077],[-120.829335,-74.739841],[-124.05134,-74.81113],[-124.365631,-74.706964],[-126.939076,-74.67669],[-128.473012,-74.763442],[-129.975087,-74.913263],[-131.012807,-74.816502],[-132.791168,-74.76865],[-133.865549,-74.928318],[-135.342397,-74.560154],[-136.884877,-74.828302],[-136.877594,-75.038181],[-139.56664,-75.148045],[-140.277008,-75.43255],[-141.238433,-75.598728],[-142.46703,-75.431736],[-144.307607,-75.642348],[-144.16039,-75.803969],[-146.209218,-75.91546],[-146.499623,-76.087009],[-145.538645,-76.315525],[-146.250722,-76.423761],[-148.197092,-76.087091],[-149.63976,-76.429946],[-148.45283,-76.506036],[-147.081695,-76.432794],[-145.592519,-76.916762],[-145.275014,-77.221124],[-145.406646,-77.479262],[-146.396596,-77.495212],[-146.889801,-77.255792],[-148.673695,-77.6749],[-149.974965,-77.816176],[-151.514597,-77.416436],[-154.894399,-77.103692],[-156.323842,-77.066095],[-157.083079,-77.351251],[-158.140207,-77.427911],[-158.637074,-77.864516],[-157.199574,-78.252699],[-156.348012,-78.199884],[-154.136586,-78.248305],[-154.730336,-78.454685],[-156.052846,-78.494073],[-156.528269,-78.66367],[-154.969797,-79.034763],[-153.079335,-79.139418],[-150.446889,-79.559177],[-149.092397,-79.630304],[-147.945668,-79.786554],[-148.834096,-80.13128],[-150.3697,-80.07464],[-150.60912,-80.269708],[-147.628,-80.92018],[-152.529191,-81.047133],[-156.450144,-81.148696],[-157.056711,-81.351332],[-154.996571,-81.48919],[-153.790354,-81.691013],[-154.804026,-81.965997],[-152.896799,-82.374119],[-152.542917,-82.54811],[-155.058787,-82.801935],[-155.592234,-83.046075],[-157.555287,-83.390232],[-162.169057,-83.524672],[-164.166249,-83.396091],[-165.086293,-83.202081],[-168.085805,-83.255548],[-170.719472,-83.196954],[-171.408315,-82.95379],[-174.027577,-82.915216],[-169.433054,-83.409438],[-168.053578,-83.753676],[-165.420725,-83.766778],[-163.70283,-84.0499],[-165.154408,-84.137953],[-165.409739,-84.364516],[-163.862864,-84.5499],[-155.642649,-84.827813],[-156.938832,-85.007013],[-156.008412,-85.221938],[-162.848948,-84.883071],[-168.018625,-84.78102],[-168.254709,-84.648207],[-175.178049,-84.414809],[-180,-84.352796],[-180,-84.515235],[-180,-85.01385],[-180,-85.512465],[-180,-86.01108],[-180,-86.509695],[-180,-87.00831],[-180,-87.506925],[-180,-88.00554],[-180,-88.504155],[-180,-89.00277],[-180,-89.501385],[-180,-90],[-179.500693,-90],[-179.001387,-90],[-178.50208,-90],[-178.002774,-90],[-177.503467,-90],[-177.004161,-90],[-176.504854,-90],[-176.005548,-90],[-175.506241,-90],[-175.006935,-90],[-174.507628,-90],[-174.008322,-90],[-173.509015,-90],[-173.009709,-90],[-172.510402,-90],[-172.011096,-90],[-171.511789,-90],[-171.012483,-90],[-170.513176,-90],[-170.01387,-90],[-169.514563,-90],[-169.015257,-90],[-168.51595,-90],[-168.016644,-90],[-167.517337,-90],[-167.018031,-90],[-166.518724,-90],[-166.019417,-90],[-165.520111,-90],[-165.020804,-90],[-164.521498,-90],[-164.022191,-90],[-163.522885,-90],[-163.023578,-90],[-162.524272,-90],[-162.024965,-90],[-161.525659,-90],[-161.026352,-90],[-160.527046,-90],[-160.027739,-90],[-159.528433,-90],[-159.029126,-90],[-158.52982,-90],[-158.030513,-90],[-157.531207,-90],[-157.0319,-90],[-156.532594,-90],[-156.033287,-90],[-155.533981,-90],[-155.034674,-90],[-154.535368,-90],[-154.036061,-90],[-153.536755,-90],[-153.037448,-90],[-152.538141,-90],[-152.038835,-90],[-151.539528,-90],[-151.040222,-90],[-150.540915,-90],[-150.041609,-90],[-149.542302,-90],[-149.042996,-90],[-148.543689,-90],[-148.044383,-90],[-147.545076,-90],[-147.04577,-90],[-146.546463,-90],[-146.047157,-90],[-145.54785,-90],[-145.048544,-90],[-144.549237,-90],[-144.049931,-90],[-143.550624,-90],[-143.051318,-90],[-142.552011,-90],[-142.052705,-90],[-141.553398,-90],[-141.054092,-90],[-140.554785,-90],[-140.055479,-90],[-139.556172,-90],[-139.056865,-90],[-138.557559,-90],[-138.058252,-90],[-137.558946,-90],[-137.059639,-90],[-136.560333,-90],[-136.061026,-90],[-135.56172,-90],[-135.062413,-90],[-134.563107,-90],[-134.0638,-90],[-133.564494,-90],[-133.065187,-90],[-132.565881,-90],[-132.066574,-90],[-131.567268,-90],[-131.067961,-90],[-130.568655,-90],[-130.069348,-90],[-129.570042,-90],[-129.070735,-90],[-128.571429,-90],[-128.072122,-90],[-127.572816,-90],[-127.073509,-90],[-126.574202,-90],[-126.074896,-90],[-125.575589,-90],[-125.076283,-90],[-124.576976,-90],[-124.07767,-90],[-123.578363,-90],[-123.079057,-90],[-122.57975,-90],[-122.080444,-90],[-121.581137,-90],[-121.081831,-90],[-120.582524,-90],[-120.083218,-90],[-119.583911,-90],[-119.084605,-90],[-118.585298,-90],[-118.085992,-90],[-117.586685,-90],[-117.087379,-90],[-116.588072,-90],[-116.088766,-90],[-115.589459,-90],[-115.090153,-90],[-114.590846,-90],[-114.09154,-90],[-113.592233,-90],[-113.092926,-90],[-112.59362,-90],[-112.094313,-90],[-111.595007,-90],[-111.0957,-90],[-110.596394,-90],[-110.097087,-90],[-109.597781,-90],[-109.098474,-90],[-108.599168,-90],[-108.099861,-90],[-107.600555,-90],[-107.101248,-90],[-106.601942,-90],[-106.102635,-90],[-105.603329,-90],[-105.104022,-90],[-104.604716,-90],[-104.105409,-90],[-103.606103,-90],[-103.106796,-90],[-102.60749,-90],[-102.108183,-90],[-101.608877,-90],[-101.10957,-90],[-100.610264,-90],[-100.110957,-90],[-99.61165,-90],[-99.112344,-90],[-98.613037,-90],[-98.113731,-90],[-97.614424,-90],[-97.115118,-90],[-96.615811,-90],[-96.116505,-90],[-95.617198,-90],[-95.117892,-90],[-94.618585,-90],[-94.119279,-90],[-93.619972,-90],[-93.120666,-90],[-92.621359,-90],[-92.122053,-90],[-91.622746,-90],[-91.12344,-90],[-90.624133,-90],[-90.124827,-90],[-89.62552,-90],[-89.126214,-90],[-88.626907,-90],[-88.127601,-90],[-87.628294,-90],[-87.128988,-90],[-86.629681,-90],[-86.130374,-90],[-85.631068,-90],[-85.131761,-90],[-84.632455,-90],[-84.133148,-90],[-83.633842,-90],[-83.134535,-90],[-82.635229,-90],[-82.135922,-90],[-81.636616,-90],[-81.137309,-90],[-80.638003,-90],[-80.138696,-90],[-79.63939,-90],[-79.140083,-90],[-78.640777,-90],[-78.14147,-90],[-77.642164,-90],[-77.142857,-90],[-76.643551,-90],[-76.144244,-90],[-75.644938,-90],[-75.145631,-90],[-74.646325,-90],[-74.147018,-90],[-73.647712,-90],[-73.148405,-90],[-72.649098,-90],[-72.149792,-90],[-71.650485,-90],[-71.151179,-90],[-70.651872,-90],[-70.152566,-90],[-69.653259,-90],[-69.153953,-90],[-68.654646,-90],[-68.15534,-90],[-67.656033,-90],[-67.156727,-90],[-66.65742,-90],[-66.158114,-90],[-65.658807,-90],[-65.159501,-90],[-64.660194,-90],[-64.160888,-90],[-63.661581,-90],[-63.162275,-90],[-62.662968,-90],[-62.163662,-90],[-61.664355,-90],[-61.165049,-90],[-60.665742,-90],[-60.166436,-90],[-59.667129,-90],[-59.167822,-90],[-58.668516,-90],[-58.169209,-90],[-57.669903,-90],[-57.170596,-90],[-56.67129,-90],[-56.171983,-90],[-55.672677,-90],[-55.17337,-90],[-54.674064,-90],[-54.174757,-90],[-53.675451,-90],[-53.176144,-90],[-52.676838,-90],[-52.177531,-90],[-52.117718,-90],[-51.678225,-90],[-51.178918,-90],[-50.679612,-90],[-50.180305,-90],[-49.680999,-90],[-49.181692,-90],[-48.682386,-90],[-48.183079,-90],[-47.683773,-90],[-47.184466,-90],[-46.68516,-90],[-46.185853,-90],[-45.686546,-90],[-45.18724,-90],[-44.687933,-90],[-44.188627,-90],[-43.68932,-90],[-43.190014,-90],[-42.690707,-90],[-42.191401,-90],[-41.692094,-90],[-41.192788,-90],[-40.693481,-90],[-40.194175,-90],[-39.694868,-90],[-39.195562,-90],[-38.696255,-90],[-38.196949,-90],[-37.697642,-90],[-37.198336,-90],[-36.699029,-90],[-36.199723,-90],[-35.700416,-90],[-35.20111,-90],[-34.701803,-90],[-34.202497,-90],[-33.70319,-90],[-33.203883,-90],[-32.704577,-90],[-32.20527,-90],[-31.705964,-90],[-31.206657,-90],[-30.707351,-90],[-30.208044,-90],[-29.708738,-90],[-29.209431,-90],[-28.710125,-90],[-28.210818,-90],[-27.711512,-90],[-27.212205,-90],[-26.712899,-90],[-26.213592,-90],[-25.714286,-90],[-25.214979,-90],[-24.715673,-90],[-24.216366,-90],[-23.71706,-90],[-23.217753,-90],[-22.718447,-90],[-22.21914,-90],[-21.719834,-90],[-21.220527,-90],[-20.721221,-90],[-20.221914,-90],[-19.722607,-90],[-19.223301,-90],[-18.723994,-90],[-18.224688,-90],[-17.725381,-90],[-17.226075,-90],[-16.726768,-90],[-16.227462,-90],[-15.728155,-90],[-15.228849,-90],[-14.729542,-90],[-14.230236,-90],[-13.730929,-90],[-13.231623,-90],[-12.732316,-90],[-12.23301,-90],[-11.733703,-90],[-11.234397,-90],[-10.73509,-90],[-10.235784,-90],[-9.736477,-90],[-9.237171,-90],[-8.737864,-90],[-8.238558,-90],[-7.739251,-90],[-7.239945,-90],[-6.740638,-90],[-6.241331,-90],[-5.742025,-90],[-5.242718,-90],[-4.743412,-90],[-4.244105,-90],[-3.744799,-90],[-3.245492,-90],[-2.746186,-90],[-2.246879,-90],[-1.747573,-90],[-1.248266,-90],[-0.74896,-90],[-0.249653,-90],[0.249653,-90],[0.74896,-90],[1.248266,-90],[1.747573,-90],[2.246879,-90],[2.746186,-90],[3.245492,-90],[3.744799,-90],[4.244105,-90],[4.743412,-90],[5.242718,-90],[5.742025,-90],[6.241331,-90],[6.740638,-90],[7.239945,-90],[7.739251,-90],[8.238558,-90],[8.737864,-90],[9.237171,-90],[9.736477,-90],[10.235784,-90],[10.73509,-90],[11.234397,-90],[11.733703,-90],[12.23301,-90],[12.732316,-90],[13.231623,-90],[13.730929,-90],[14.230236,-90],[14.729542,-90],[15.228849,-90],[15.728155,-90],[16.227462,-90],[16.726768,-90],[17.226075,-90],[17.725381,-90],[18.224688,-90],[18.723994,-90],[19.223301,-90],[19.722607,-90],[20.221914,-90],[20.721221,-90],[21.220527,-90],[21.719834,-90],[22.21914,-90],[22.718447,-90],[23.217753,-90],[23.71706,-90],[24.216366,-90],[24.715673,-90],[25.214979,-90],[25.714286,-90],[26.213592,-90],[26.712899,-90],[27.212205,-90],[27.711512,-90],[28.210818,-90],[28.710125,-90],[29.209431,-90],[29.708738,-90],[30.208044,-90],[30.707351,-90],[31.206657,-90],[31.705964,-90],[32.20527,-90],[32.704577,-90],[33.203883,-90],[33.70319,-90],[34.202497,-90],[34.701803,-90],[35.20111,-90],[35.700416,-90],[36.199723,-90],[36.699029,-90],[37.198336,-90],[37.697642,-90],[38.196949,-90],[38.696255,-90],[39.195562,-90],[39.694868,-90],[40.194175,-90],[40.693481,-90],[41.192788,-90],[41.692094,-90],[42.191401,-90],[42.690707,-90],[43.190014,-90],[43.68932,-90],[44.188627,-90],[44.687933,-90],[45.18724,-90],[45.686546,-90],[46.185853,-90],[46.68516,-90],[47.184466,-90],[47.683773,-90],[48.183079,-90],[48.682386,-90],[49.181692,-90],[49.680999,-90],[50.180305,-90],[50.679612,-90],[51.178918,-90],[51.678225,-90],[52.177531,-90],[52.676838,-90],[53.176144,-90],[53.675451,-90],[54.174757,-90],[54.674064,-90],[55.17337,-90],[55.672677,-90],[56.171983,-90],[56.67129,-90],[57.170596,-90],[57.669903,-90],[58.169209,-90],[58.668516,-90],[59.167822,-90],[59.667129,-90],[60.166436,-90],[60.665742,-90],[61.165049,-90],[61.651875,-90],[61.664355,-90],[62.163662,-90],[62.662968,-90],[63.162275,-90],[63.661581,-90],[64.160888,-90],[64.660194,-90],[65.159501,-90],[65.658807,-90],[66.158114,-90],[66.65742,-90],[67.156727,-90],[67.656033,-90],[68.15534,-90],[68.654646,-90],[69.153953,-90],[69.653259,-90],[70.152566,-90],[70.651872,-90],[71.151179,-90],[71.650485,-90],[72.149792,-90],[72.649098,-90],[73.148405,-90],[73.647712,-90],[74.147018,-90],[74.646325,-90],[75.145631,-90],[75.644938,-90],[76.144244,-90],[76.643551,-90],[77.142857,-90],[77.642164,-90],[78.14147,-90],[78.640777,-90],[79.140083,-90],[79.63939,-90],[80.138696,-90],[80.638003,-90],[81.137309,-90],[81.636616,-90],[82.135922,-90],[82.635229,-90],[83.134535,-90],[83.633842,-90],[84.133148,-90],[84.632455,-90],[85.131761,-90],[85.631068,-90],[86.130374,-90],[86.629681,-90],[87.128988,-90],[87.628294,-90],[88.127601,-90],[88.626907,-90],[89.126214,-90],[89.62552,-90],[90.124827,-90],[90.624133,-90],[91.12344,-90],[91.622746,-90],[92.122053,-90],[92.621359,-90],[93.120666,-90],[93.619972,-90],[94.119279,-90],[94.618585,-90],[95.117892,-90],[95.617198,-90],[96.116505,-90],[96.615811,-90],[97.115118,-90],[97.614424,-90],[98.113731,-90],[98.613037,-90],[99.112344,-90],[99.61165,-90],[100.110957,-90],[100.610264,-90],[101.10957,-90],[101.608877,-90],[102.108183,-90],[102.60749,-90],[103.106796,-90],[103.606103,-90],[104.105409,-90],[104.604716,-90],[105.104022,-90],[105.603329,-90],[106.102635,-90],[106.601942,-90],[107.101248,-90],[107.600555,-90],[108.099861,-90],[108.599168,-90],[109.098474,-90],[109.597781,-90],[110.097087,-90],[110.596394,-90],[111.0957,-90],[111.595007,-90],[112.094313,-90],[112.59362,-90],[113.092926,-90],[113.592233,-90],[114.09154,-90],[114.590846,-90],[115.090153,-90],[115.589459,-90],[116.088766,-90],[116.588072,-90],[117.087379,-90],[117.586685,-90],[118.085992,-90],[118.585298,-90],[119.084605,-90],[119.583911,-90],[120.083218,-90],[120.582524,-90],[121.081831,-90],[121.581137,-90],[122.080444,-90],[122.57975,-90],[123.079057,-90],[123.578363,-90],[124.07767,-90],[124.576976,-90],[125.076283,-90],[125.575589,-90],[126.074896,-90],[126.574202,-90],[127.073509,-90],[127.572816,-90],[128.072122,-90],[128.571429,-90],[129.070735,-90],[129.570042,-90],[130.069348,-90],[130.568655,-90],[131.067961,-90],[131.567268,-90],[132.066574,-90],[132.565881,-90],[133.065187,-90],[133.564494,-90],[134.0638,-90],[134.563107,-90],[135.062413,-90],[135.56172,-90],[136.061026,-90],[136.560333,-90],[137.059639,-90],[137.558946,-90],[138.058252,-90],[138.557559,-90],[139.056865,-90],[139.556172,-90],[140.055479,-90],[140.554785,-90],[141.054092,-90],[141.553398,-90],[142.052705,-90],[142.552011,-90],[143.051318,-90],[143.550624,-90],[144.049931,-90],[144.549237,-90],[145.048544,-90],[145.54785,-90],[146.047157,-90],[146.546463,-90],[147.04577,-90],[147.545076,-90],[148.044383,-90],[148.543689,-90],[149.042996,-90],[149.542302,-90],[150.041609,-90],[150.540915,-90],[151.040222,-90],[151.539528,-90],[152.038835,-90],[152.538141,-90],[153.037448,-90],[153.536755,-90],[154.036061,-90],[154.535368,-90],[155.034674,-90],[155.533981,-90],[156.033287,-90],[156.532594,-90],[157.0319,-90],[157.531207,-90],[158.030513,-90],[158.52982,-90],[159.029126,-90],[159.528433,-90],[160.027739,-90],[160.527046,-90],[161.026352,-90],[161.525659,-90],[162.024965,-90],[162.524272,-90],[163.023578,-90],[163.522885,-90],[164.022191,-90],[164.521498,-90],[165.020804,-90],[165.520111,-90],[166.019417,-90],[166.518724,-90],[167.018031,-90],[167.517337,-90],[168.016644,-90],[168.51595,-90],[169.015257,-90],[169.514563,-90],[170.01387,-90],[170.513176,-90],[171.012483,-90],[171.511789,-90],[172.011096,-90],[172.510402,-90],[173.009709,-90],[173.509015,-90],[174.008322,-90],[174.507628,-90],[175.006935,-90],[175.506241,-90],[176.005548,-90],[176.504854,-90],[177.004161,-90],[177.503467,-90],[178.002774,-90],[178.50208,-90],[179.001387,-90],[179.500693,-90],[180,-90],[180,-89.501385],[180,-89.00277],[180,-88.504155],[180,-88.00554],[180,-87.506925],[180,-87.00831],[180,-86.509695],[180,-86.01108],[180,-85.512465],[180,-85.01385],[180,-84.515235],[180,-84.353382],[180,-84.352796],[173.962169,-83.881768],[171.193126,-83.445571],[167.74879,-83.255141],[167.306488,-82.817071],[163.838715,-82.231052],[162.390147,-81.798028],[161.011485,-81.548761],[160.907481,-80.992852],[160.159923,-80.781508],[161.200938,-80.648207],[160.75172,-80.38006],[158.587901,-80.476983],[158.7824,-80.258966],[160.850922,-79.957452],[160.386974,-79.168145],[162.06544,-79.068617],[162.125743,-78.759861],[163.851736,-78.737074],[164.409679,-78.603936],[166.08961,-78.566827],[165.685232,-78.260837],[164.207856,-78.225763],[164.500743,-77.853936],[163.906505,-77.696384],[163.715831,-77.39658],[163.069509,-77.018731],[162.736095,-76.073907],[162.900076,-75.822931],[162.200531,-75.637872],[162.191091,-75.387791],[162.786143,-74.990004],[162.591482,-74.750177],[165.288097,-74.465265],[164.591482,-73.92669],[165.26059,-73.893324],[167.03297,-73.566095],[167.363129,-73.394301],[167.171397,-73.153009],[169.2199,-73.132501],[170.255382,-72.60296],[170.016368,-72.170831],[170.256358,-71.950779],[170.773611,-71.95086],[170.813731,-71.699802],[169.791515,-71.519464],[167.87794,-71.014337],[167.416189,-70.759047],[166.470714,-70.76629],[165.312266,-70.560317],[164.240408,-70.491143],[164.19988,-70.639337],[163.42213,-70.653578],[162.595225,-70.269138],[162.094412,-70.314142],[161.990082,-70.92254],[161.41627,-70.904474],[161.186778,-70.412042],[160.334483,-69.796075],[159.753591,-69.501886],[157.992198,-69.172133],[156.350108,-69.201918],[155.888031,-68.982599],[155.011078,-68.898858],[154.718516,-68.528253],[153.835948,-68.273614],[153.70045,-68.545668],[153.844981,-68.760431],[153.250662,-68.878188],[152.403087,-68.698663],[150.970714,-68.717218],[151.094249,-68.406996],[150.37794,-68.439874],[149.39031,-68.384373],[148.435395,-68.473321],[147.628673,-68.356052],[146.718028,-68.303399],[147.0713,-68.117446],[146.385427,-67.915216],[146.048106,-67.586602],[145.238129,-67.528253],[144.942068,-67.718927],[143.880707,-67.933852],[144.662364,-67.116632],[144.512462,-67.01572],[143.470714,-66.845636],[142.477061,-67.025974],[141.9817,-66.799981],[140.081554,-66.733168],[139.25172,-66.567153],[138.018728,-66.488539],[137.731944,-66.3742],[136.944591,-66.32822],[136.636485,-66.456476],[136.159516,-66.245375],[134.739268,-66.367283],[133.792328,-66.105401],[133.120372,-66.096775],[131.757823,-66.243341],[130.729991,-66.147149],[130.102712,-66.276788],[129.532563,-66.614435],[129.434093,-66.967218],[129.202647,-67.100356],[128.520518,-67.145766],[127.836436,-67.021173],[127.432384,-67.070408],[126.998709,-66.932794],[126.718923,-66.592869],[125.897797,-66.306248],[125.410411,-66.417657],[125.148123,-66.659601],[124.622813,-66.756443],[124.260509,-66.594985],[122.244395,-66.844985],[121.51531,-67.09295],[119.022227,-67.411798],[118.367931,-67.046482],[116.500011,-67.124282],[115.337901,-67.219496],[114.031505,-67.478448],[114.030121,-67.190688],[115.160167,-67.053969],[115.780772,-66.788263],[115.598969,-66.592869],[114.674653,-66.478774],[114.406749,-66.235935],[113.203624,-65.765395],[110.927094,-66.05462],[110.489024,-66.30877],[110.724946,-66.40545],[110.44516,-66.658298],[109.84783,-66.854425],[108.832774,-66.968032],[108.135753,-66.62477],[106.767833,-66.455743],[103.908214,-65.978774],[103.559906,-66.002211],[102.713715,-65.861261],[102.337901,-65.951267],[101.336436,-65.944024],[101.331065,-66.083917],[100.821544,-66.384535],[99.923188,-66.499688],[98.90504,-66.783298],[98.527599,-66.448989],[97.47169,-66.63128],[97.235199,-66.507989],[95.636974,-66.679132],[94.917166,-66.475356],[93.997081,-66.731378],[93.623546,-66.582615],[92.760265,-66.633884],[91.960134,-66.498224],[91.145193,-66.573826],[90.372325,-66.820733],[89.654307,-66.840427],[87.965668,-66.770278],[86.696788,-67.063897],[86.067149,-67.040948],[85.616466,-67.188165],[84.962169,-67.076104],[84.414073,-67.123793],[83.724132,-67.313653],[83.215343,-67.579034],[82.059418,-67.671808],[79.131358,-68.147719],[78.464366,-68.501642],[78.669932,-68.6985],[77.985606,-68.820082],[77.841645,-69.13006],[77.000499,-69.211684],[76.828136,-69.351983],[75.820486,-69.525079],[75.883311,-69.778904],[74.274587,-69.907403],[74.221365,-69.733575],[73.472992,-69.780938],[72.627452,-70.194594],[72.86964,-70.433364],[71.796235,-70.716404],[71.202485,-71.335056],[71.121104,-71.730564],[70.53004,-72.047947],[69.946462,-72.080743],[69.515147,-72.431899],[68.494314,-72.474867],[67.91863,-72.711196],[67.959158,-73.14658],[67.34197,-73.302341],[66.385427,-73.201837],[66.999766,-72.903497],[67.449067,-71.895929],[67.83253,-71.538507],[68.669688,-71.203709],[69.212901,-70.671808],[69.248383,-70.406915],[68.748383,-70.334405],[68.076671,-70.453546],[67.467459,-70.208266],[67.605479,-70.014825],[68.270844,-69.834731],[68.606293,-70.026951],[69.155284,-69.875665],[69.355235,-69.61712],[68.742035,-69.389255],[69.705577,-69.327325],[69.660981,-68.984308],[69.281261,-68.831313],[69.663259,-68.578871],[70.115408,-68.493585],[69.634776,-68.122166],[69.682953,-67.864435],[68.37672,-67.895196],[64.720958,-67.65309],[63.65089,-67.503351],[62.617361,-67.660089],[62.117442,-67.56227],[61.167003,-67.505304],[60.618907,-67.400567],[59.678559,-67.394138],[59.264903,-67.484308],[58.793305,-67.341241],[58.870616,-67.165134],[58.138845,-67.152032],[57.562755,-66.994236],[57.277517,-67.084893],[56.601248,-66.943455],[56.496593,-66.685724],[57.242442,-66.718927],[57.207693,-66.531183],[56.807791,-66.40545],[56.377208,-66.452813],[55.611583,-66.027927],[55.183442,-65.930922],[53.734548,-65.84588],[51.772146,-66.037205],[51.352306,-66.221775],[50.537364,-66.303888],[50.191417,-66.586521],[50.585948,-67.216404],[49.327973,-66.883477],[48.588064,-66.93727],[48.448741,-67.181736],[49.34962,-67.182387],[49.174653,-67.377048],[48.629405,-67.451918],[48.718272,-67.681899],[47.264903,-67.650649],[46.919607,-67.506524],[46.892426,-67.264581],[46.280772,-67.334242],[46.21697,-67.653009],[44.717133,-67.783624],[44.828624,-67.965916],[44.002208,-67.96852],[42.859386,-68.103774],[42.536143,-68.379571],[41.980724,-68.406345],[41.014822,-68.596449],[40.888845,-68.709405],[39.857921,-68.829522],[39.707367,-69.067966],[39.713064,-69.586847],[39.208832,-69.706638],[38.803559,-69.987726],[37.54005,-69.684747],[36.750987,-69.637465],[35.243988,-69.73561],[35.19988,-69.294122],[34.58725,-69.066827],[33.771251,-69.053481],[34.214203,-68.677911],[33.215994,-68.66961],[32.498871,-68.930922],[32.927908,-69.343683],[32.851085,-69.945489],[32.568858,-70.051528],[31.280447,-70.237074],[29.841156,-70.311293],[28.451671,-70.694024],[27.628429,-70.741306],[26.445649,-71.032403],[24.968028,-70.945489],[24.319347,-70.74033],[24.408865,-70.533949],[23.752452,-70.402602],[23.323009,-70.809747],[22.326915,-70.759454],[22.579275,-70.540216],[21.801606,-70.235935],[21.208507,-70.57643],[21.201182,-70.812188],[20.403982,-70.923435],[19.289236,-70.914321],[18.930919,-70.736017],[19.296641,-70.368097],[19.153494,-70.203546],[18.316173,-70.324395],[18.093761,-70.542413],[16.598155,-70.3742],[16.519867,-70.126723],[15.962576,-70.18963],[15.826915,-70.377618],[14.510509,-70.283868],[13.848806,-70.347833],[13.018321,-70.241795],[12.322032,-70.370294],[11.853526,-70.781508],[10.722667,-70.636895],[9.167817,-70.308038],[8.443126,-70.482354],[5.587738,-70.649184],[5.006114,-70.642673],[4.223969,-70.783787],[2.519705,-70.900567],[0.933767,-71.179376],[0.232188,-71.349867],[-0.469309,-71.754002],[-0.952138,-71.62363],[-0.812815,-71.377537],[-2.131256,-71.482599],[-2.887074,-71.267999],[-3.337799,-71.425226],[-5.193837,-71.330824],[-6.14977,-71.366306],[-5.735707,-71.038832],[-5.675282,-70.73268],[-6.31786,-70.70794],[-6.618276,-70.924005],[-7.284291,-70.791192],[-7.855784,-70.82586],[-7.564198,-71.150567],[-7.765207,-71.428399],[-7.596588,-71.594008],[-8.614125,-71.699884],[-9.105051,-71.185317],[-9.939524,-71.062433],[-11.072092,-71.549005],[-11.879506,-71.260349],[-12.380727,-71.39544],[-12.17516,-71.623956],[-10.949086,-71.742852],[-11.356557,-72.396417],[-12.456044,-72.559666],[-13.181264,-72.803888],[-14.222646,-72.828302],[-14.097483,-73.132989],[-14.883209,-73.042413],[-15.541412,-73.076837],[-16.438466,-73.413263],[-16.602854,-73.633559],[-15.686269,-73.9485],[-14.697133,-73.789646],[-14.361806,-73.85768],[-15.753082,-74.430434],[-16.597279,-74.307387],[-17.456288,-74.337172],[-17.802154,-74.776544],[-18.873525,-75.249444],[-18.5065,-75.415704],[-19.240468,-75.548435],[-20.399485,-75.472101],[-21.17394,-75.705011],[-22.301869,-75.644627],[-24.325592,-75.77988],[-25.94815,-75.933038],[-26.985178,-76.169692],[-28.85912,-76.353285],[-30.153472,-76.635349],[-30.692128,-76.849786],[-33.721099,-77.310968],[-35.312856,-77.844415],[-36.013092,-78.210545],[-36.441151,-78.611261],[-36.251332,-78.851658],[-32.82018,-79.24391],[-30.611195,-79.074965],[-29.541371,-79.280043],[-30.673248,-79.588067],[-24.729848,-79.781996],[-22.905629,-79.982843],[-24.25414,-80.075942],[-29.760813,-80.175551],[-31.278879,-80.297133],[-33.476186,-80.615411],[-35.214955,-80.695408],[-36.033193,-80.920668],[-37.622792,-80.996026],[-38.75536,-80.871026],[-41.763824,-81.410414],[-41.986195,-81.619561],[-43.190297,-81.899672],[-43.147776,-82.11419],[-44.011098,-82.391209],[-45.520416,-82.526625],[-46.688791,-82.40545],[-46.088775,-82.224379],[-46.279205,-81.909763],[-48.38036,-81.890313],[-51.730641,-82.062557]]],[[[-59.286773,-80.209649],[-59.820627,-79.76922],[-61.466054,-79.881606],[-61.750356,-80.368341],[-66.700917,-80.412367],[-64.284779,-80.751153],[-63.141103,-80.592462],[-62.522084,-80.864923],[-60.652659,-80.960382],[-59.819,-80.744887],[-59.757436,-80.335707],[-59.286773,-80.209649]]],[[[-66.149078,-79.628188],[-66.973012,-79.921645],[-65.511586,-79.964532],[-66.149078,-79.628188]]],[[[-33.916493,-79.312595],[-35.503407,-79.090102],[-36.726389,-79.29811],[-33.916493,-79.312595]]],[[[-66.734364,-78.441827],[-66.992909,-78.306736],[-70.592763,-78.885919],[-71.395416,-79.101739],[-71.815663,-79.479181],[-71.444163,-79.652927],[-70.341786,-79.696873],[-68.946441,-79.097263],[-66.734364,-78.441827]]],[[[-52.518788,-80.200128],[-53.457631,-80.160903],[-54.407826,-80.740004],[-54.16161,-80.87713],[-49.798004,-80.790948],[-49.719228,-80.685642],[-43.531565,-80.199965],[-43.015736,-79.849786],[-42.971547,-79.429946],[-43.739003,-78.800551],[-45.218984,-78.818943],[-45.155751,-78.661879],[-43.963124,-78.603285],[-43.818837,-78.248305],[-44.514556,-78.042169],[-45.934071,-77.817071],[-47.222524,-77.772638],[-49.072336,-78.042169],[-50.204091,-78.593032],[-50.713124,-79.281671],[-50.263661,-79.53574],[-52.518788,-80.200128]]],[[[-74.846791,-72.866632],[-76.126129,-73.158787],[-75.874582,-73.346612],[-74.593129,-73.614516],[-74.218577,-72.990818],[-74.846791,-72.866632]]],[[[-95.499216,-72.315606],[-95.715932,-72.104587],[-96.360463,-71.835056],[-97.048207,-71.876397],[-97.305653,-72.176853],[-98.228627,-72.045017],[-97.982411,-71.859633],[-98.828114,-71.760512],[-99.749501,-72.040297],[-100.437367,-71.879327],[-102.087026,-71.973891],[-102.292226,-72.126723],[-100.205312,-72.271254],[-99.396555,-72.498224],[-98.580149,-72.572849],[-96.054758,-72.583673],[-95.499216,-72.315606]]],[[[-74.912668,-71.02337],[-73.618886,-70.774998],[-73.883901,-70.570571],[-74.820872,-70.607029],[-75.199818,-70.776625],[-76.108998,-70.83766],[-76.542551,-70.96559],[-76.130442,-71.137872],[-74.912668,-71.02337]]],[[[-75.48351,-70.133722],[-74.873158,-70.183526],[-74.407135,-69.937677],[-74.962799,-69.716892],[-75.778798,-69.923272],[-75.48351,-70.133722]]],[[[-71.460072,-72.629164],[-70.523834,-72.667576],[-69.21817,-72.542901],[-69.138783,-72.375421],[-68.414133,-72.219659],[-68.161244,-71.606378],[-68.299184,-70.869073],[-68.720367,-70.369073],[-69.284779,-69.92311],[-69.317128,-69.625909],[-69.702789,-69.316095],[-70.077219,-69.291111],[-70.10558,-68.89072],[-70.402089,-68.786798],[-72.012685,-68.955499],[-72.142079,-69.232354],[-71.615875,-69.454848],[-71.91161,-69.708266],[-71.912221,-69.965916],[-71.316884,-70.177341],[-70.230702,-70.136326],[-70.117502,-70.329767],[-70.998606,-70.465753],[-71.26651,-70.680108],[-71.025502,-70.962172],[-71.690053,-71.158868],[-72.786122,-71.062758],[-72.895863,-71.230401],[-74.42276,-71.428318],[-75.403717,-71.670831],[-75.356028,-71.923598],[-74.00475,-72.173517],[-73.035064,-71.926446],[-72.338938,-71.613458],[-71.830556,-71.80283],[-70.719716,-71.905694],[-70.457672,-72.140232],[-70.709706,-72.396417],[-72.676747,-72.271254],[-73.109242,-72.473403],[-72.408274,-72.674493],[-71.460072,-72.629164]]],[[[-69.109283,-67.626153],[-68.884592,-67.762465],[-68.139027,-67.571466],[-67.676829,-67.148045],[-68.377838,-66.820733],[-69.154897,-67.475681],[-69.109283,-67.626153]]],[[[-62.906443,-64.521173],[-63.574941,-64.265232],[-64.029164,-64.774509],[-63.335805,-64.758966],[-62.906443,-64.521173]]],[[[-57.513336,-64.340997],[-57.155385,-64.085138],[-57.8072,-63.818129],[-58.25768,-63.906834],[-58.193471,-64.381036],[-57.513336,-64.340997]]],[[[-160.571116,-81.598891],[-160.67573,-81.462823],[-162.983876,-81.270278],[-163.728505,-81.481622],[-160.571116,-81.598891]]],[[[-159.842152,-79.348565],[-162.35322,-78.752618],[-163.265004,-78.757257],[-164.148061,-78.99212],[-163.936635,-79.411716],[-160.71288,-79.854587],[-158.974843,-79.722345],[-159.842152,-79.348565]]],[[[169.273448,-77.454522],[168.219574,-77.372328],[166.65447,-77.362563],[166.388682,-77.613377],[168.40089,-77.696222],[169.273448,-77.454522]]],[[[-120.26122,-73.92783],[-120.686431,-73.767267],[-123.065582,-73.675388],[-122.731068,-73.997735],[-123.028188,-74.248305],[-122.243479,-74.413263],[-121.099029,-74.348077],[-121.004018,-74.14837],[-120.26122,-73.92783]]],[[[-127.473175,-73.549574],[-126.546539,-73.670343],[-126.475453,-73.842218],[-124.78425,-74.226007],[-123.78303,-74.109633],[-124.629506,-73.730727],[-125.270009,-73.698826],[-125.599273,-73.429376],[-126.52717,-73.268324],[-127.303212,-73.318129],[-127.473175,-73.549574]]],[[[26.765636,-70.224298],[25.987315,-70.195001],[26.057302,-70.391046],[26.839854,-70.412042],[26.765636,-70.224298]]],[[[16.246837,-69.705987],[15.589122,-69.932061],[16.17156,-70.072931],[16.246837,-69.705987]]],[[[100.565929,-65.403009],[100.298025,-65.658624],[100.967052,-65.682875],[101.12672,-65.411879],[100.565929,-65.403009]]]]},"properties":{"name":"Antarctica","ISO3166-1-Alpha-3":"ATA","ISO3166-1-Alpha-2":"AQ"}},
{"type":"Feature","geometry":{"type":"MultiPolygon","coordinates":[[[[131.535899,-31.605564],[132.233735,-32.032973],[132.798025,-31.956313],[133.147797,-32.19671],[133.586192,-32.103123],[134.273285,-32.588067],[134.074067,-32.713962],[134.278819,-33.162693],[134.662364,-33.225518],[134.813975,-33.352797],[134.849864,-33.63836],[135.189789,-33.892999],[135.346446,-34.275567],[135.429535,-34.71266],[135.741466,-34.861017],[135.936778,-34.534601],[136.124848,-34.452895],[136.369395,-34.073419],[136.607432,-33.902927],[137.224864,-33.653253],[137.452159,-33.140069],[137.902354,-32.78753],[138.043956,-33.125095],[137.810444,-33.259985],[137.937492,-33.52784],[137.602061,-33.876642],[137.453868,-34.163995],[137.512706,-34.617771],[137.446137,-34.917413],[137.03061,-34.899835],[136.95338,-35.283949],[137.403494,-35.1242],[137.671397,-35.180841],[138.037771,-34.308038],[138.259939,-34.438409],[138.536306,-34.740899],[138.427419,-35.352634],[138.122732,-35.555352],[138.531261,-35.645929],[138.961192,-35.413832],[139.041352,-35.604099],[139.475434,-35.896417],[139.853689,-36.621759],[139.672048,-36.953383],[139.741547,-37.180841],[140.114268,-37.517511],[140.359874,-37.882094],[140.713552,-38.070571],[141.134288,-38.127618],[141.434418,-38.375095],[141.946788,-38.282892],[142.397716,-38.36712],[143.536957,-38.858331],[144.052501,-38.485772],[144.401866,-38.301202],[144.523285,-38.084242],[144.982677,-37.899347],[145.119314,-38.159356],[145.29656,-38.231703],[145.570811,-38.661716],[145.809337,-38.65016],[145.915782,-38.895766],[146.255707,-38.701755],[146.878591,-38.644301],[147.589366,-38.080662],[147.916515,-37.918552],[148.306407,-37.823419],[149.479015,-37.785903],[149.985362,-37.495864],[150.019542,-37.22088],[149.903819,-36.928399],[150.142345,-36.320001],[150.163422,-35.956638],[150.553966,-35.213556],[150.833751,-34.782403],[150.924918,-34.330419],[151.168956,-34.110121],[151.670584,-33.06113],[151.834033,-32.864967],[152.189464,-32.758559],[152.235862,-32.606999],[152.52156,-32.427494],[152.510083,-32.161881],[152.934502,-31.482811],[153.087901,-30.92669],[152.987796,-30.734634],[153.321625,-29.697524],[153.340343,-29.322686],[153.605968,-28.867446],[153.591075,-28.268487],[153.449474,-28.073175],[153.445567,-27.810479],[153.113617,-27.242364],[153.206228,-27.046075],[153.077485,-26.280857],[153.121593,-25.93377],[152.893809,-25.688165],[152.913829,-25.287693],[152.677094,-25.241876],[152.404796,-24.748712],[152.150401,-24.619073],[151.780447,-24.022556],[151.580577,-24.05755],[151.187185,-23.804132],[151.027442,-23.579997],[150.856619,-23.519952],[150.764415,-23.158868],[150.826427,-22.697931],[150.758311,-22.482354],[150.51295,-22.535414],[150.215587,-22.394789],[150.053559,-22.141534],[149.830821,-22.388604],[149.608572,-22.244317],[149.435395,-21.789727],[149.478282,-21.718438],[149.231212,-21.089776],[148.739757,-20.718927],[148.655284,-20.555434],[148.850841,-20.421075],[148.61085,-20.213637],[148.566661,-20.059991],[147.859223,-19.824884],[147.684255,-19.828058],[147.550466,-19.520929],[147.167247,-19.399998],[146.446544,-19.059747],[146.276622,-18.874282],[146.339366,-18.527032],[146.023774,-18.263116],[146.097911,-17.931329],[146.071056,-17.392022],[145.77768,-16.885349],[145.400401,-16.443292],[145.462413,-16.060479],[145.355805,-15.903416],[145.273774,-15.53574],[145.27711,-14.947035],[144.677582,-14.555841],[144.514903,-14.172784],[143.951996,-14.498956],[143.782725,-14.402276],[143.687266,-14.014337],[143.534434,-13.76572],[143.594574,-13.435805],[143.526622,-13.329767],[143.43393,-12.613051],[143.25294,-12.38893],[143.077159,-12.32879],[143.203949,-11.982517],[142.872895,-11.850681],[142.741954,-10.97503],[142.448578,-10.714532],[142.174571,-10.930108],[142.131847,-11.338149],[141.947602,-11.896173],[141.801036,-12.055108],[141.665701,-12.441095],[141.811371,-12.58408],[141.754731,-12.818455],[141.58546,-12.977472],[141.690766,-13.259861],[141.474132,-13.7763],[141.583995,-14.076104],[141.521658,-14.483819],[141.665701,-15.011407],[141.487071,-15.478936],[141.424815,-16.08172],[141.199474,-16.703058],[140.947032,-17.018324],[140.833263,-17.450779],[140.507498,-17.636326],[139.999522,-17.70615],[139.274181,-17.348321],[139.037283,-16.915623],[138.657237,-16.779718],[138.184255,-16.697198],[137.866873,-16.437107],[137.746104,-16.25213],[137.361176,-16.122166],[137.045909,-15.922296],[136.767914,-15.900811],[136.267914,-15.545017],[136.240082,-15.424086],[135.469574,-14.948012],[135.391287,-14.739923],[135.903331,-14.135837],[136.004893,-13.798028],[135.844837,-13.600186],[135.883365,-13.325764],[136.30836,-13.162774],[136.450531,-13.216404],[136.636944,-12.954941],[136.473806,-12.79225],[136.679222,-12.671292],[136.690603,-12.28281],[136.450713,-11.942333],[136.026134,-12.311456],[135.739268,-11.941502],[135.53528,-12.080621],[135.07016,-12.259942],[134.861095,-12.12656],[134.382172,-12.042657],[134.132172,-11.886407],[133.943126,-11.91367],[133.802501,-11.714939],[133.622081,-11.833266],[133.34669,-11.688246],[133.141124,-11.674574],[132.910981,-11.331801],[132.674164,-11.508396],[132.349946,-11.146254],[132.188324,-11.351251],[132.014334,-11.139581],[131.856212,-11.303399],[132.084727,-11.517999],[132.369884,-11.434991],[132.594981,-11.622003],[132.627208,-12.043878],[132.045665,-12.307387],[131.904633,-12.219822],[131.492931,-12.297784],[131.327891,-12.185317],[131.000173,-12.171319],[130.783865,-12.434991],[130.344981,-12.695001],[130.351817,-12.842462],[130.129893,-12.940525],[130.118663,-13.156183],[130.273204,-13.31878],[129.968923,-13.53045],[129.71754,-14.015558],[129.49586,-14.089125],[129.358084,-14.408787],[129.585216,-14.566339],[129.724132,-14.790704],[129.611827,-14.94256],[129.221446,-14.84352],[129.051036,-14.880141],[128.5324,-14.752862],[128.195811,-15.056817],[128.175304,-14.698419],[127.90561,-14.497491],[127.666026,-14.178399],[127.322439,-13.917413],[127.107432,-13.952813],[126.952891,-13.723565],[126.569184,-14.195245],[126.39031,-14.00506],[126.141287,-14.195489],[126.04127,-14.508722],[125.658051,-14.360284],[125.144298,-14.728448],[125.354503,-14.99391],[124.84197,-15.141209],[124.629649,-15.504978],[124.403331,-15.559259],[124.404307,-15.87477],[124.590017,-16.094171],[124.378429,-16.214939],[123.835216,-16.368259],[123.651622,-16.360284],[123.566173,-16.615981],[123.693126,-16.729913],[123.837087,-17.13242],[123.399669,-17.329278],[123.15089,-16.807712],[122.886404,-16.512302],[122.704275,-16.786716],[122.276052,-17.089288],[122.172048,-17.261163],[122.14324,-17.563653],[122.220388,-18.197198],[121.91033,-18.464451],[121.642589,-18.810235],[121.519379,-19.069594],[121.193533,-19.472426],[120.954356,-19.633722],[120.238292,-19.906834],[119.802257,-19.965753],[119.566661,-20.06878],[119.068533,-19.982843],[118.831798,-20.261977],[118.13559,-20.362074],[117.839366,-20.616876],[117.35377,-20.727716],[117.062511,-20.621677],[116.743175,-20.616876],[116.434744,-20.822361],[115.936697,-21.059015],[115.4546,-21.513767],[114.928966,-21.693943],[114.646739,-21.843357],[114.391938,-22.358005],[114.171397,-22.317478],[114.011485,-21.859959],[113.646658,-22.577732],[113.811534,-23.051365],[113.737559,-23.527032],[113.459727,-23.910333],[113.385265,-24.249119],[113.439464,-24.53281],[113.610606,-24.892755],[114.155284,-25.789727],[114.258556,-25.841892],[114.103776,-26.447882],[113.935469,-26.191722],[113.70436,-26.148046],[113.760609,-25.904793],[113.532888,-25.618259],[113.420781,-25.728215],[113.684138,-26.221604],[113.884773,-26.342673],[113.8525,-26.544772],[113.598283,-26.518507],[113.45009,-26.200609],[113.297782,-26.397289],[113.590579,-26.675651],[114.012543,-27.315362],[114.143891,-27.687758],[114.166026,-28.106703],[114.531098,-28.522393],[114.577485,-28.785089],[114.832042,-29.092055],[114.97877,-29.479913],[114.974864,-30.214044],[115.180919,-30.827244],[115.680349,-31.648614],[115.743663,-31.92783],[115.714366,-32.302992],[115.769298,-32.602309],[115.600922,-32.661716],[115.66684,-33.287693],[115.434093,-33.595473],[114.956798,-33.682306],[115.017833,-34.26214],[115.334727,-34.314223],[115.745453,-34.540216],[116.019786,-34.82936],[116.465099,-35.000665],[116.899587,-35.050388],[117.359548,-35.024184],[117.538585,-35.092218],[118.119884,-34.987074],[118.931977,-34.445896],[119.382091,-34.440118],[119.572032,-34.142022],[120.002208,-33.926039],[120.422699,-33.969903],[120.572276,-33.891534],[121.532888,-33.819513],[121.812999,-33.895115],[122.015636,-33.825372],[122.560313,-33.959161],[122.787852,-33.881036],[123.566661,-33.884373],[123.952485,-33.567315],[124.116547,-33.121515],[124.356944,-32.952813],[124.708832,-32.903904],[125.000255,-32.737237],[125.537275,-32.548379],[125.87,-32.332983],[126.18572,-32.232517],[126.677745,-32.316583],[127.288748,-32.27337],[128.017345,-32.084242],[128.990001,-31.690525],[130.156912,-31.573907],[130.833751,-31.601739],[131.177501,-31.477634],[131.535899,-31.605564]]],[[[147.998546,-43.230401],[148.004731,-42.908868],[147.888682,-42.819513],[147.983409,-42.319024],[148.260997,-41.800388],[148.331391,-41.002211],[147.984223,-40.736505],[147.819835,-40.893487],[147.444835,-41.008396],[147.017589,-40.976658],[146.423676,-41.166192],[145.79127,-41.017022],[145.711599,-40.930434],[144.68922,-40.704522],[144.605805,-40.996515],[144.926036,-41.70908],[145.206554,-41.966567],[145.264171,-42.59531],[145.873302,-43.258396],[146.030772,-43.48268],[146.51352,-43.533949],[146.710704,-43.629002],[147.099783,-43.299412],[147.257579,-43.254327],[147.360199,-42.925226],[147.585623,-42.821222],[147.792491,-43.244073],[147.998546,-43.230401]]],[[[148.014903,-40.150567],[148.307384,-40.237726],[148.299001,-39.961847],[147.853689,-39.827732],[148.014903,-40.150567]]],[[[138.129649,-35.816339],[137.580821,-35.726821],[137.352224,-35.585626],[136.621104,-35.751235],[136.532563,-35.911879],[136.715587,-36.062758],[137.211681,-35.980157],[137.459239,-36.082696],[137.756684,-35.871515],[138.129649,-35.816339]]],[[[153.369965,-24.989028],[153.038341,-25.183526],[152.948253,-25.552179],[153.083507,-25.665785],[153.369965,-24.989028]]],[[[139.734141,-16.443292],[139.287852,-16.470636],[139.444672,-16.664646],[139.734141,-16.443292]]],[[[136.951508,-14.181573],[136.716807,-14.063653],[136.791352,-13.917739],[136.684337,-13.720473],[136.430186,-13.87713],[136.460785,-14.216404],[136.903087,-14.298923],[136.951508,-14.181573]]],[[[130.536794,-11.705011],[130.396821,-11.534601],[130.349946,-11.339451],[130.146983,-11.489028],[130.201508,-11.653497],[130.536794,-11.705011]]],[[[131.537364,-11.413263],[131.274425,-11.18963],[131.009776,-11.354913],[130.691661,-11.422784],[130.365977,-11.232354],[130.496593,-11.649509],[130.979991,-11.926446],[131.432384,-11.607029],[131.537364,-11.413263]]]]},"properties":{"name":"Australia","ISO3166-1-Alpha-3":"AUS","ISO3166-1-Alpha-2":"AU"}},
{"type":"Feature","geometry":{"type":"MultiPolygon","coordinates":[[[[-40.875803,65.096503],[-40.184316,65.041897],[-39.857574,65.235785],[-39.874501,65.505927],[-38.22057,65.64643],[-37.797922,66.048733],[-37.210113,65.775295],[-36.388783,66.01553],[-36.073801,65.935492],[-34.6433,66.380439],[-33.750885,66.988349],[-33.186676,67.557685],[-32.125396,68.050686],[-31.411122,68.118313],[-30.91275,68.045111],[-30.008168,68.126044],[-29.006663,68.347602],[-26.416737,68.658922],[-25.667714,68.870429],[-24.615102,69.280097],[-23.703033,69.718085],[-22.371653,70.115058],[-23.559804,70.11286],[-25.305287,70.413235],[-26.326161,70.19831],[-26.743316,70.484117],[-28.2329,70.372016],[-28.310292,70.56387],[-27.506174,70.942125],[-26.425608,70.974555],[-25.601918,71.169582],[-25.410064,71.353664],[-24.669423,71.271959],[-24.264882,71.081366],[-23.929799,70.613186],[-23.345448,70.440579],[-22.660878,70.438463],[-21.730051,70.579047],[-21.572418,70.955797],[-21.784983,71.086127],[-21.667958,71.401435],[-22.531402,71.464545],[-22.305084,71.697211],[-22.503407,71.900784],[-24.34203,72.331732],[-24.848378,72.724107],[-25.522776,72.840237],[-24.984283,73.025784],[-25.720611,73.138129],[-25.704945,73.272203],[-25.292226,73.473538],[-24.375396,73.559556],[-22.314076,73.250434],[-21.280914,73.45718],[-20.543284,73.449042],[-20.688588,73.886461],[-22.2294,74.101304],[-21.771637,74.438707],[-21.255035,74.474189],[-20.35733,74.445258],[-20.200673,74.279771],[-19.374379,74.266832],[-18.974762,74.484361],[-20.758168,74.831285],[-20.667836,75.293158],[-19.427235,75.225531],[-19.3815,75.541327],[-19.749379,75.888983],[-19.672434,76.127265],[-21.56725,76.384711],[-21.935455,76.622707],[-20.513417,76.945705],[-18.502187,76.748725],[-18.324452,77.208482],[-20.230133,77.372504],[-20.77477,77.617011],[-20.020375,77.692532],[-20.760569,77.970608],[-21.629994,77.998114],[-20.88976,78.564399],[-20.978993,78.766832],[-19.925852,78.828681],[-19.910553,79.018256],[-18.95519,79.148993],[-19.565907,79.385932],[-19.207753,79.708482],[-20.423085,79.839586],[-19.474355,80.260199],[-17.872874,80.161119],[-16.447336,80.219306],[-15.4204,80.648383],[-11.63858,81.388414],[-12.027659,81.637274],[-13.920481,81.812201],[-16.485219,81.749457],[-17.14684,81.413398],[-19.246327,81.554755],[-21.362782,81.200385],[-21.025624,81.771633],[-21.388417,82.083441],[-24.619862,81.987494],[-29.852284,82.13935],[-23.886708,82.278876],[-22.437327,82.339993],[-21.318512,82.605536],[-23.662221,82.838284],[-25.649648,83.297553],[-30.647125,83.601752],[-32.490712,83.634101],[-38.690297,83.425482],[-37.628326,83.153551],[-39.437611,82.961819],[-40.690297,82.986518],[-41.740712,83.194648],[-45.153798,83.16234],[-46.557525,82.89289],[-43.727203,82.406887],[-44.398793,82.105211],[-46.008168,82.0362],[-48.73526,82.35814],[-51.107249,82.509914],[-50.581288,82.153998],[-49.464508,81.947211],[-50.890696,81.878119],[-53.023752,82.008043],[-54.440745,82.372707],[-58.610911,82.105211],[-61.281077,81.815131],[-60.786855,81.508857],[-61.501536,81.107856],[-62.976796,81.228339],[-64.753529,80.996243],[-65.124745,80.779731],[-66.758412,80.552436],[-67.455434,80.342515],[-67.05012,80.061184],[-64.926015,80.072659],[-64.859853,79.507758],[-66.117096,79.102769],[-66.678863,79.144436],[-69.033925,78.980048],[-69.438629,78.808783],[-72.590199,78.521226],[-72.784291,78.107611],[-70.255442,77.557359],[-69.222564,77.452908],[-67.591664,77.524359],[-66.613433,77.673896],[-66.053375,77.493476],[-66.772776,77.35635],[-68.369496,77.376858],[-69.061879,77.25727],[-70.90331,77.191352],[-71.345611,76.991767],[-70.660146,76.801988],[-68.910308,76.664862],[-69.57726,76.437649],[-68.432525,76.079413],[-66.487131,75.947414],[-65.354482,76.026801],[-63.476918,76.376899],[-62.397613,76.244574],[-60.872548,76.158149],[-59.272206,75.880113],[-59.041615,75.701361],[-58.166737,75.500434],[-58.659535,75.377346],[-58.1315,75.108222],[-56.846018,74.811225],[-56.603383,74.244818],[-55.269114,73.386623],[-55.465688,73.072943],[-54.650258,72.844957],[-54.968332,72.516995],[-54.883453,72.251166],[-55.551747,72.038153],[-55.370107,71.825995],[-55.847524,71.721991],[-55.514475,71.449164],[-54.625152,71.351304],[-53.951772,71.437812],[-53.678944,71.742499],[-52.662994,71.679755],[-52.700917,71.525946],[-52.049428,71.24726],[-51.914866,71.02143],[-51.189768,70.886908],[-51.549428,70.431586],[-52.450347,70.702582],[-53.979644,70.829657],[-54.588124,70.682563],[-54.018707,70.413235],[-53.231842,70.353095],[-52.329498,70.053616],[-50.332875,69.88996],[-50.847157,69.626288],[-50.887522,69.174465],[-51.101877,68.866197],[-50.929067,68.67414],[-51.568837,68.523871],[-52.616444,68.525946],[-53.08849,68.317857],[-52.445139,68.181464],[-51.223256,68.274807],[-51.217112,68.070868],[-51.931549,68.04682],[-52.582875,68.191067],[-53.135894,68.109117],[-53.687652,67.811835],[-53.576731,67.518866],[-53.964915,67.104438],[-53.647043,66.911566],[-53.095774,66.931952],[-52.66747,66.69302],[-53.42691,66.645331],[-53.695302,66.358832],[-53.353668,66.112128],[-53.455393,65.960761],[-52.272857,65.446519],[-52.278554,65.078803],[-51.879262,64.837063],[-52.156158,64.678778],[-52.142606,64.222183],[-51.835072,64.225043],[-51.252553,64.760199],[-50.909739,64.685045],[-50.899526,64.406684],[-51.439931,64.082261],[-51.539215,63.685045],[-51.127309,63.495551],[-51.056304,63.18476],[-50.593007,63.230292],[-50.562978,62.980902],[-50.178456,62.766425],[-50.307729,62.491278],[-49.69579,62.266791],[-49.310414,61.996161],[-49.434926,61.847357],[-49.241078,61.607571],[-48.61913,61.212144],[-48.017445,61.046536],[-47.932118,60.841742],[-47.056508,60.860785],[-46.862294,60.800116],[-46.375722,61.084662],[-45.393666,60.516343],[-44.926381,60.327094],[-44.974843,60.03974],[-43.99059,60.190863],[-43.138173,60.080756],[-43.315419,60.437486],[-42.826283,60.611274],[-42.885081,60.845404],[-42.672515,61.025133],[-42.707509,61.291815],[-42.117177,62.006741],[-42.423085,62.815823],[-41.750111,62.84394],[-41.47289,63.225775],[-40.614125,63.807563],[-40.560943,64.106879],[-41.387278,64.178534],[-40.561106,64.51496],[-40.629058,64.692084],[-41.054555,64.877387],[-40.875803,65.096503]]],[[[-43.171702,60.07392],[-44.073313,60.176337],[-43.89977,59.992174],[-43.171702,60.07392]]],[[[-52.902903,69.34512],[-52.141591,69.477281],[-51.998158,69.80508],[-52.728098,69.928656],[-53.265981,70.202297],[-54.453033,70.3133],[-54.829172,70.200832],[-54.992747,69.701972],[-54.737375,69.589057],[-53.881093,69.561103],[-53.587392,69.239081],[-52.902903,69.34512]]],[[[-44.529164,82.413764],[-46.324208,82.678534],[-47.698069,82.643785],[-46.875966,82.360012],[-45.070424,82.222561],[-44.529164,82.413764]]],[[[-25.31725,70.746975],[-25.703765,71.085842],[-26.662506,70.89647],[-27.067494,70.893541],[-28.067698,70.430732],[-26.575103,70.52383],[-25.301137,70.657294],[-25.31725,70.746975]]],[[[-21.949086,72.428697],[-23.146799,72.840196],[-24.48526,72.826565],[-24.351796,72.591295],[-22.250356,72.120998],[-21.949086,72.428697]]],[[[-21.928619,72.737779],[-21.900746,72.915961],[-23.238271,73.075263],[-23.163319,72.877916],[-22.654042,72.698065],[-21.928619,72.737779]]],[[[-24.524281,73.047919],[-22.980702,73.107123],[-23.230214,73.251125],[-24.460072,73.425035],[-25.24352,73.411119],[-25.707265,73.184719],[-24.524281,73.047919]]],[[[-20.352691,74.251654],[-20.547597,74.409898],[-21.24706,74.457099],[-21.932932,74.207668],[-21.025461,74.09634],[-20.352691,74.251654]]],[[[-17.316965,75.136135],[-17.813385,75.088853],[-18.513417,75.373196],[-18.927602,75.04678],[-17.497629,74.998114],[-17.316965,75.136135]]]]},"properties":{"name":"Greenland","ISO3166-1-Alpha-3":"GRL","ISO3166-1-Alpha-2":"GL"}},
{"type":"Feature","geometry":{"type":"MultiPolygon","coordinates":[[[[180,-16.149112],[179.764415,-16.18141],[179.240408,-16.398126],[178.917003,-16.470636],[178.602306,-16.779718],[178.705333,-16.998793],[179.266368,-16.689874],[179.296886,-16.806817],[179.903819,-16.717706],[179.738455,-16.459242],[180,-16.168951],[180,-16.149112]]],[[[178.711436,-17.991957],[178.602306,-17.649998],[178.262706,-17.335626],[177.833263,-17.366469],[177.388927,-17.640558],[177.251638,-17.952244],[177.335948,-18.105564],[177.827159,-18.23447],[178.168305,-18.248468],[178.277029,-18.146254],[178.663585,-18.088149],[178.711436,-17.991957]]]]},"properties":{"name":"Fiji","ISO3166-1-Alpha-3":"FJI","ISO3166-1-Alpha-2":"FJ"}},
{"type":"Feature","geometry":{"type":"MultiPolygon","coordinates":[[[[168.199474,-47.047621],[168.17921,-46.864435],[167.920584,-46.683038],[167.648204,-47.048028],[167.901866,-47.188409],[168.199474,-47.047621]]],[[[172.748694,-43.279694],[172.811209,-43.169041],[173.287283,-42.953871],[173.558604,-42.491143],[173.89088,-42.240818],[174.197927,-41.876072],[174.225922,-41.723403],[174.055512,-41.424574],[174.260427,-41.118259],[174.211436,-40.999607],[173.571137,-41.068129],[173.212738,-41.301853],[173.030935,-41.149102],[173.064952,-40.886651],[172.689138,-40.734063],[172.641449,-40.509698],[172.106781,-40.886895],[172.070811,-41.414239],[171.903819,-41.606866],[171.48878,-41.830336],[171.122813,-42.59238],[170.700742,-42.954659],[169.896821,-43.394464],[169.733653,-43.565688],[169.192149,-43.758722],[168.746755,-44.010349],[168.340099,-44.118341],[167.418712,-44.840916],[167.203461,-44.949965],[166.702485,-45.542413],[166.797537,-45.724379],[166.489757,-45.80755],[166.469412,-45.983494],[166.761974,-46.219985],[167.405772,-46.251153],[167.697927,-46.188735],[167.850108,-46.39658],[168.216075,-46.354425],[168.365733,-46.540216],[168.8449,-46.560154],[169.035981,-46.681899],[169.635102,-46.578383],[170.234874,-46.153985],[170.333751,-45.981541],[170.787283,-45.863051],[170.698416,-45.679295],[170.980317,-45.154962],[171.203136,-44.905532],[171.195974,-44.566827],[171.346002,-44.278631],[172.497081,-43.721856],[172.87672,-43.902032],[173.052908,-43.653253],[172.803966,-43.611017],[172.748694,-43.279694]]],[[[176.953712,-39.607513],[176.906261,-39.447524],[177.064952,-39.199395],[177.38738,-39.077407],[177.882823,-39.085545],[177.964041,-38.761407],[178.294607,-38.539809],[178.351573,-38.001723],[178.564301,-37.717706],[178.27768,-37.559259],[178.031505,-37.549574],[177.73878,-37.676202],[177.556814,-37.913832],[177.145518,-38.023533],[176.518565,-37.76214],[175.997244,-37.631768],[175.881847,-36.926039],[175.502452,-36.653904],[175.595714,-37.213149],[175.367198,-37.207208],[175.240977,-36.942315],[174.819102,-36.823663],[174.722911,-36.593683],[174.757009,-36.244887],[174.496918,-35.987563],[174.569509,-35.594334],[174.33253,-35.288018],[174.137543,-35.319106],[173.888194,-35.006036],[173.478282,-34.990411],[173.123057,-34.809666],[173.100271,-35.219985],[173.858246,-36.065606],[174.079845,-36.399509],[174.441417,-36.406508],[174.359874,-36.63128],[174.488943,-37.014581],[174.832774,-36.942804],[174.691661,-37.32936],[174.850352,-37.764907],[174.705089,-38.119724],[174.578868,-38.839451],[173.852712,-39.134454],[173.784434,-39.393243],[173.986583,-39.54225],[174.319021,-39.613865],[174.567638,-39.826755],[174.967296,-39.916436],[175.154959,-40.085382],[175.234874,-40.336033],[175.141287,-40.674412],[174.942719,-40.970636],[174.609386,-41.291925],[174.865571,-41.419529],[175.181814,-41.417901],[175.330333,-41.609796],[175.966807,-41.247003],[176.347992,-40.696547],[176.83725,-40.177911],[177.036388,-39.753595],[176.953712,-39.607513]]]]},"properties":{"name":"New Zealand","ISO3166-1-Alpha-3":"NZL","ISO3166-1-Alpha-2":"NZ"}},
{"type":"Feature","geometry":{"type":"MultiPolygon","coordinates":[[[[167.432302,-21.027765],[167.185313,-20.788181],[167.067393,-20.996352],[167.432302,-21.027765]]],[[[167.034434,-22.237481],[166.938813,-22.079848],[166.573416,-21.874933],[166.411306,-21.705499],[165.406749,-21.055434],[165.21754,-20.764418],[165.061534,-20.734063],[164.495616,-20.300226],[164.132498,-20.300958],[164.365571,-20.758071],[164.800792,-21.082208],[164.920421,-21.285089],[165.290782,-21.576755],[165.677745,-21.761407],[166.478363,-22.287205],[166.911632,-22.385024],[167.034434,-22.237481]]]]},"properties":{"name":"New Caledonia","ISO3166-1-Alpha-3":"NCL","ISO3166-1-Alpha-2":"NC"}},
{"type":"Feature","geometry":{"type":"Polygon","coordinates":[[[44.254731,-20.376072],[43.901541,-20.882908],[43.812755,-21.224298],[43.472667,-21.405206],[43.472667,-21.672052],[43.336192,-21.768813],[43.222911,-22.254815],[43.3567,-22.829685],[43.583181,-23.07586],[43.628591,-23.339288],[43.656261,-24.185317],[43.839854,-24.505792],[44.028819,-24.998956],[44.369477,-25.256768],[44.834727,-25.344008],[45.136078,-25.584161],[45.492198,-25.573663],[46.237641,-25.198175],[46.653656,-25.183852],[46.964692,-25.065688],[47.137462,-24.909275],[47.33839,-24.324314],[47.568696,-23.852634],[47.833832,-22.900974],[47.900645,-22.481134],[48.201834,-21.796157],[48.455577,-21.014093],[48.562266,-20.577081],[48.823741,-19.902765],[49.076915,-19.065606],[49.359223,-18.424005],[49.50408,-17.663018],[49.431326,-17.283868],[49.723155,-16.708103],[49.849457,-16.552423],[49.845714,-16.212091],[49.702647,-16.115004],[49.733735,-15.905694],[49.638438,-15.54461],[49.901134,-15.422296],[50.03891,-15.85947],[50.241547,-15.958266],[50.429861,-15.600274],[50.503917,-15.316176],[50.283702,-14.879164],[50.190929,-14.456638],[50.142914,-13.783136],[49.972667,-13.331313],[49.864268,-12.880466],[49.563243,-12.616795],[49.539399,-12.378188],[49.349376,-12.298517],[49.322602,-12.000095],[48.98463,-12.333429],[48.866222,-12.63714],[48.955333,-12.8117],[48.747406,-13.411554],[48.427582,-13.524184],[48.181326,-13.746759],[48.031261,-13.517185],[47.875824,-13.784275],[48.04477,-14.151625],[47.814464,-14.215997],[47.709483,-14.369561],[47.75294,-14.600518],[47.482432,-15.080255],[47.291759,-14.923435],[47.057872,-15.216241],[46.879405,-15.22503],[46.332693,-15.630141],[46.015798,-15.79225],[45.693858,-15.783136],[45.638357,-15.943048],[45.266368,-15.923923],[44.854259,-16.225356],[44.45281,-16.1867],[44.430675,-16.700372],[43.943126,-17.455743],[44.035655,-17.769464],[44.049653,-18.426528],[44.257335,-18.803888],[44.22755,-19.05462],[44.459646,-19.417657],[44.37086,-19.774021],[44.47934,-19.912774],[44.254731,-20.376072]]]},"properties":{"name":"Madagascar","ISO3166-1-Alpha-3":"MDG","ISO3166-1-Alpha-2":"MG"}},
{"type":"Feature","geometry":{"type":"MultiPolygon","coordinates":[[[[126.569184,7.301093],[126.582856,7.719428],[126.406098,7.833238],[126.463064,8.229926],[126.300059,8.768297],[126.312755,8.956244],[125.934093,9.492336],[125.398692,9.681057],[125.542003,9.189195],[125.462169,8.985175],[124.915294,8.994127],[124.780772,8.949123],[124.753184,8.50023],[124.405772,8.607896],[124.23227,8.212877],[123.873709,8.10517],[123.866059,8.364325],[123.7588,8.607489],[123.477794,8.695299],[123.331065,8.546617],[123.055431,8.50495],[122.924571,8.150133],[122.292247,8.009914],[122.128917,7.815009],[122.046886,7.301093],[121.898936,7.057196],[122.15447,6.928127],[122.443858,7.608588],[122.59669,7.76142],[122.814708,7.743354],[122.83074,7.549791],[122.995616,7.467271],[123.485688,7.66356],[123.586925,7.839342],[124.065196,7.602729],[124.246755,7.40412],[124.02947,7.115139],[123.965505,6.821275],[124.054942,6.43769],[124.245779,6.18651],[124.596202,5.998928],[125.181163,5.798326],[125.387543,5.573798],[125.667328,5.950141],[125.706554,6.149726],[125.573578,6.516913],[125.388927,6.768297],[125.656912,7.237047],[125.806895,7.351142],[125.976817,6.939602],[126.079112,6.842515],[126.47641,7.06623],[126.569184,7.301093]]],[[[122.297211,18.403876],[121.97462,18.286038],[121.613292,18.35932],[121.106781,18.642727],[120.611095,18.53856],[120.333832,17.556383],[120.441742,17.367987],[120.427257,16.9619],[120.276134,16.611884],[120.40211,16.165473],[120.185313,16.033393],[119.901866,16.2508],[119.755707,16.203437],[119.878917,15.91474],[120.090099,14.794338],[120.539317,14.702826],[120.830089,14.763617],[120.970388,14.501899],[120.58725,14.200263],[120.745942,13.933783],[121.278819,13.595038],[121.48463,13.851793],[121.724864,13.969143],[122.118419,13.752102],[122.50115,13.368069],[122.51588,13.934394],[122.739024,13.818305],[122.814708,13.653795],[123.168793,13.449205],[123.441254,13.036851],[123.819102,12.831855],[123.878591,12.645209],[124.095225,12.557074],[124.081554,13.009508],[123.749522,13.154731],[123.794607,13.308417],[123.528494,13.626776],[123.937755,13.784003],[123.477794,13.950507],[123.108246,13.722113],[123.012218,14.105699],[122.752696,14.332221],[122.470958,14.345893],[121.93629,13.995185],[121.731619,14.188218],[121.594493,14.859198],[121.379161,15.308173],[121.636567,15.72248],[121.57781,15.932074],[121.752289,16.07689],[122.203868,16.263821],[122.529063,17.090522],[122.435395,17.292426],[122.25115,17.360175],[122.156586,17.619289],[122.180024,18.120754],[122.297211,18.403876]]],[[[122.296723,6.633246],[122.066661,6.740709],[121.839203,6.668931],[121.96225,6.404853],[122.18865,6.451077],[122.296723,6.633246]]],[[[124.565278,9.870754],[124.588634,10.023871],[124.184581,10.144477],[123.886078,9.914862],[123.937511,9.617499],[124.2942,9.606757],[124.565278,9.870754]]],[[[123.574474,10.830959],[123.213552,10.996405],[122.966319,10.87637],[122.823904,10.532864],[122.878917,10.118069],[122.707774,9.986396],[122.47462,9.974351],[122.395193,9.836615],[122.599457,9.432685],[122.869395,9.322659],[123.033214,9.035305],[123.230154,9.107611],[123.321137,9.343166],[123.197602,9.487128],[123.156749,9.867621],[123.574474,10.830959]]],[[[124.047374,10.834052],[123.849294,10.752631],[123.383311,9.942694],[123.314301,9.507636],[123.488292,9.566474],[123.808116,10.23664],[124.04005,10.484361],[124.047374,10.834052]]],[[[119.671886,10.552558],[119.504568,10.970893],[119.278087,10.508205],[118.822276,10.194525],[118.530528,9.774237],[118.34547,9.636176],[118.126964,9.337836],[117.90447,9.261217],[117.655528,9.057929],[117.291515,8.640815],[117.773692,8.70307],[118.013682,8.8876],[118.132091,9.126654],[118.497895,9.313666],[118.725352,9.631293],[118.750499,9.887519],[119.1963,10.056342],[119.355968,10.328843],[119.563243,10.373481],[119.671886,10.552558]]],[[[125.273936,10.323188],[125.194102,10.602973],[125.006114,10.797349],[125.053071,10.968207],[124.984141,11.381334],[124.404307,11.30268],[124.396821,10.953803],[124.622325,11.002021],[124.778819,10.821438],[124.738943,10.395453],[124.882823,10.134955],[125.273936,10.323188]]],[[[123.170421,11.48078],[122.900727,11.437934],[122.622325,11.508734],[122.38795,11.727444],[121.963715,11.933905],[121.864757,11.762641],[122.107188,11.657945],[122.045095,11.017401],[121.937022,10.775702],[122.039561,10.46662],[122.226573,10.642239],[122.589854,10.698717],[122.78004,10.956936],[123.014903,11.09162],[123.170421,11.48078]]],[[[120.347504,12.029486],[120.021495,12.253119],[119.98406,12.025702],[120.347504,12.029486]]],[[[125.712738,11.148749],[125.566173,11.268134],[125.470876,11.602607],[125.500499,12.248603],[125.16627,12.578111],[124.67921,12.515937],[124.276215,12.533271],[124.390798,12.221869],[124.679861,12.029731],[125.000173,11.624823],[125.00294,11.419745],[125.214122,11.131537],[125.712738,11.148749]]],[[[124.054942,11.799791],[124.040294,11.988105],[123.882335,12.212795],[123.44809,12.512397],[123.273448,12.423651],[123.711681,11.954413],[124.054942,11.799791]]],[[[121.526134,12.704495],[121.430512,13.22427],[120.950206,13.530341],[120.56544,13.513129],[120.479991,13.3015],[120.758311,13.002387],[120.797862,12.729438],[121.131684,12.241767],[121.425304,12.384223],[121.526134,12.704495]]],[[[124.417979,13.872952],[124.124522,14.049384],[124.170177,13.529771],[124.389985,13.711575],[124.417979,13.872952]]],[[[121.381602,6.005683],[121.042247,6.097113],[121.081065,5.88817],[121.381602,6.005683]]]]},"properties":{"name":"Philippines","ISO3166-1-Alpha-3":"PHL","ISO3166-1-Alpha-2":"PH"}},
{"type":"Feature","geometry":{"type":"Polygon","coordinates":[[[81.875987,7.091946],[81.880707,7.327094],[81.696788,7.752997],[81.448497,8.127997],[81.365733,8.482164],[80.930675,9.020982],[80.744395,9.359687],[80.226817,9.829576],[79.988455,9.822943],[80.272227,9.504136],[80.052989,9.391547],[80.115977,9.233832],[79.947113,8.948676],[79.763845,7.990139],[79.863048,6.807196],[80.10377,6.127143],[80.247569,6.009182],[80.590831,5.923733],[81.362071,6.225409],[81.681488,6.462144],[81.775645,6.610419],[81.875987,7.091946]]]},"properties":{"name":"Sri Lanka","ISO3166-1-Alpha-3":"LKA","ISO3166-1-Alpha-2":"LK"}},
{"type":"Feature","geometry":null,"properties":{"name":"Curaçao","ISO3166-1-Alpha-3":"CUW","ISO3166-1-Alpha-2":"CW"}},
{"type":"Feature","geometry":null,"properties":{"name":"Aruba","ISO3166-1-Alpha-3":"ABW","ISO3166-1-Alpha-2":"AW"}},
{"type":"Feature","geometry":{"type":"MultiPolygon","coordinates":[[[[-73.647071,21.061555],[-73.492614,20.924457],[-73.129821,20.993663],[-73.398183,21.22484],[-73.647071,21.061555]]],[[[-77.524973,23.933051],[-77.67516,24.302965],[-77.942047,24.096869],[-77.812856,23.876654],[-77.524973,23.933051]]],[[[-78.353586,24.659247],[-78.063303,24.31623],[-77.718739,24.499823],[-77.737213,24.700181],[-77.986562,25.012885],[-78.157704,25.00019],[-78.353586,24.659247]]]]},"properties":{"name":"The Bahamas","ISO3166-1-Alpha-3":"BHS","ISO3166-1-Alpha-2":"BS"}},
{"type":"Feature","geometry":null,"properties":{"name":"Turks and Caicos Islands","ISO3166-1-Alpha-3":"TCA","ISO3166-1-Alpha-2":"TC"}},
{"type":"Feature","geometry":{"type":"Polygon","coordinates":[[[121.905772,24.9501],[121.892833,25.113674],[121.597911,25.27143],[121.059337,25.050238],[120.847504,24.710842],[120.702159,24.607001],[120.18922,23.774807],[120.059418,23.151028],[120.331228,22.519721],[120.621267,22.295071],[120.704356,21.981391],[120.841563,21.925482],[120.948253,22.526801],[121.400076,23.145494],[121.662852,24.193101],[121.855968,24.550523],[121.905772,24.9501]]]},"properties":{"name":"Taiwan","ISO3166-1-Alpha-3":"TWN","ISO3166-1-Alpha-2":"CN-TW"}},
{"type":"Feature","geometry":{"type":"MultiPolygon","coordinates":[[[[131.65979,32.47682],[131.982188,32.888902],[131.872244,33.200344],[131.710862,33.270176],[131.729538,33.580236],[131.081309,33.634955],[130.992929,33.897665],[130.684418,33.934231],[130.454356,33.807685],[130.390866,33.604874],[130.055294,33.495226],[129.854579,33.532854],[129.632403,32.979107],[129.894929,32.662689],[130.093789,32.79486],[130.131946,33.101972],[130.422211,33.082587],[130.641287,32.607489],[130.331879,32.128607],[130.179861,32.093451],[130.171431,31.790137],[130.336192,31.626166],[130.222205,31.2463],[130.924001,31.112982],[131.104015,31.328843],[131.34547,31.394965],[131.447276,31.876899],[131.65979,32.47682]]],[[[134.689789,33.82807],[134.628266,34.177924],[134.153005,34.385728],[133.672618,34.223131],[133.510997,33.965237],[133.127011,33.933291],[132.769862,33.99627],[132.676606,33.715644],[132.381114,33.466051],[132.536829,33.242584],[132.472272,32.933672],[132.623377,32.799496],[132.91505,32.777981],[133.269379,33.346869],[133.739397,33.537507],[133.925205,33.493693],[134.190255,33.248329],[134.273205,33.508004],[134.689789,33.82807]]],[[[133.422211,34.445014],[133.983165,34.528632],[134.326671,34.704332],[134.744395,34.766547],[135.045769,34.624967],[135.341267,34.70851],[135.414379,34.558125],[135.105031,34.318117],[135.187022,34.135932],[135.065454,33.885572],[135.391612,33.713568],[135.444835,33.550849],[135.765571,33.481545],[135.959871,33.593088],[136.299001,34.154283],[136.52296,34.273098],[136.846446,34.307563],[136.916026,34.433987],[136.519542,34.680854],[136.65919,34.983954],[136.915564,34.77596],[137.297928,34.797191],[137.427557,34.667746],[137.792166,34.63939],[138.215989,34.712283],[138.554082,35.096069],[138.803332,35.121909],[138.744001,34.728892],[138.835297,34.595893],[139.14088,34.870551],[139.145957,35.235227],[139.526603,35.302037],[139.778575,35.501858],[139.867686,35.013332],[140.394195,35.196592],[140.483467,35.565991],[140.841645,35.742418],[140.646034,36.01332],[140.564107,36.283096],[140.804373,36.885972],[140.960297,36.966213],[141.04184,37.377143],[140.93336,37.889228],[141.09783,38.371527],[141.471446,38.435736],[141.638357,38.985419],[141.908865,39.109768],[141.905284,39.330471],[142.069347,39.540473],[141.949555,39.996568],[141.743777,40.383922],[141.437387,40.670141],[141.390817,41.161011],[141.276096,41.353196],[140.907102,41.500799],[140.798155,41.128578],[141.27048,41.185204],[141.185249,40.911215],[140.673025,40.895575],[140.642666,41.171379],[140.332779,41.237153],[140.270763,40.812405],[139.860362,40.608791],[140.024263,40.355016],[139.822113,39.961086],[140.027599,39.82453],[140.048577,39.50467],[139.773844,38.817117],[139.599215,38.648254],[139.432384,38.169135],[138.857677,37.827826],[138.550629,37.377916],[138.244895,37.183789],[137.427108,36.922011],[137.333344,36.762726],[137.005544,36.835924],[137.108721,37.28345],[136.749094,37.357917],[136.670259,37.149957],[136.760555,36.870599],[136.430186,36.432522],[136.134845,36.224552],[135.957286,35.973131],[136.099457,35.775702],[135.981668,35.643638],[135.45239,35.571781],[135.226846,35.772321],[134.927013,35.641181],[134.536987,35.672203],[134.237765,35.546651],[133.417412,35.456543],[133.105353,35.597517],[132.635359,35.440955],[132.408085,35.175051],[131.858409,34.714504],[131.596872,34.659589],[131.414317,34.423977],[131.074718,34.42475],[130.861583,34.112738],[131.272227,33.926825],[131.741466,34.05622],[132.057791,33.89525],[132.213227,33.989651],[132.222504,34.238959],[132.496837,34.362494],[133.165782,34.292304],[133.422211,34.445014]]],[[[145.767426,43.387274],[145.321625,43.276272],[145.074718,43.75373],[144.831228,43.942206],[144.430431,43.942572],[144.215099,44.111477],[143.783214,44.100653],[142.981456,44.586493],[141.96046,45.51024],[141.692149,45.402289],[141.586436,45.164374],[141.791759,44.596991],[141.655447,44.276923],[141.640636,43.937934],[141.337413,43.712836],[141.440115,43.361721],[141.169119,43.140855],[140.809906,43.19245],[140.487153,43.372382],[140.338064,43.210517],[140.52711,43.015448],[140.260753,42.760972],[139.876964,42.663398],[139.787446,42.246772],[140.14503,41.982652],[139.983653,41.560492],[140.208995,41.401109],[140.641612,41.81509],[140.974294,41.913764],[140.713552,42.13349],[140.291759,42.259589],[140.38087,42.505072],[140.733653,42.564154],[141.016775,42.316107],[141.427745,42.564399],[141.726085,42.617174],[142.167752,42.459859],[142.459972,42.271308],[143.25294,41.941881],[143.348969,42.319159],[143.638845,42.661078],[144.042003,42.926581],[144.323009,43.002631],[144.741954,42.924221],[145.125499,43.120063],[145.5171,43.174994],[145.767426,43.387274]]]]},"properties":{"name":"Japan","ISO3166-1-Alpha-3":"JPN","ISO3166-1-Alpha-2":"JP"}},
{"type":"Feature","geometry":null,"properties":{"name":"Saint Pierre and Miquelon","ISO3166-1-Alpha-3":"SPM","ISO3166-1-Alpha-2":"PM"}},
{"type":"Feature","geometry":{"type":"Polygon","coordinates":[[[-14.563629,66.384508],[-14.839752,66.391832],[-15.419667,66.172309],[-16.022939,66.536607],[-16.543324,66.506985],[-16.48705,66.189521],[-17.419342,65.994045],[-17.91275,66.152289],[-18.69225,66.169989],[-19.362701,66.088365],[-19.65038,65.76496],[-20.030588,66.083441],[-20.448883,66.029446],[-20.263295,65.744534],[-21.369862,65.487128],[-21.318512,65.987779],[-22.850331,66.466986],[-23.792592,66.07038],[-24.196685,65.501166],[-23.897532,65.404608],[-22.925771,65.573188],[-22.199208,65.432318],[-22.674428,65.007554],[-24.060048,64.891059],[-23.833567,64.725898],[-23.246246,64.830471],[-22.319651,64.753852],[-22.391021,64.637844],[-21.962636,64.297309],[-21.963368,64.082261],[-22.336415,63.863186],[-21.168324,63.875556],[-20.185699,63.54442],[-18.732045,63.396715],[-17.964955,63.522528],[-17.86026,63.737006],[-16.895823,63.807766],[-15.992055,64.144477],[-14.995473,64.2626],[-14.510487,64.442328],[-14.493479,64.658271],[-14.048451,64.719713],[-13.526967,65.055487],[-13.609609,65.514228],[-14.822987,65.815863],[-15.075999,66.049628],[-14.959137,66.296454],[-14.563629,66.384508]]]},"properties":{"name":"Iceland","ISO3166-1-Alpha-3":"ISL","ISO3166-1-Alpha-2":"IS"}},
{"type":"Feature","geometry":null,"properties":{"name":"Pitcairn Islands","ISO3166-1-Alpha-3":"PCN","ISO3166-1-Alpha-2":"PN"}},
{"type":"Feature","geometry":{"type":"Polygon","coordinates":[[[-149.183461,-17.731215],[-149.354115,-17.540134],[-149.604319,-17.525811],[-149.587514,-17.731215],[-149.183461,-17.731215]]]},"properties":{"name":"French Polynesia","ISO3166-1-Alpha-3":"PYF","ISO3166-1-Alpha-2":"PF"}},
{"type":"Feature","geometry":{"type":"Polygon","coordinates":[[[70.548839,-49.183201],[70.27296,-49.07643],[69.71225,-49.306817],[69.214529,-49.12127],[69.083751,-48.973403],[68.755544,-49.047621],[68.901703,-49.431085],[69.114513,-49.603123],[70.12322,-49.713556],[70.139903,-49.3388],[70.463878,-49.356622],[70.548839,-49.183201]]]},"properties":{"name":"French Southern and Antarctic Lands","ISO3166-1-Alpha-3":"ATF","ISO3166-1-Alpha-2":"TF"}},
{"type":"Feature","geometry":null,"properties":{"name":"Seychelles","ISO3166-1-Alpha-3":"SYC","ISO3166-1-Alpha-2":"SC"}},
{"type":"Feature","geometry":null,"properties":{"name":"Kiribati","ISO3166-1-Alpha-3":"KIR","ISO3166-1-Alpha-2":"KI"}},
{"type":"Feature","geometry":null,"properties":{"name":"Marshall Islands","ISO3166-1-Alpha-3":"MHL","ISO3166-1-Alpha-2":"MH"}},
{"type":"Feature","geometry":{"type":"Polygon","coordinates":[[[-61.002268,10.699368],[-60.948842,10.845282],[-61.602122,10.747748],[-61.472279,10.594875],[-61.458363,10.302191],[-61.637034,10.057807],[-61.19164,10.073798],[-60.996002,10.138251],[-61.002268,10.699368]]]},"properties":{"name":"Trinidad and Tobago","ISO3166-1-Alpha-3":"TTO","ISO3166-1-Alpha-2":"TT"}},
{"type":"Feature","geometry":null,"properties":{"name":"Grenada","ISO3166-1-Alpha-3":"GRD","ISO3166-1-Alpha-2":"GD"}},
{"type":"Feature","geometry":null,"properties":{"name":"Saint Vincent and the Grenadines","ISO3166-1-Alpha-3":"VCT","ISO3166-1-Alpha-2":"VC"}},
{"type":"Feature","geometry":null,"properties":{"name":"Barbados","ISO3166-1-Alpha-3":"BRB","ISO3166-1-Alpha-2":"BB"}},
{"type":"Feature","geometry":null,"properties":{"name":"Saint Lucia","ISO3166-1-Alpha-3":"LCA","ISO3166-1-Alpha-2":"LC"}},
{"type":"Feature","geometry":{"type":"Polygon","coordinates":[[[-61.362864,15.201809],[-61.256663,15.285346],[-61.307688,15.57925],[-61.488922,15.535712],[-61.362864,15.201809]]]},"properties":{"name":"Dominica","ISO3166-1-Alpha-3":"DMA","ISO3166-1-Alpha-2":"DM"}},
{"type":"Feature","geometry":null,"properties":{"name":"United States Minor Outlying Islands","ISO3166-1-Alpha-3":"UMI","ISO3166-1-Alpha-2":"UM"}},
{"type":"Feature","geometry":null,"properties":{"name":"Montserrat","ISO3166-1-Alpha-3":"MSR","ISO3166-1-Alpha-2":"MS"}},
{"type":"Feature","geometry":null,"properties":{"name":"Antigua and Barbuda","ISO3166-1-Alpha-3":"ATG","ISO3166-1-Alpha-2":"AG"}},
{"type":"Feature","geometry":null,"properties":{"name":"Saint Kitts and Nevis","ISO3166-1-Alpha-3":"KNA","ISO3166-1-Alpha-2":"KN"}},
{"type":"Feature","geometry":null,"properties":{"name":"United States Virgin Islands","ISO3166-1-Alpha-3":"VIR","ISO3166-1-Alpha-2":"VI"}},
{"type":"Feature","geometry":null,"properties":{"name":"Saint Barthelemy","ISO3166-1-Alpha-3":"BLM","ISO3166-1-Alpha-2":"BL"}},
{"type":"Feature","geometry":{"type":"Polygon","coordinates":[[[-65.628814,18.279202],[-65.988881,18.46308],[-67.101715,18.522773],[-67.270842,18.361826],[-67.151858,18.203392],[-67.214771,17.966335],[-66.76594,17.984361],[-66.163238,17.929145],[-65.830269,18.026907],[-65.628814,18.279202]]]},"properties":{"name":"Puerto Rico","ISO3166-1-Alpha-3":"PRI","ISO3166-1-Alpha-2":"PR"}},
{"type":"Feature","geometry":null,"properties":{"name":"Anguilla","ISO3166-1-Alpha-3":"AIA","ISO3166-1-Alpha-2":"AI"}},
{"type":"Feature","geometry":null,"properties":{"name":"British Virgin Islands","ISO3166-1-Alpha-3":"VGB","ISO3166-1-Alpha-2":"VG"}},
{"type":"Feature","geometry":{"type":"Polygon","coordinates":[[[-76.263743,18.012356],[-76.351145,18.155992],[-76.764638,18.273017],[-76.894919,18.409251],[-77.902333,18.518785],[-78.194976,18.455471],[-78.340728,18.221869],[-78.075185,18.198432],[-77.723866,17.853583],[-77.441029,17.864651],[-77.216054,17.716702],[-76.955312,17.833441],[-76.849967,17.992276],[-76.523549,17.860256],[-76.263743,18.012356]]]},"properties":{"name":"Jamaica","ISO3166-1-Alpha-3":"JAM","ISO3166-1-Alpha-2":"JM"}},
{"type":"Feature","geometry":null,"properties":{"name":"Cayman Islands","ISO3166-1-Alpha-3":"CYM","ISO3166-1-Alpha-2":"KY"}},
{"type":"Feature","geometry":null,"properties":{"name":"Bermuda","ISO3166-1-Alpha-3":"BMU","ISO3166-1-Alpha-2":"BM"}},
{"type":"Feature","geometry":null,"properties":{"name":"Heard Island and McDonald Islands","ISO3166-1-Alpha-3":"HMD","ISO3166-1-Alpha-2":"HM"}},
{"type":"Feature","geometry":null,"properties":{"name":"Saint Helena","ISO3166-1-Alpha-3":"SHN","ISO3166-1-Alpha-2":"SH"}},
{"type":"Feature","geometry":{"type":"Polygon","coordinates":[[[57.795746,-20.222752],[57.532481,-20.024835],[57.357758,-20.427423],[57.672211,-20.479669],[57.795746,-20.222752]]]},"properties":{"name":"Mauritius","ISO3166-1-Alpha-3":"MUS","ISO3166-1-Alpha-2":"MU"}},
{"type":"Feature","geometry":null,"properties":{"name":"Comoros","ISO3166-1-Alpha-3":"COM","ISO3166-1-Alpha-2":"KM"}},
{"type":"Feature","geometry":null,"properties":{"name":"São Tomé and Principe","ISO3166-1-Alpha-3":"STP","ISO3166-1-Alpha-2":"ST"}},
{"type":"Feature","geometry":null,"properties":{"name":"Cabo Verde","ISO3166-1-Alpha-3":"CPV","ISO3166-1-Alpha-2":"CV"}},
{"type":"Feature","geometry":null,"properties":{"name":"Malta","ISO3166-1-Alpha-3":"MLT","ISO3166-1-Alpha-2":"MT"}},
{"type":"Feature","geometry":null,"properties":{"name":"Jersey","ISO3166-1-Alpha-3":"JEY","ISO3166-1-Alpha-2":"JE"}},
{"type":"Feature","geometry":null,"properties":{"name":"Guernsey","ISO3166-1-Alpha-3":"GGY","ISO3166-1-Alpha-2":"GG"}},
{"type":"Feature","geometry":null,"properties":{"name":"Isle of Man","ISO3166-1-Alpha-3":"IMN","ISO3166-1-Alpha-2":"IM"}},
{"type":"Feature","geometry":null,"properties":{"name":"Aland","ISO3166-1-Alpha-3":"ALA","ISO3166-1-Alpha-2":"AX"}},
{"type":"Feature","geometry":null,"properties":{"name":"Faroe Islands","ISO3166-1-Alpha-3":"FRO","ISO3166-1-Alpha-2":"FO"}},
{"type":"Feature","geometry":null,"properties":{"name":"Indian Ocean Territories","ISO3166-1-Alpha-3":"-99","ISO3166-1-Alpha-2":"-99"}},
{"type":"Feature","geometry":null,"properties":{"name":"British Indian Ocean Territory","ISO3166-1-Alpha-3":"IOT","ISO3166-1-Alpha-2":"IO"}},
{"type":"Feature","geometry":null,"properties":{"name":"Singapore","ISO3166-1-Alpha-3":"SGP","ISO3166-1-Alpha-2":"SG"}},
{"type":"Feature","geometry":null,"properties":{"name":"Norfolk Island","ISO3166-1-Alpha-3":"NFK","ISO3166-1-Alpha-2":"NF"}},
{"type":"Feature","geometry":null,"properties":{"name":"Cook Islands","ISO3166-1-Alpha-3":"COK","ISO3166-1-Alpha-2":"CK"}},
{"type":"Feature","geometry":null,"properties":{"name":"Tonga","ISO3166-1-Alpha-3":"TON","ISO3166-1-Alpha-2":"TO"}},
{"type":"Feature","geometry":null,"properties":{"name":"Wallis and Futuna","ISO3166-1-Alpha-3":"WLF","ISO3166-1-Alpha-2":"WF"}},
{"type":"Feature","geometry":{"type":"Polygon","coordinates":[[[-172.201039,-13.592543],[-172.36616,-13.462823],[-172.749745,-13.578302],[-172.523183,-13.805352],[-172.297556,-13.769789],[-172.201039,-13.592543]]]},"properties":{"name":"Samoa","ISO3166-1-Alpha-3":"WSM","ISO3166-1-Alpha-2":"WS"}},
{"type":"Feature","geometry":{"type":"MultiPolygon","coordinates":[[[[162.374848,-10.823663],[162.113617,-10.456476],[161.510997,-10.364923],[161.524669,-10.564223],[161.792166,-10.734959],[162.374848,-10.823663]]],[[[160.826345,-9.837335],[160.785411,-9.727472],[160.366384,-9.412774],[159.939708,-9.432875],[159.708995,-9.247735],[159.599132,-9.512384],[159.835623,-9.793878],[160.320323,-9.815118],[160.644786,-9.937107],[160.826345,-9.837335]]],[[[161.360688,-9.617608],[161.151134,-8.94964],[160.946625,-8.813735],[160.996837,-8.603774],[160.746593,-8.309666],[160.593516,-8.384942],[160.867931,-9.152114],[161.237153,-9.447524],[161.360688,-9.617608]]],[[[157.797374,-8.562433],[157.74586,-8.228692],[157.382823,-8.031508],[157.228201,-8.316664],[157.567068,-8.2763],[157.797374,-8.562433]]],[[[156.80714,-7.720147],[156.504161,-7.63006],[156.659679,-7.939223],[156.80714,-7.720147]]],[[[159.859386,-8.511326],[159.842052,-8.325616],[159.402599,-7.982354],[159.085704,-7.903578],[158.653982,-7.561293],[158.580089,-7.740818],[158.845714,-7.973403],[159.859386,-8.511326]]],[[[157.529796,-7.333185],[157.302745,-7.266371],[157.042654,-6.897149],[156.487804,-6.60296],[156.461111,-6.733331],[156.687022,-6.897149],[156.927745,-7.208754],[157.441742,-7.414239],[157.529796,-7.333185]]]]},"properties":{"name":"Solomon Islands","ISO3166-1-Alpha-3":"SLB","ISO3166-1-Alpha-2":"SB"}},
{"type":"Feature","geometry":null,"properties":{"name":"Tuvalu","ISO3166-1-Alpha-3":"TUV","ISO3166-1-Alpha-2":"TV"}},
{"type":"Feature","geometry":null,"properties":{"name":"Maldives","ISO3166-1-Alpha-3":"MDV","ISO3166-1-Alpha-2":"MV"}},
{"type":"Feature","geometry":null,"properties":{"name":"Nauru","ISO3166-1-Alpha-3":"NRU","ISO3166-1-Alpha-2":"NR"}},
{"type":"Feature","geometry":null,"properties":{"name":"Federated States of Micronesia","ISO3166-1-Alpha-3":"FSM","ISO3166-1-Alpha-2":"FM"}},
{"type":"Feature","geometry":{"type":"Polygon","coordinates":[[[-35.908803,-54.68727],[-36.041982,-54.463962],[-36.621571,-54.119806],[-37.169667,-54.044041],[-37.388092,-54.147719],[-36.813385,-54.445001],[-36.463287,-54.53753],[-36.101796,-54.887465],[-35.908803,-54.68727]]]},"properties":{"name":"South Georgia and the Islands","ISO3166-1-Alpha-3":"SGS","ISO3166-1-Alpha-2":"GS"}},
{"type":"Feature","geometry":{"type":"MultiPolygon","coordinates":[[[[-59.632395,-51.741306],[-59.255971,-51.387384],[-59.748525,-51.447035],[-60.029612,-51.392511],[-60.248769,-51.611586],[-60.610178,-51.742771],[-60.399892,-51.916599],[-60.88679,-52.036228],[-60.53661,-52.217055],[-60.259877,-51.985447],[-59.871734,-51.948989],[-59.632395,-51.741306]]],[[[-57.816233,-51.693536],[-57.906402,-51.376642],[-58.329091,-51.416274],[-58.481435,-51.300958],[-59.084299,-51.40602],[-59.100697,-51.621759],[-59.581288,-51.91131],[-59.385976,-52.111912],[-58.604482,-52.002048],[-58.144399,-51.762302],[-57.816233,-51.693536]]]]},"properties":{"name":"Falkland Islands","ISO3166-1-Alpha-3":"FLK","ISO3166-1-Alpha-2":"FK"}},
{"type":"Feature","geometry":{"type":"MultiPolygon","coordinates":[[[[169.336599,-18.934828],[169.152354,-18.636326],[168.987315,-18.87656],[169.336599,-18.934828]]],[[[168.549571,-17.691013],[168.323009,-17.532647],[168.178966,-17.656183],[168.396007,-17.8235],[168.549571,-17.691013]]],[[[167.812511,-16.419529],[167.397634,-16.087091],[167.458751,-16.567966],[167.812511,-16.419529]]],[[[167.140636,-15.535577],[167.191742,-15.305597],[167.056814,-15.002048],[166.801768,-15.152276],[166.737315,-14.829522],[166.522634,-14.832127],[166.650076,-15.264744],[166.616059,-15.385024],[166.793142,-15.656345],[167.140636,-15.535577]]]]},"properties":{"name":"Vanuatu","ISO3166-1-Alpha-3":"VUT","ISO3166-1-Alpha-2":"VU"}},
{"type":"Feature","geometry":null,"properties":{"name":"Niue","ISO3166-1-Alpha-3":"NIU","ISO3166-1-Alpha-2":"NU"}},
{"type":"Feature","geometry":null,"properties":{"name":"American Samoa","ISO3166-1-Alpha-3":"ASM","ISO3166-1-Alpha-2":"AS"}},
{"type":"Feature","geometry":null,"properties":{"name":"Palau","ISO3166-1-Alpha-3":"PLW","ISO3166-1-Alpha-2":"PW"}},
{"type":"Feature","geometry":null,"properties":{"name":"Guam","ISO3166-1-Alpha-3":"GUM","ISO3166-1-Alpha-2":"GU"}},
{"type":"Feature","geometry":null,"properties":{"name":"Northern Mariana Islands","ISO3166-1-Alpha-3":"MNP","ISO3166-1-Alpha-2":"MP"}},
{"type":"Feature","geometry":null,"properties":{"name":"Bahrain","ISO3166-1-Alpha-3":"BHR","ISO3166-1-Alpha-2":"BH"}},
{"type":"Feature","geometry":null,"properties":{"name":"Coral Sea Islands","ISO3166-1-Alpha-3":"-99","ISO3166-1-Alpha-2":"-99"}},
{"type":"Feature","geometry":null,"properties":{"name":"Spratly Islands","ISO3166-1-Alpha-3":"-99","ISO3166-1-Alpha-2":"-99"}},
{"type":"Feature","geometry":null,"properties":{"name":"Clipperton Island","ISO3166-1-Alpha-3":"-99","ISO3166-1-Alpha-2":"-99"}},
{"type":"Feature","geometry":null,"properties":{"name":"Macao S.A.R","ISO3166-1-Alpha-3":"MAC","ISO3166-1-Alpha-2":"MO"}},
{"type":"Feature","geometry":null,"properties":{"name":"Ashmore and Cartier Islands","ISO3166-1-Alpha-3":"-99","ISO3166-1-Alpha-2":"-99"}},
{"type":"Feature","geometry":null,"properties":{"name":"Bajo Nuevo Bank (Petrel Is.)","ISO3166-1-Alpha-3":"-99","ISO3166-1-Alpha-2":"-99"}},
{"type":"Feature","geometry":null,"properties":{"name":"Serranilla Bank","ISO3166-1-Alpha-3":"-99","ISO3166-1-Alpha-2":"-99"}},
{"type":"Feature","geometry":null,"properties":{"name":"Scarborough Reef","ISO3166-1-Alpha-3":"-99","ISO3166-1-Alpha-2":"-99"}}
]}